{
    "Breakthrough": {
        "0": {
            "accuracy": 0.3333333333333333,
            "precision": 0.33902323376007587,
            "recall": 0.3333333333333333,
            "F1": 0.3286274509803922
        },
        "1": {
            "accuracy": 0.26344086021505375,
            "precision": 0.26427639838617273,
            "recall": 0.26344086021505375,
            "F1": 0.2601851851851852
        },
        "2": {
            "accuracy": 0.26881720430107525,
            "precision": 0.2727793397896491,
            "recall": 0.26881720430107525,
            "F1": 0.2611728286212504
        },
        "3": {
            "accuracy": 0.3225806451612903,
            "precision": 0.3210876289119254,
            "recall": 0.3225806451612903,
            "F1": 0.31859389670861715
        },
        "4": {
            "accuracy": 0.3225806451612903,
            "precision": 0.3210876289119254,
            "recall": 0.3225806451612903,
            "F1": 0.31859389670861715
        }
    },
    "Cups": {
        "0": {
            "accuracy": 0.2805755395683453,
            "precision": 0.27198293313401223,
            "recall": 0.2805755395683453,
            "F1": 0.2629898693034602
        },
        "1": {
            "accuracy": 0.6330935251798561,
            "precision": 0.645587731495476,
            "recall": 0.6330935251798561,
            "F1": 0.6297253106605625
        },
        "2": {
            "accuracy": 0.6187050359712231,
            "precision": 0.621147105414208,
            "recall": 0.6187050359712231,
            "F1": 0.6178146970089962
        },
        "3": {
            "accuracy": 0.6330935251798561,
            "precision": 0.6343779406053514,
            "recall": 0.6330935251798561,
            "F1": 0.6291950067554303
        },
        "4": {
            "accuracy": 0.6330935251798561,
            "precision": 0.6343779406053514,
            "recall": 0.6330935251798561,
            "F1": 0.6291950067554303
        }
    },
    "Empire Builder": {
        "0": {
            "accuracy": 0.29850746268656714,
            "precision": 0.3009848686412675,
            "recall": 0.29850746268656714,
            "F1": 0.29870701159850377
        },
        "1": {
            "accuracy": 0.44029850746268656,
            "precision": 0.4456390807626433,
            "recall": 0.44029850746268656,
            "F1": 0.43507777567856915
        },
        "2": {
            "accuracy": 0.4925373134328358,
            "precision": 0.5136313260235645,
            "recall": 0.4925373134328358,
            "F1": 0.49507211635798215
        },
        "3": {
            "accuracy": 0.5,
            "precision": 0.5221307256819351,
            "recall": 0.5,
            "F1": 0.5008647775987547
        },
        "4": {
            "accuracy": 0.5,
            "precision": 0.5221307256819351,
            "recall": 0.5,
            "F1": 0.5008647775987547
        }
    },
    "Eson xorgol": {
        "0": {
            "accuracy": 0.4666666666666667,
            "precision": 0.48968332781639634,
            "recall": 0.4666666666666667,
            "F1": 0.44664371772805506
        },
        "1": {
            "accuracy": 0.4777777777777778,
            "precision": 0.487037037037037,
            "recall": 0.4777777777777778,
            "F1": 0.4789001122334456
        },
        "2": {
            "accuracy": 0.6333333333333333,
            "precision": 0.6444444444444445,
            "recall": 0.6333333333333333,
            "F1": 0.6343434343434343
        },
        "3": {
            "accuracy": 0.6,
            "precision": 0.6008403361344539,
            "recall": 0.6,
            "F1": 0.5991379310344828
        },
        "4": {
            "accuracy": 0.6,
            "precision": 0.6008403361344539,
            "recall": 0.6,
            "F1": 0.5991379310344828
        }
    },
    "Hex": {
        "0": {
            "accuracy": 0.2717391304347826,
            "precision": 0.23201499802819678,
            "recall": 0.2717391304347826,
            "F1": 0.24091166636177003
        },
        "1": {
            "accuracy": 0.33152173913043476,
            "precision": 0.3262899779647892,
            "recall": 0.33152173913043476,
            "F1": 0.31783230593140155
        },
        "2": {
            "accuracy": 0.358695652173913,
            "precision": 0.36011794915057627,
            "recall": 0.358695652173913,
            "F1": 0.35083214955816233
        },
        "3": {
            "accuracy": 0.33695652173913043,
            "precision": 0.3298683871147639,
            "recall": 0.33695652173913043,
            "F1": 0.32337107047860003
        },
        "4": {
            "accuracy": 0.33695652173913043,
            "precision": 0.3298683871147639,
            "recall": 0.33695652173913043,
            "F1": 0.32337107047860003
        }
    },
    "Internet Diplomacy": {
        "0": {
            "accuracy": 0.37662337662337664,
            "precision": 0.36427298192004076,
            "recall": 0.37662337662337664,
            "F1": 0.31770394108056443
        },
        "1": {
            "accuracy": 0.5584415584415584,
            "precision": 0.5578970718722271,
            "recall": 0.5584415584415584,
            "F1": 0.5569563282308757
        },
        "2": {
            "accuracy": 0.4805194805194805,
            "precision": 0.47607553736585995,
            "recall": 0.4805194805194805,
            "F1": 0.47448195005066723
        },
        "3": {
            "accuracy": 0.4935064935064935,
            "precision": 0.4926201834147861,
            "recall": 0.4935064935064935,
            "F1": 0.4921753825497141
        },
        "4": {
            "accuracy": 0.4935064935064935,
            "precision": 0.4926201834147861,
            "recall": 0.4935064935064935,
            "F1": 0.4921753825497141
        }
    },
    "Jacob\u2019s Ladder": {
        "0": {
            "accuracy": 0.5642857142857143,
            "precision": 0.6037650987224158,
            "recall": 0.5642857142857143,
            "F1": 0.5532287184573428
        },
        "1": {
            "accuracy": 0.7357142857142858,
            "precision": 0.7428536619326094,
            "recall": 0.7357142857142858,
            "F1": 0.7351806094251478
        },
        "2": {
            "accuracy": 0.75,
            "precision": 0.7723810440971458,
            "recall": 0.75,
            "F1": 0.7498358375867409
        },
        "3": {
            "accuracy": 0.8,
            "precision": 0.8069019036185903,
            "recall": 0.8,
            "F1": 0.8008243508032434
        },
        "4": {
            "accuracy": 0.8,
            "precision": 0.8069019036185903,
            "recall": 0.8,
            "F1": 0.8008243508032434
        }
    },
    "La Memoria De Nuestra Tierra (Calif. 1996)": {
        "0": {
            "accuracy": 0.373015873015873,
            "precision": 0.36871270247229326,
            "recall": 0.373015873015873,
            "F1": 0.35096108254003
        },
        "1": {
            "accuracy": 0.42063492063492064,
            "precision": 0.43930499866345896,
            "recall": 0.42063492063492064,
            "F1": 0.41719637108574775
        },
        "2": {
            "accuracy": 0.6825396825396826,
            "precision": 0.6953768453768453,
            "recall": 0.6825396825396826,
            "F1": 0.6803458670583526
        },
        "3": {
            "accuracy": 0.5952380952380952,
            "precision": 0.6144496362453422,
            "recall": 0.5952380952380952,
            "F1": 0.595224714258624
        },
        "4": {
            "accuracy": 0.5952380952380952,
            "precision": 0.6144496362453422,
            "recall": 0.5952380952380952,
            "F1": 0.595224714258624
        }
    },
    "Lamentation over the Dead Christ": {
        "0": {
            "accuracy": 0.32786885245901637,
            "precision": 0.2831021437578814,