{
    "Breakthrough": {
        "0": {
            "accuracy": 0.3333333333333333,
            "precision": 0.33902323376007587,
            "recall": 0.3333333333333333,
            "F1": 0.3286274509803922
        },
        "1": {
            "accuracy": 0.43548387096774194,
            "precision": 0.43410347822112527,
            "recall": 0.43548387096774194,
            "F1": 0.4333024066576698
        },
        "2": {
            "accuracy": 0.43548387096774194,
            "precision": 0.4367606139758038,
            "recall": 0.43548387096774194,
            "F1": 0.4299374637584192
        },
        "3": {
            "accuracy": 0.5,
            "precision": 0.5041771885521885,
            "recall": 0.5,
            "F1": 0.49635307330459616
        },
        "4": {
            "accuracy": 0.5,
            "precision": 0.5041771885521885,
            "recall": 0.5,
            "F1": 0.49635307330459616
        }
    },
    "Cups": {
        "0": {
            "accuracy": 0.2805755395683453,
            "precision": 0.27198293313401223,
            "recall": 0.2805755395683453,
            "F1": 0.2629898693034602
        },
        "1": {
            "accuracy": 0.5107913669064749,
            "precision": 0.5207008395751519,
            "recall": 0.5107913669064749,
            "F1": 0.5057509016212329
        },
        "2": {
            "accuracy": 0.6402877697841727,
            "precision": 0.6430310798815649,
            "recall": 0.6402877697841727,
            "F1": 0.6348453905756901
        },
        "3": {
            "accuracy": 0.6474820143884892,
            "precision": 0.6553100376841384,
            "recall": 0.6474820143884892,
            "F1": 0.6424522383846133
        },
        "4": {
            "accuracy": 0.6474820143884892,
            "precision": 0.6553100376841384,
            "recall": 0.6474820143884892,
            "F1": 0.6424522383846133
        }
    },
    "Empire Builder": {
        "0": {
            "accuracy": 0.29850746268656714,
            "precision": 0.3009848686412675,
            "recall": 0.29850746268656714,
            "F1": 0.29870701159850377
        },
        "1": {
            "accuracy": 0.47761194029850745,
            "precision": 0.46687743548268507,
            "recall": 0.47761194029850745,
            "F1": 0.4530488188653672
        },
        "2": {
            "accuracy": 0.47761194029850745,
            "precision": 0.5017990085972094,
            "recall": 0.47761194029850745,
            "F1": 0.46057101076108575
        },
        "3": {
            "accuracy": 0.5223880597014925,
            "precision": 0.5305370480828463,
            "recall": 0.5223880597014925,
            "F1": 0.5157587446706791
        },
        "4": {
            "accuracy": 0.5223880597014925,
            "precision": 0.5305370480828463,
            "recall": 0.5223880597014925,
            "F1": 0.5157587446706791
        }
    },
    "Eson xorgol": {
        "0": {
            "accuracy": 0.4666666666666667,
            "precision": 0.48968332781639634,
            "recall": 0.4666666666666667,
            "F1": 0.44664371772805506
        },
        "1": {
            "accuracy": 0.8,
            "precision": 0.8075980392156863,
            "recall": 0.8,
            "F1": 0.7992458183990443
        },
        "2": {
            "accuracy": 0.7777777777777778,
            "precision": 0.7813976872800402,
            "recall": 0.7777777777777778,
            "F1": 0.7771825396825397
        },
        "3": {
            "accuracy": 0.7111111111111111,
            "precision": 0.7230747371412333,
            "recall": 0.7111111111111111,
            "F1": 0.71138127682939
        },
        "4": {
            "accuracy": 0.7111111111111111,
            "precision": 0.7230747371412333,
            "recall": 0.7111111111111111,
            "F1": 0.71138127682939
        }
    },
    "Hex": {
        "0": {
            "accuracy": 0.2717391304347826,
            "precision": 0.23201499802819678,
            "recall": 0.2717391304347826,
            "F1": 0.24091166636177003
        },
        "1": {
            "accuracy": 0.391304347826087,
            "precision": 0.3904069119286511,
            "recall": 0.391304347826087,
            "F1": 0.3838288644583932
        },
        "2": {
            "accuracy": 0.3695652173913043,
            "precision": 0.36400399628561003,
            "recall": 0.3695652173913043,
            "F1": 0.3604237555135476
        },
        "3": {
            "accuracy": 0.45652173913043476,
            "precision": 0.4767217756667884,
            "recall": 0.45652173913043476,
            "F1": 0.4515649090348443
        },
        "4": {
            "accuracy": 0.45652173913043476,
            "precision": 0.4767217756667884,
            "recall": 0.45652173913043476,
            "F1": 0.4515649090348443
        }
    },
    "Internet Diplomacy": {
        "0": {
            "accuracy": 0.37662337662337664,
            "precision": 0.36427298192004076,
            "recall": 0.37662337662337664,
            "F1": 0.31770394108056443
        },
        "1": {
            "accuracy": 0.4675324675324675,
            "precision": 0.47653559031268,
            "recall": 0.4675324675324675,
            "F1": 0.46473255558001325
        },
        "2": {
            "accuracy": 0.4675324675324675,
            "precision": 0.4635880248783474,
            "recall": 0.4675324675324675,
            "F1": 0.46174958437712516
        },
        "3": {
            "accuracy": 0.4935064935064935,
            "precision": 0.5000310694090598,
            "recall": 0.4935064935064935,
            "F1": 0.4905960329689143
        },
        "4": {
            "accuracy": 0.4935064935064935,
            "precision": 0.5000310694090598,
            "recall": 0.4935064935064935,
            "F1": 0.4905960329689143
        }
    },
    "Jacob\u2019s Ladder": {
        "0": {
            "accuracy": 0.5642857142857143,
            "precision": 0.6037650987224158,
            "recall": 0.5642857142857143,
            "F1": 0.5532287184573428
        },
        "1": {
            "accuracy": 0.5785714285714286,
            "precision": 0.5836693830850418,
            "recall": 0.5785714285714286,
            "F1": 0.5770109334056203
        },
        "2": {
            "accuracy": 0.5785714285714286,
            "precision": 0.6240589569160998,
            "recall": 0.5785714285714286,
            "F1": 0.5729022393565122
        },
        "3": {
            "accuracy": 0.6714285714285714,
            "precision": 0.6968420667447307,
            "recall": 0.6714285714285714,
            "F1": 0.6709976170759325
        },
        "4": {
            "accuracy": 0.6714285714285714,
            "precision": 0.6968420667447307,
            "recall": 0.6714285714285714,
            "F1": 0.6709976170759325
        }
    },
    "La Memoria De Nuestra Tierra (Calif. 1996)": {
        "0": {
            "accuracy": 0.373015873015873,
            "precision": 0.36871270247229326,
            "recall": 0.373015873015873,
            "F1": 0.35096108254003
        },
        "1": {
            "accuracy": 0.626984126984127,
            "precision": 0.6693400167084378,
            "recall": 0.626984126984127,
            "F1": 0.6251954513148543
        },
        "2": {
            "accuracy": 0.6349206349206349,
            "precision": 0.669062565390249,
            "recall": 0.6349206349206349,
            "F1": 0.6351636224067794
        },
        "3": {
            "accuracy": 0.6349206349206349,
            "precision": 0.6677338355304457,
            "recall": 0.6349206349206349,
            "F1": 0.6351612891936065
        },
        "4": {
            "accuracy": 0.6349206349206349,
            "precision": 0.6677338355304457,
            "recall": 0.6349206349206349,
            "F1": 0.6351612891936065
        }
    },