{
    "Breakthrough": {
        "0": {
            "accuracy": 0.3333333333333333,
            "precision": 0.33902323376007587,
            "recall": 0.3333333333333333,
            "F1": 0.3286274509803922
        },
        "1": {
            "accuracy": 0.3225806451612903,
            "precision": 0.32463524130190796,
            "recall": 0.3225806451612903,
            "F1": 0.3164852165112413
        },
        "2": {
            "accuracy": 0.3172043010752688,
            "precision": 0.31688291497060156,
            "recall": 0.3172043010752688,
            "F1": 0.3165043397601537
        },
        "3": {
            "accuracy": 0.26881720430107525,
            "precision": 0.26949620427881293,
            "recall": 0.26881720430107525,
            "F1": 0.26847661665350536
        },
        "4": {
            "accuracy": 0.26881720430107525,
            "precision": 0.26949620427881293,
            "recall": 0.26881720430107525,
            "F1": 0.26847661665350536
        }
    },
    "Cups": {
        "0": {
            "accuracy": 0.2805755395683453,
            "precision": 0.27198293313401223,
            "recall": 0.2805755395683453,
            "F1": 0.2629898693034602
        },
        "1": {
            "accuracy": 0.6330935251798561,
            "precision": 0.6468099452434566,
            "recall": 0.6330935251798561,
            "F1": 0.6322768653035856
        },
        "2": {
            "accuracy": 0.6402877697841727,
            "precision": 0.6487507668283977,
            "recall": 0.6402877697841727,
            "F1": 0.6380268257176311
        },
        "3": {
            "accuracy": 0.6546762589928058,
            "precision": 0.6582801683181756,
            "recall": 0.6546762589928058,
            "F1": 0.654555797222687
        },
        "4": {
            "accuracy": 0.6546762589928058,
            "precision": 0.6582801683181756,
            "recall": 0.6546762589928058,
            "F1": 0.654555797222687
        }
    },
    "Empire Builder": {
        "0": {
            "accuracy": 0.29850746268656714,
            "precision": 0.3009848686412675,
            "recall": 0.29850746268656714,
            "F1": 0.29870701159850377
        },
        "1": {
            "accuracy": 0.47761194029850745,
            "precision": 0.4879468841688991,
            "recall": 0.47761194029850745,
            "F1": 0.47205455306306193
        },
        "2": {
            "accuracy": 0.4925373134328358,
            "precision": 0.5027684159845932,
            "recall": 0.4925373134328358,
            "F1": 0.48856347194843397
        },
        "3": {
            "accuracy": 0.47761194029850745,
            "precision": 0.482083118888317,
            "recall": 0.47761194029850745,
            "F1": 0.4742951907131011
        },
        "4": {
            "accuracy": 0.47761194029850745,
            "precision": 0.482083118888317,
            "recall": 0.47761194029850745,
            "F1": 0.4742951907131011
        }
    },
    "Eson xorgol": {
        "0": {
            "accuracy": 0.4666666666666667,
            "precision": 0.48968332781639634,
            "recall": 0.4666666666666667,
            "F1": 0.44664371772805506
        },
        "1": {
            "accuracy": 0.4666666666666667,
            "precision": 0.48011459386585775,
            "recall": 0.4666666666666667,
            "F1": 0.46347510601839886
        },
        "2": {
            "accuracy": 0.5333333333333333,
            "precision": 0.5418765661732413,
            "recall": 0.5333333333333333,
            "F1": 0.5334088299890186
        },
        "3": {
            "accuracy": 0.5444444444444444,
            "precision": 0.5518518518518518,
            "recall": 0.5444444444444444,
            "F1": 0.5445566778900113
        },
        "4": {
            "accuracy": 0.5444444444444444,
            "precision": 0.5518518518518518,
            "recall": 0.5444444444444444,
            "F1": 0.5445566778900113
        }
    },
    "Hex": {
        "0": {
            "accuracy": 0.2717391304347826,
            "precision": 0.23201499802819678,
            "recall": 0.2717391304347826,
            "F1": 0.24091166636177003
        },
        "1": {
            "accuracy": 0.3858695652173913,
            "precision": 0.3852483050076218,
            "recall": 0.3858695652173913,
            "F1": 0.3622992997303002
        },
        "2": {
            "accuracy": 0.4673913043478261,
            "precision": 0.4719953580917545,
            "recall": 0.4673913043478261,
            "F1": 0.46623931623931625
        },
        "3": {
            "accuracy": 0.4945652173913043,
            "precision": 0.5058762635488978,
            "recall": 0.4945652173913043,
            "F1": 0.4858485639885717
        },
        "4": {
            "accuracy": 0.4945652173913043,
            "precision": 0.5058762635488978,
            "recall": 0.4945652173913043,
            "F1": 0.4858485639885717
        }
    },
    "Internet Diplomacy": {
        "0": {
            "accuracy": 0.37662337662337664,
            "precision": 0.36427298192004076,
            "recall": 0.37662337662337664,
            "F1": 0.31770394108056443
        },
        "1": {
            "accuracy": 0.5584415584415584,
            "precision": 0.5841991341991342,
            "recall": 0.5584415584415584,
            "F1": 0.5482093663911846
        },
        "2": {
            "accuracy": 0.4805194805194805,
            "precision": 0.49149022081352906,
            "recall": 0.4805194805194805,
            "F1": 0.47597178528855544
        },
        "3": {
            "accuracy": 0.5324675324675324,
            "precision": 0.546006281300399,
            "recall": 0.5324675324675324,
            "F1": 0.516016131611207
        },
        "4": {
            "accuracy": 0.5324675324675324,
            "precision": 0.546006281300399,
            "recall": 0.5324675324675324,
            "F1": 0.516016131611207
        }
    },
    "Jacob\u2019s Ladder": {
        "0": {
            "accuracy": 0.5642857142857143,
            "precision": 0.6037650987224158,
            "recall": 0.5642857142857143,
            "F1": 0.5532287184573428
        },
        "1": {
            "accuracy": 0.7285714285714285,
            "precision": 0.7592578870197234,
            "recall": 0.7285714285714285,
            "F1": 0.7301808846143821
        },
        "2": {
            "accuracy": 0.7285714285714285,
            "precision": 0.7317060371186803,
            "recall": 0.7285714285714285,
            "F1": 0.7285244977485889
        },
        "3": {
            "accuracy": 0.8071428571428572,
            "precision": 0.8214014766646346,
            "recall": 0.8071428571428572,
            "F1": 0.8078950811093668
        },
        "4": {
            "accuracy": 0.8071428571428572,
            "precision": 0.8214014766646346,
            "recall": 0.8071428571428572,
            "F1": 0.8078950811093668
        }
    },
    "La Memoria De Nuestra Tierra (Calif. 1996)": {
        "0": {
            "accuracy": 0.373015873015873,
            "precision": 0.36871270247229326,
            "recall": 0.373015873015873,
            "F1": 0.35096108254003
        },
        "1": {
            "accuracy": 0.7142857142857143,
            "precision": 0.727075999769173,
            "recall": 0.7142857142857143,
            "F1": 0.7125825089581154
        },
        "2": {
            "accuracy": 0.8095238095238095,
            "precision": 0.8122914122914123,
            "recall": 0.8095238095238095,
            "F1": 0.8102130592552048
        },
        "3": {
            "accuracy": 0.8015873015873016,
            "precision": 0.8035269051180922,
            "recall": 0.8015873015873016,
            "F1": 0.8015325670498085
        },
        "4": {
            "accuracy": 0.8015873015873016,
            "precision": 0.8035269051180922,
            "recall": 0.8015873015873016,