{
    "Breakthrough": {
        "0": {
            "accuracy": 0.3333333333333333,
            "precision": 0.33902323376007587,
            "recall": 0.3333333333333333,
            "F1": 0.3286274509803922
        },
        "1": {
            "accuracy": 0.5161290322580645,
            "precision": 0.5235209235209235,
            "recall": 0.5161290322580645,
            "F1": 0.516955266955267
        },
        "2": {
            "accuracy": 0.34408602150537637,
            "precision": 0.3419871794871795,
            "recall": 0.34408602150537637,
            "F1": 0.33948619686324605
        },
        "3": {
            "accuracy": 0.45698924731182794,
            "precision": 0.46532469969969975,
            "recall": 0.45698924731182794,
            "F1": 0.45729564553093965
        },
        "4": {
            "accuracy": 0.45698924731182794,
            "precision": 0.46532469969969975,
            "recall": 0.45698924731182794,
            "F1": 0.45729564553093965
        }
    },
    "Cups": {
        "0": {
            "accuracy": 0.2805755395683453,
            "precision": 0.27198293313401223,
            "recall": 0.2805755395683453,
            "F1": 0.2629898693034602
        },
        "1": {
            "accuracy": 0.5251798561151079,
            "precision": 0.524820143884892,
            "recall": 0.5251798561151079,
            "F1": 0.5233884716786997
        },
        "2": {
            "accuracy": 0.6115107913669064,
            "precision": 0.6139881265719132,
            "recall": 0.6115107913669064,
            "F1": 0.6117827024808666
        },
        "3": {
            "accuracy": 0.5899280575539568,
            "precision": 0.5935337056792833,
            "recall": 0.5899280575539568,
            "F1": 0.589788811764415
        },
        "4": {
            "accuracy": 0.5899280575539568,
            "precision": 0.5935337056792833,
            "recall": 0.5899280575539568,
            "F1": 0.589788811764415
        }
    },
    "Empire Builder": {
        "0": {
            "accuracy": 0.29850746268656714,
            "precision": 0.3009848686412675,
            "recall": 0.29850746268656714,
            "F1": 0.29870701159850377
        },
        "1": {
            "accuracy": 0.47761194029850745,
            "precision": 0.47639023497232447,
            "recall": 0.47761194029850745,
            "F1": 0.4717730012916667
        },
        "2": {
            "accuracy": 0.47761194029850745,
            "precision": 0.48151683443248866,
            "recall": 0.47761194029850745,
            "F1": 0.4748134328358209
        },
        "3": {
            "accuracy": 0.44029850746268656,
            "precision": 0.4475124378109453,
            "recall": 0.44029850746268656,
            "F1": 0.43038056470892294
        },
        "4": {
            "accuracy": 0.44029850746268656,
            "precision": 0.4475124378109453,
            "recall": 0.44029850746268656,
            "F1": 0.43038056470892294
        }
    },
    "Eson xorgol": {
        "0": {
            "accuracy": 0.4666666666666667,
            "precision": 0.48968332781639634,
            "recall": 0.4666666666666667,
            "F1": 0.44664371772805506
        },
        "1": {
            "accuracy": 0.5,
            "precision": 0.4887278582930757,
            "recall": 0.5,
            "F1": 0.47639933166248954
        },
        "2": {
            "accuracy": 0.4,
            "precision": 0.3888111888111888,
            "recall": 0.4,
            "F1": 0.38355212355212354
        },
        "3": {
            "accuracy": 0.5555555555555556,
            "precision": 0.5727225672877846,
            "recall": 0.5555555555555556,
            "F1": 0.5393618979983692
        },
        "4": {
            "accuracy": 0.5555555555555556,
            "precision": 0.5727225672877846,
            "recall": 0.5555555555555556,
            "F1": 0.5393618979983692
        }
    },
    "Hex": {
        "0": {
            "accuracy": 0.2717391304347826,
            "precision": 0.23201499802819678,
            "recall": 0.2717391304347826,
            "F1": 0.24091166636177003
        },
        "1": {
            "accuracy": 0.4673913043478261,
            "precision": 0.4707394886706847,
            "recall": 0.4673913043478261,
            "F1": 0.46096090610157103
        },
        "2": {
            "accuracy": 0.47282608695652173,
            "precision": 0.4819877013643069,
            "recall": 0.47282608695652173,
            "F1": 0.4698318686742431
        },
        "3": {
            "accuracy": 0.4891304347826087,
            "precision": 0.5079671804309485,
            "recall": 0.4891304347826087,
            "F1": 0.4881115301364796
        },
        "4": {
            "accuracy": 0.4891304347826087,
            "precision": 0.5079671804309485,
            "recall": 0.4891304347826087,
            "F1": 0.4881115301364796
        }
    },
    "Internet Diplomacy": {
        "0": {
            "accuracy": 0.37662337662337664,
            "precision": 0.36427298192004076,
            "recall": 0.37662337662337664,
            "F1": 0.31770394108056443
        },
        "1": {
            "accuracy": 0.4675324675324675,
            "precision": 0.46322692086238876,
            "recall": 0.4675324675324675,
            "F1": 0.4623251144990275
        },
        "2": {
            "accuracy": 0.42857142857142855,
            "precision": 0.436059493865818,
            "recall": 0.42857142857142855,
            "F1": 0.42871441126006105
        },
        "3": {
            "accuracy": 0.35064935064935066,
            "precision": 0.3480263578785746,
            "recall": 0.35064935064935066,
            "F1": 0.33711137347500986
        },
        "4": {
            "accuracy": 0.35064935064935066,
            "precision": 0.3480263578785746,
            "recall": 0.35064935064935066,
            "F1": 0.33711137347500986
        }
    },
    "Jacob\u2019s Ladder": {
        "0": {
            "accuracy": 0.5642857142857143,
            "precision": 0.6037650987224158,
            "recall": 0.5642857142857143,
            "F1": 0.5532287184573428
        },
        "1": {
            "accuracy": 0.8357142857142857,
            "precision": 0.8435916442048519,
            "recall": 0.8357142857142857,
            "F1": 0.8363412449619346
        },
        "2": {
            "accuracy": 0.8142857142857143,
            "precision": 0.8211888222519452,
            "recall": 0.8142857142857143,
            "F1": 0.814214145331066
        },
        "3": {
            "accuracy": 0.7642857142857142,
            "precision": 0.7892290249433107,
            "recall": 0.7642857142857142,
            "F1": 0.7663241418538643
        },
        "4": {
            "accuracy": 0.7642857142857142,
            "precision": 0.7892290249433107,
            "recall": 0.7642857142857142,
            "F1": 0.7663241418538643
        }
    },
    "La Memoria De Nuestra Tierra (Calif. 1996)": {
        "0": {
            "accuracy": 0.373015873015873,
            "precision": 0.36871270247229326,
            "recall": 0.373015873015873,
            "F1": 0.35096108254003
        },
        "1": {
            "accuracy": 0.7857142857142857,
            "precision": 0.8015832361004391,
            "recall": 0.7857142857142857,
            "F1": 0.7867229802902317
        },
        "2": {
            "accuracy": 0.8412698412698413,
            "precision": 0.8564463653624143,
            "recall": 0.8412698412698413,
            "F1": 0.8402396690067923
        },
        "3": {
            "accuracy": 0.8412698412698413,
            "precision": 0.8503416518122402,
            "recall": 0.8412698412698413,
            "F1": 0.8412530033093069
        },
        "4": {
            "accuracy": 0.8412698412698413,
            "precision": 0.8503416518122402,
            "recall": 0.8412698412698413,
            "F1": 0.8412530033093069
        }
    },