{
    "Breakthrough": {
        "0": {
            "accuracy": 0.3333333333333333,
            "precision": 0.33902323376007587,
            "recall": 0.3333333333333333,
            "F1": 0.3286274509803922
        },
        "1": {
            "accuracy": 0.3172043010752688,
            "precision": 0.30952380952380953,
            "recall": 0.3172043010752688,
            "F1": 0.29846779237023136
        },
        "2": {
            "accuracy": 0.2849462365591398,
            "precision": 0.27837392834837904,
            "recall": 0.2849462365591398,
            "F1": 0.26800339847068816
        },
        "3": {
            "accuracy": 0.3118279569892473,
            "precision": 0.3155929038281979,
            "recall": 0.3118279569892473,
            "F1": 0.2990931832395247
        },
        "4": {
            "accuracy": 0.3118279569892473,
            "precision": 0.3155929038281979,
            "recall": 0.3118279569892473,
            "F1": 0.2990931832395247
        }
    },
    "Cups": {
        "0": {
            "accuracy": 0.2805755395683453,
            "precision": 0.27198293313401223,
            "recall": 0.2805755395683453,
            "F1": 0.2629898693034602
        },
        "1": {
            "accuracy": 0.3597122302158273,
            "precision": 0.35902198398421753,
            "recall": 0.3597122302158273,
            "F1": 0.3541783838017439
        },
        "2": {
            "accuracy": 0.4316546762589928,
            "precision": 0.4318700548916377,
            "recall": 0.4316546762589928,
            "F1": 0.42424373754008843
        },
        "3": {
            "accuracy": 0.4748201438848921,
            "precision": 0.47969496033468473,
            "recall": 0.4748201438848921,
            "F1": 0.4727794395393864
        },
        "4": {
            "accuracy": 0.4748201438848921,
            "precision": 0.47969496033468473,
            "recall": 0.4748201438848921,
            "F1": 0.4727794395393864
        }
    },
    "Empire Builder": {
        "0": {
            "accuracy": 0.29850746268656714,
            "precision": 0.3009848686412675,
            "recall": 0.29850746268656714,
            "F1": 0.29870701159850377
        },
        "1": {
            "accuracy": 0.47761194029850745,
            "precision": 0.4785364298529604,
            "recall": 0.47761194029850745,
            "F1": 0.47516764916633886
        },
        "2": {
            "accuracy": 0.5671641791044776,
            "precision": 0.5695999776660303,
            "recall": 0.5671641791044776,
            "F1": 0.5643251135626217
        },
        "3": {
            "accuracy": 0.5746268656716418,
            "precision": 0.5752549110294545,
            "recall": 0.5746268656716418,
            "F1": 0.5735317838366425
        },
        "4": {
            "accuracy": 0.5746268656716418,
            "precision": 0.5752549110294545,
            "recall": 0.5746268656716418,
            "F1": 0.5735317838366425
        }
    },
    "Eson xorgol": {
        "0": {
            "accuracy": 0.4666666666666667,
            "precision": 0.48968332781639634,
            "recall": 0.4666666666666667,
            "F1": 0.44664371772805506
        },
        "1": {
            "accuracy": 0.4222222222222222,
            "precision": 0.4373897707231041,
            "recall": 0.4222222222222222,
            "F1": 0.4205939685815846
        },
        "2": {
            "accuracy": 0.4666666666666667,
            "precision": 0.4684729064039409,
            "recall": 0.4666666666666667,
            "F1": 0.46575712423170046
        },
        "3": {
            "accuracy": 0.45555555555555555,
            "precision": 0.45857075023741695,
            "recall": 0.45555555555555555,
            "F1": 0.452100460491002
        },
        "4": {
            "accuracy": 0.45555555555555555,
            "precision": 0.45857075023741695,
            "recall": 0.45555555555555555,
            "F1": 0.452100460491002
        }
    },
    "Hex": {
        "0": {
            "accuracy": 0.2717391304347826,
            "precision": 0.23201499802819678,
            "recall": 0.2717391304347826,
            "F1": 0.24091166636177003
        },
        "1": {
            "accuracy": 0.266304347826087,
            "precision": 0.23138767485010625,
            "recall": 0.266304347826087,
            "F1": 0.23496544863004487
        },
        "2": {
            "accuracy": 0.29891304347826086,
            "precision": 0.2677756787453584,
            "recall": 0.29891304347826086,
            "F1": 0.2679018644387083
        },
        "3": {
            "accuracy": 0.25,
            "precision": 0.23668941691944725,
            "recall": 0.25,
            "F1": 0.23873424681163016
        },
        "4": {
            "accuracy": 0.25,
            "precision": 0.23668941691944725,
            "recall": 0.25,
            "F1": 0.23873424681163016
        }
    },
    "Internet Diplomacy": {
        "0": {
            "accuracy": 0.37662337662337664,
            "precision": 0.36427298192004076,
            "recall": 0.37662337662337664,
            "F1": 0.31770394108056443
        },
        "1": {
            "accuracy": 0.5974025974025974,
            "precision": 0.611876540447969,
            "recall": 0.5974025974025974,
            "F1": 0.5827870542156256
        },
        "2": {
            "accuracy": 0.5194805194805194,
            "precision": 0.5398535447236746,
            "recall": 0.5194805194805194,
            "F1": 0.49698657981971306
        },
        "3": {
            "accuracy": 0.5064935064935064,
            "precision": 0.5509894867037723,
            "recall": 0.5064935064935064,
            "F1": 0.48372788691338064
        },
        "4": {
            "accuracy": 0.5064935064935064,
            "precision": 0.5509894867037723,
            "recall": 0.5064935064935064,
            "F1": 0.48372788691338064
        }
    },
    "Jacob\u2019s Ladder": {
        "0": {
            "accuracy": 0.5642857142857143,
            "precision": 0.6037650987224158,
            "recall": 0.5642857142857143,
            "F1": 0.5532287184573428
        },
        "1": {
            "accuracy": 0.75,
            "precision": 0.7578166570271833,
            "recall": 0.75,
            "F1": 0.7498516461076331
        },
        "2": {
            "accuracy": 0.7428571428571429,
            "precision": 0.7687572389659676,
            "recall": 0.7428571428571429,
            "F1": 0.7444687151109168
        },
        "3": {
            "accuracy": 0.7285714285714285,
            "precision": 0.752797619047619,
            "recall": 0.7285714285714285,
            "F1": 0.7280976844249105
        },
        "4": {
            "accuracy": 0.7285714285714285,
            "precision": 0.752797619047619,
            "recall": 0.7285714285714285,
            "F1": 0.7280976844249105
        }
    },
    "La Memoria De Nuestra Tierra (Calif. 1996)": {
        "0": {
            "accuracy": 0.373015873015873,
            "precision": 0.36871270247229326,
            "recall": 0.373015873015873,
            "F1": 0.35096108254003
        },
        "1": {
            "accuracy": 0.6349206349206349,
            "precision": 0.6553862803862803,
            "recall": 0.6349206349206349,
            "F1": 0.6297170030803019
        },
        "2": {
            "accuracy": 0.8253968253968254,
            "precision": 0.8368131868131868,
            "recall": 0.8253968253968254,
            "F1": 0.825256960008733
        },
        "3": {
            "accuracy": 0.8095238095238095,
            "precision": 0.8139854426619133,
            "recall": 0.8095238095238095,
            "F1": 0.8075298064282151
        },
        "4": {
            "accuracy": 0.8095238095238095,
            "precision": 0.8139854426619133,
            "recall": 0.8095238095238095,
            "F1": 0.8075298064282151
        }
    },