{
    "Breakthrough": {
        "0": {
            "accuracy": 0.3333333333333333,
            "precision": 0.33902323376007587,
            "recall": 0.3333333333333333,
            "F1": 0.3286274509803922
        },
        "1": {
            "accuracy": 0.3387096774193548,
            "precision": 0.3283004258614015,
            "recall": 0.3387096774193548,
            "F1": 0.3246657572816383
        },
        "2": {
            "accuracy": 0.3763440860215054,
            "precision": 0.37175902693144075,
            "recall": 0.3763440860215054,
            "F1": 0.3622697563874034
        },
        "3": {
            "accuracy": 0.3225806451612903,
            "precision": 0.3229052153011981,
            "recall": 0.3225806451612903,
            "F1": 0.3175310684984499
        },
        "4": {
            "accuracy": 0.3225806451612903,
            "precision": 0.3229052153011981,
            "recall": 0.3225806451612903,
            "F1": 0.3175310684984499
        }
    },
    "Cups": {
        "0": {
            "accuracy": 0.2805755395683453,
            "precision": 0.27198293313401223,
            "recall": 0.2805755395683453,
            "F1": 0.2629898693034602
        },
        "1": {
            "accuracy": 0.5035971223021583,
            "precision": 0.5029350916298501,
            "recall": 0.5035971223021583,
            "F1": 0.4994014007919911
        },
        "2": {
            "accuracy": 0.4892086330935252,
            "precision": 0.49296908626944597,
            "recall": 0.4892086330935252,
            "F1": 0.4835107043296303
        },
        "3": {
            "accuracy": 0.4748201438848921,
            "precision": 0.5007119181241104,
            "recall": 0.4748201438848921,
            "F1": 0.47302075580914577
        },
        "4": {
            "accuracy": 0.4748201438848921,
            "precision": 0.5007119181241104,
            "recall": 0.4748201438848921,
            "F1": 0.47302075580914577
        }
    },
    "Empire Builder": {
        "0": {
            "accuracy": 0.29850746268656714,
            "precision": 0.3009848686412675,
            "recall": 0.29850746268656714,
            "F1": 0.29870701159850377
        },
        "1": {
            "accuracy": 0.5074626865671642,
            "precision": 0.5282744217746624,
            "recall": 0.5074626865671642,
            "F1": 0.49840876588716343
        },
        "2": {
            "accuracy": 0.4701492537313433,
            "precision": 0.4742346144042595,
            "recall": 0.4701492537313433,
            "F1": 0.4632503041693132
        },
        "3": {
            "accuracy": 0.5,
            "precision": 0.5125658472344162,
            "recall": 0.5,
            "F1": 0.4896125978687853
        },
        "4": {
            "accuracy": 0.5,
            "precision": 0.5125658472344162,
            "recall": 0.5,
            "F1": 0.4896125978687853
        }
    },
    "Eson xorgol": {
        "0": {
            "accuracy": 0.4666666666666667,
            "precision": 0.48968332781639634,
            "recall": 0.4666666666666667,
            "F1": 0.44664371772805506
        },
        "1": {
            "accuracy": 0.7666666666666667,
            "precision": 0.7691073294521571,
            "recall": 0.7666666666666667,
            "F1": 0.766923640681677
        },
        "2": {
            "accuracy": 0.5666666666666667,
            "precision": 0.5643817730774253,
            "recall": 0.5666666666666667,
            "F1": 0.56020526299321
        },
        "3": {
            "accuracy": 0.6666666666666666,
            "precision": 0.6648496614894464,
            "recall": 0.6666666666666666,
            "F1": 0.6648977458629829
        },
        "4": {
            "accuracy": 0.6666666666666666,
            "precision": 0.6648496614894464,
            "recall": 0.6666666666666666,
            "F1": 0.6648977458629829
        }
    },
    "Hex": {
        "0": {
            "accuracy": 0.2717391304347826,
            "precision": 0.23201499802819678,
            "recall": 0.2717391304347826,
            "F1": 0.24091166636177003
        },
        "1": {
            "accuracy": 0.32608695652173914,
            "precision": 0.2860861238541062,
            "recall": 0.32608695652173914,
            "F1": 0.2917427155987224
        },
        "2": {
            "accuracy": 0.32065217391304346,
            "precision": 0.3126027951822531,
            "recall": 0.32065217391304346,
            "F1": 0.31128435626699974
        },
        "3": {
            "accuracy": 0.29891304347826086,
            "precision": 0.2872531454053193,
            "recall": 0.29891304347826086,
            "F1": 0.28557861817122937
        },
        "4": {
            "accuracy": 0.29891304347826086,
            "precision": 0.2872531454053193,
            "recall": 0.29891304347826086,
            "F1": 0.28557861817122937
        }
    },
    "Internet Diplomacy": {
        "0": {
            "accuracy": 0.37662337662337664,
            "precision": 0.36427298192004076,
            "recall": 0.37662337662337664,
            "F1": 0.31770394108056443
        },
        "1": {
            "accuracy": 0.4025974025974026,
            "precision": 0.409054834054834,
            "recall": 0.4025974025974026,
            "F1": 0.394002012131231
        },
        "2": {
            "accuracy": 0.4025974025974026,
            "precision": 0.3983824359783439,
            "recall": 0.4025974025974026,
            "F1": 0.3956239412761152
        },
        "3": {
            "accuracy": 0.4155844155844156,
            "precision": 0.403641519770552,
            "recall": 0.4155844155844156,
            "F1": 0.4067434337995652
        },
        "4": {
            "accuracy": 0.4155844155844156,
            "precision": 0.403641519770552,
            "recall": 0.4155844155844156,
            "F1": 0.4067434337995652
        }
    },
    "Jacob\u2019s Ladder": {
        "0": {
            "accuracy": 0.5642857142857143,
            "precision": 0.6037650987224158,
            "recall": 0.5642857142857143,
            "F1": 0.5532287184573428
        },
        "1": {
            "accuracy": 0.7571428571428571,
            "precision": 0.7764158390628979,
            "recall": 0.7571428571428571,
            "F1": 0.7577692856447656
        },
        "2": {
            "accuracy": 0.8,
            "precision": 0.8136479591836734,
            "recall": 0.8,
            "F1": 0.7998747076125792
        },
        "3": {
            "accuracy": 0.8714285714285714,
            "precision": 0.876170791875901,
            "recall": 0.8714285714285714,
            "F1": 0.8724209120517733
        },
        "4": {
            "accuracy": 0.8714285714285714,
            "precision": 0.876170791875901,
            "recall": 0.8714285714285714,
            "F1": 0.8724209120517733
        }
    },
    "La Memoria De Nuestra Tierra (Calif. 1996)": {
        "0": {
            "accuracy": 0.373015873015873,
            "precision": 0.36871270247229326,
            "recall": 0.373015873015873,
            "F1": 0.35096108254003
        },
        "1": {
            "accuracy": 0.48412698412698413,
            "precision": 0.5054193319118692,
            "recall": 0.48412698412698413,
            "F1": 0.47098772786846177
        },
        "2": {
            "accuracy": 0.48412698412698413,
            "precision": 0.49603174603174605,
            "recall": 0.48412698412698413,
            "F1": 0.4800453514739229
        },
        "3": {
            "accuracy": 0.6349206349206349,
            "precision": 0.6396037262968743,
            "recall": 0.6349206349206349,
            "F1": 0.6320289359763044
        },
        "4": {
            "accuracy": 0.6349206349206349,
            "precision": 0.6396037262968743,
            "recall": 0.6349206349206349,
            "F1": 0.6320289359763044
        }
    },