{
    "Breakthrough": {
        "0": {
            "accuracy": 0.3333333333333333,
            "precision": 0.33902323376007587,
            "recall": 0.3333333333333333,
            "F1": 0.3286274509803922
        },
        "1": {
            "accuracy": 0.23655913978494625,
            "precision": 0.24455826258151836,
            "recall": 0.23655913978494625,
            "F1": 0.236380058126537
        },
        "2": {
            "accuracy": 0.3655913978494624,
            "precision": 0.3721921921921922,
            "recall": 0.3655913978494624,
            "F1": 0.35981216198047455
        }
    },
    "Cups": {
        "0": {
            "accuracy": 0.2805755395683453,
            "precision": 0.27198293313401223,
            "recall": 0.2805755395683453,
            "F1": 0.2629898693034602
        },
        "1": {
            "accuracy": 0.6618705035971223,
            "precision": 0.6700903793094557,
            "recall": 0.6618705035971223,
            "F1": 0.6551871115266272
        },
        "2": {
            "accuracy": 0.6474820143884892,
            "precision": 0.6493021573646729,
            "recall": 0.6474820143884892,
            "F1": 0.6441135250699365
        }
    },
    "Empire Builder": {
        "0": {
            "accuracy": 0.29850746268656714,
            "precision": 0.3009848686412675,
            "recall": 0.29850746268656714,
            "F1": 0.29870701159850377
        },
        "1": {
            "accuracy": 0.5373134328358209,
            "precision": 0.5452800651912849,
            "recall": 0.5373134328358209,
            "F1": 0.5191188400143625
        },
        "2": {
            "accuracy": 0.5671641791044776,
            "precision": 0.5692806973535683,
            "recall": 0.5671641791044776,
            "F1": 0.5444379787049998
        }
    },
    "Eson xorgol": {
        "0": {
            "accuracy": 0.4666666666666667,
            "precision": 0.48968332781639634,
            "recall": 0.4666666666666667,
            "F1": 0.44664371772805506
        },
        "1": {
            "accuracy": 0.6444444444444445,
            "precision": 0.6673441734417342,
            "recall": 0.6444444444444445,
            "F1": 0.6429766337488533
        },
        "2": {
            "accuracy": 0.6777777777777778,
            "precision": 0.7092274092274092,
            "recall": 0.6777777777777778,
            "F1": 0.6804959330332464
        }
    },
    "Hex": {
        "0": {
            "accuracy": 0.2717391304347826,
            "precision": 0.23201499802819678,
            "recall": 0.2717391304347826,
            "F1": 0.24091166636177003
        },
        "1": {
            "accuracy": 0.41847826086956524,
            "precision": 0.42286020139281005,
            "recall": 0.41847826086956524,
            "F1": 0.4135883027009498
        },
        "2": {
            "accuracy": 0.3804347826086957,
            "precision": 0.37671205152097914,
            "recall": 0.3804347826086957,
            "F1": 0.36859349019774645
        }
    },
    "Internet Diplomacy": {
        "0": {
            "accuracy": 0.37662337662337664,
            "precision": 0.36427298192004076,
            "recall": 0.37662337662337664,
            "F1": 0.31770394108056443
        },
        "1": {
            "accuracy": 0.44155844155844154,
            "precision": 0.45054749172396225,
            "recall": 0.44155844155844154,
            "F1": 0.4334607716170345
        },
        "2": {
            "accuracy": 0.6103896103896104,
            "precision": 0.6308327217418127,
            "recall": 0.6103896103896104,
            "F1": 0.604686369349126
        }
    },
    "Jacob\u2019s Ladder": {
        "0": {
            "accuracy": 0.5642857142857143,
            "precision": 0.6037650987224158,
            "recall": 0.5642857142857143,
            "F1": 0.5532287184573428
        },
        "1": {
            "accuracy": 0.85,
            "precision": 0.8640708597735474,
            "recall": 0.85,
            "F1": 0.8492305450088194
        },
        "2": {
            "accuracy": 0.8285714285714286,
            "precision": 0.8289190510091079,
            "recall": 0.8285714285714286,
            "F1": 0.8279654255319149
        }
    },
    "La Memoria De Nuestra Tierra (Calif. 1996)": {
        "0": {
            "accuracy": 0.373015873015873,
            "precision": 0.36871270247229326,
            "recall": 0.373015873015873,
            "F1": 0.35096108254003
        },
        "1": {
            "accuracy": 0.7936507936507936,
            "precision": 0.817283950617284,
            "recall": 0.7936507936507936,
            "F1": 0.7939814814814814
        },
        "2": {
            "accuracy": 0.746031746031746,
            "precision": 0.756439393939394,
            "recall": 0.746031746031746,
            "F1": 0.7462068965517241
        }
    },
    "Lamentation over the Dead Christ": {
        "0": {
            "accuracy": 0.32786885245901637,
            "precision": 0.2831021437578814,
            "recall": 0.32786885245901637,
            "F1": 0.22350420257058673
        },
        "1": {
            "accuracy": 0.7377049180327869,
            "precision": 0.7404491419806347,
            "recall": 0.7377049180327869,
            "F1": 0.7370898873918719
        },
        "2": {
            "accuracy": 0.9016393442622951,
            "precision": 0.910192444761226,
            "recall": 0.9016393442622951,
            "F1": 0.9025048685742548
        }
    },
    "Last Supper": {
        "0": {
            "accuracy": 0.36666666666666664,
            "precision": 0.375,
            "recall": 0.36666666666666664,
            "F1": 0.3529202279202279
        },
        "1": {
            "accuracy": 0.9444444444444444,
            "precision": 0.9476911976911977,
            "recall": 0.9444444444444444,
            "F1": 0.9449067502837228
        },
        "2": {
            "accuracy": 0.8888888888888888,
            "precision": 0.8943562610229278,
            "recall": 0.8888888888888888,
            "F1": 0.8886841329672546
        }
    },
    "Leda and the Swan": {
        "0": {
            "accuracy": 0.2851063829787234,
            "precision": 0.27321126972114546,
            "recall": 0.2851063829787234,
            "F1": 0.266612239814331
        },
        "1": {
            "accuracy": 0.6680851063829787,
            "precision": 0.6721640783808902,
            "recall": 0.6680851063829787,
            "F1": 0.6668401786896891
        },
        "2": {
            "accuracy": 0.6595744680851063,
            "precision": 0.6594078577057301,
            "recall": 0.6595744680851063,
            "F1": 0.658590191810398
        }
    },
    "Lovejoy Columns": {
        "0": {
            "accuracy": 0.3233082706766917,
            "precision": 0.2897337328283114,
            "recall": 0.3233082706766917,
            "F1": 0.2798514048732619
        },
        "1": {
            "accuracy": 0.48872180451127817,
            "precision": 0.49972415315017105,
            "recall": 0.48872180451127817,
            "F1": 0.4831086243952247
        },
        "2": {
            "accuracy": 0.5112781954887218,
            "precision": 0.5164112203585888,
            "recall": 0.5112781954887218,
            "F1": 0.5092685631128512
        }
    },
    "Madonna of the Yarnwinder": {
        "0": {
            "accuracy": 0.3660130718954248,
            "precision": 0.3727183254941005,
            "recall": 0.3660130718954248,
            "F1": 0.3614634932141275
        },
        "1": {
            "accuracy": 0.5816993464052288,
            "precision": 0.5834600814828103,
            "recall": 0.5816993464052288,
            "F1": 0.5793908989561164
        },
        "2": {
            "accuracy": 0.5686274509803921,
            "precision": 0.5854741896758703,
            "recall": 0.5686274509803921,
            "F1": 0.5653670393777347
        }
    },