{
    "Breakthrough": {
        "0": {
            "accuracy": 0.3333333333333333,
            "precision": 0.33902323376007587,
            "recall": 0.3333333333333333,
            "F1": 0.3286274509803922
        },
        "1": {
            "accuracy": 0.4731182795698925,
            "precision": 0.4906625538204486,
            "recall": 0.4731182795698925,
            "F1": 0.4701875901875902
        },
        "2": {
            "accuracy": 0.43548387096774194,
            "precision": 0.4466047231900891,
            "recall": 0.43548387096774194,
            "F1": 0.4332385580702497
        },
        "3": {
            "accuracy": 0.4731182795698925,
            "precision": 0.48572390572390567,
            "recall": 0.4731182795698925,
            "F1": 0.473619377742911
        },
        "4": {
            "accuracy": 0.4731182795698925,
            "precision": 0.48572390572390567,
            "recall": 0.4731182795698925,
            "F1": 0.473619377742911
        }
    },
    "Cups": {
        "0": {
            "accuracy": 0.2805755395683453,
            "precision": 0.27198293313401223,
            "recall": 0.2805755395683453,
            "F1": 0.2629898693034602
        },
        "1": {
            "accuracy": 0.5971223021582733,
            "precision": 0.5984247339748305,
            "recall": 0.5971223021582733,
            "F1": 0.5960648756515443
        },
        "2": {
            "accuracy": 0.6115107913669064,
            "precision": 0.6122778247989843,
            "recall": 0.6115107913669064,
            "F1": 0.6103667967214892
        },
        "3": {
            "accuracy": 0.5467625899280576,
            "precision": 0.5450199979876238,
            "recall": 0.5467625899280576,
            "F1": 0.539136960816424
        },
        "4": {
            "accuracy": 0.5467625899280576,
            "precision": 0.5450199979876238,
            "recall": 0.5467625899280576,
            "F1": 0.539136960816424
        }
    },
    "Empire Builder": {
        "0": {
            "accuracy": 0.29850746268656714,
            "precision": 0.3009848686412675,
            "recall": 0.29850746268656714,
            "F1": 0.29870701159850377
        },
        "1": {
            "accuracy": 0.5373134328358209,
            "precision": 0.555410447761194,
            "recall": 0.5373134328358209,
            "F1": 0.5263341801816477
        },
        "2": {
            "accuracy": 0.5149253731343284,
            "precision": 0.5268367540108307,
            "recall": 0.5149253731343284,
            "F1": 0.5111352660874311
        },
        "3": {
            "accuracy": 0.4626865671641791,
            "precision": 0.4680225247389426,
            "recall": 0.4626865671641791,
            "F1": 0.4584221748400853
        },
        "4": {
            "accuracy": 0.4626865671641791,
            "precision": 0.4680225247389426,
            "recall": 0.4626865671641791,
            "F1": 0.4584221748400853
        }
    },
    "Eson xorgol": {
        "0": {
            "accuracy": 0.4666666666666667,
            "precision": 0.48968332781639634,
            "recall": 0.4666666666666667,
            "F1": 0.44664371772805506
        },
        "1": {
            "accuracy": 0.9333333333333333,
            "precision": 0.9392789373814041,
            "recall": 0.9333333333333333,
            "F1": 0.9324701937406855
        },
        "2": {
            "accuracy": 0.8666666666666667,
            "precision": 0.8663793103448275,
            "recall": 0.8666666666666667,
            "F1": 0.8660470202296336
        },
        "3": {
            "accuracy": 0.8777777777777778,
            "precision": 0.8791867507106662,
            "recall": 0.8777777777777778,
            "F1": 0.8783149640332192
        },
        "4": {
            "accuracy": 0.8777777777777778,
            "precision": 0.8791867507106662,
            "recall": 0.8777777777777778,
            "F1": 0.8783149640332192
        }
    },
    "Hex": {
        "0": {
            "accuracy": 0.2717391304347826,
            "precision": 0.23201499802819678,
            "recall": 0.2717391304347826,
            "F1": 0.24091166636177003
        },
        "1": {
            "accuracy": 0.27717391304347827,
            "precision": 0.27945765879875767,
            "recall": 0.27717391304347827,
            "F1": 0.26988612104796467
        },
        "2": {
            "accuracy": 0.2717391304347826,
            "precision": 0.25918699460759953,
            "recall": 0.2717391304347826,
            "F1": 0.2563881556438849
        },
        "3": {
            "accuracy": 0.2717391304347826,
            "precision": 0.26751796281434925,
            "recall": 0.2717391304347826,
            "F1": 0.2604852002753437
        },
        "4": {
            "accuracy": 0.2717391304347826,
            "precision": 0.26751796281434925,
            "recall": 0.2717391304347826,
            "F1": 0.2604852002753437
        }
    },
    "Internet Diplomacy": {
        "0": {
            "accuracy": 0.37662337662337664,
            "precision": 0.36427298192004076,
            "recall": 0.37662337662337664,
            "F1": 0.31770394108056443
        },
        "1": {
            "accuracy": 0.6753246753246753,
            "precision": 0.6827978666213961,
            "recall": 0.6753246753246753,
            "F1": 0.6628350558178326
        },
        "2": {
            "accuracy": 0.6493506493506493,
            "precision": 0.6481074071857481,
            "recall": 0.6493506493506493,
            "F1": 0.6438111027776681
        },
        "3": {
            "accuracy": 0.6363636363636364,
            "precision": 0.6272727272727272,
            "recall": 0.6363636363636364,
            "F1": 0.6269737421948623
        },
        "4": {
            "accuracy": 0.6363636363636364,
            "precision": 0.6272727272727272,
            "recall": 0.6363636363636364,
            "F1": 0.6269737421948623
        }
    },
    "Jacob\u2019s Ladder": {
        "0": {
            "accuracy": 0.5642857142857143,
            "precision": 0.6037650987224158,
            "recall": 0.5642857142857143,
            "F1": 0.5532287184573428
        },
        "1": {
            "accuracy": 0.8,
            "precision": 0.8202479412817758,
            "recall": 0.8,
            "F1": 0.8025781255577847
        },
        "2": {
            "accuracy": 0.7,
            "precision": 0.7147722644946951,
            "recall": 0.7,
            "F1": 0.6964640598786941
        },
        "3": {
            "accuracy": 0.7785714285714286,
            "precision": 0.7912936083524319,
            "recall": 0.7785714285714286,
            "F1": 0.7757880647151207
        },
        "4": {
            "accuracy": 0.7785714285714286,
            "precision": 0.7912936083524319,
            "recall": 0.7785714285714286,
            "F1": 0.7757880647151207
        }
    },
    "La Memoria De Nuestra Tierra (Calif. 1996)": {
        "0": {
            "accuracy": 0.373015873015873,
            "precision": 0.36871270247229326,
            "recall": 0.373015873015873,
            "F1": 0.35096108254003
        },
        "1": {
            "accuracy": 0.8015873015873016,
            "precision": 0.8131929046563193,
            "recall": 0.8015873015873016,
            "F1": 0.8002905237973169
        },
        "2": {
            "accuracy": 0.9126984126984127,
            "precision": 0.9177620492079541,
            "recall": 0.9126984126984127,
            "F1": 0.9133058056364087
        },
        "3": {
            "accuracy": 0.8333333333333334,
            "precision": 0.8486914210128496,
            "recall": 0.8333333333333334,
            "F1": 0.8338664545561097
        },
        "4": {
            "accuracy": 0.8333333333333334,
            "precision": 0.8486914210128496,
            "recall": 0.8333333333333334,
            "F1": 0.8338664545561097
        }
    },