{
    "Breakthrough": {
        "0": {
            "accuracy": 0.3333333333333333,
            "precision": 0.33902323376007587,
            "recall": 0.3333333333333333,
            "F1": 0.3286274509803922
        },
        "1": {
            "accuracy": 0.3387096774193548,
            "precision": 0.34960587519845504,
            "recall": 0.3387096774193548,
            "F1": 0.33795511050613397
        },
        "2": {
            "accuracy": 0.2849462365591398,
            "precision": 0.29048902486402484,
            "recall": 0.2849462365591398,
            "F1": 0.28381751023260454
        },
        "3": {
            "accuracy": 0.2903225806451613,
            "precision": 0.2901169033467931,
            "recall": 0.2903225806451613,
            "F1": 0.2865181232008473
        },
        "4": {
            "accuracy": 0.2903225806451613,
            "precision": 0.2901169033467931,
            "recall": 0.2903225806451613,
            "F1": 0.2865181232008473
        }
    },
    "Cups": {
        "0": {
            "accuracy": 0.2805755395683453,
            "precision": 0.27198293313401223,
            "recall": 0.2805755395683453,
            "F1": 0.2629898693034602
        },
        "1": {
            "accuracy": 0.5539568345323741,
            "precision": 0.5551053710046516,
            "recall": 0.5539568345323741,
            "F1": 0.5517083594898451
        },
        "2": {
            "accuracy": 0.5179856115107914,
            "precision": 0.5158539834798828,
            "recall": 0.5179856115107914,
            "F1": 0.5143131209318259
        },
        "3": {
            "accuracy": 0.5467625899280576,
            "precision": 0.5500785089947802,
            "recall": 0.5467625899280576,
            "F1": 0.5452568879260232
        },
        "4": {
            "accuracy": 0.5467625899280576,
            "precision": 0.5500785089947802,
            "recall": 0.5467625899280576,
            "F1": 0.5452568879260232
        }
    },
    "Empire Builder": {
        "0": {
            "accuracy": 0.29850746268656714,
            "precision": 0.3009848686412675,
            "recall": 0.29850746268656714,
            "F1": 0.29870701159850377
        },
        "1": {
            "accuracy": 0.5522388059701493,
            "precision": 0.5705826665443902,
            "recall": 0.5522388059701493,
            "F1": 0.5479214341763017
        },
        "2": {
            "accuracy": 0.5671641791044776,
            "precision": 0.5722793997047728,
            "recall": 0.5671641791044776,
            "F1": 0.5675236898670946
        },
        "3": {
            "accuracy": 0.6492537313432836,
            "precision": 0.6600442858686524,
            "recall": 0.6492537313432836,
            "F1": 0.6502236712271036
        },
        "4": {
            "accuracy": 0.6492537313432836,
            "precision": 0.6600442858686524,
            "recall": 0.6492537313432836,
            "F1": 0.6502236712271036
        }
    },
    "Eson xorgol": {
        "0": {
            "accuracy": 0.4666666666666667,
            "precision": 0.48968332781639634,
            "recall": 0.4666666666666667,
            "F1": 0.44664371772805506
        },
        "1": {
            "accuracy": 0.6444444444444445,
            "precision": 0.6549033875010107,
            "recall": 0.6444444444444445,
            "F1": 0.640147862423658
        },
        "2": {
            "accuracy": 0.5888888888888889,
            "precision": 0.6057959714100065,
            "recall": 0.5888888888888889,
            "F1": 0.5926322043969102
        },
        "3": {
            "accuracy": 0.6111111111111112,
            "precision": 0.632372458459415,
            "recall": 0.6111111111111112,
            "F1": 0.6147177983335376
        },
        "4": {
            "accuracy": 0.6111111111111112,
            "precision": 0.632372458459415,
            "recall": 0.6111111111111112,
            "F1": 0.6147177983335376
        }
    },
    "Hex": {
        "0": {
            "accuracy": 0.2717391304347826,
            "precision": 0.23201499802819678,
            "recall": 0.2717391304347826,
            "F1": 0.24091166636177003
        },
        "1": {
            "accuracy": 0.2826086956521739,
            "precision": 0.27529484325626696,
            "recall": 0.2826086956521739,
            "F1": 0.2756646068917616
        },
        "2": {
            "accuracy": 0.266304347826087,
            "precision": 0.25836507354522686,
            "recall": 0.266304347826087,
            "F1": 0.2598990683229814
        },
        "3": {
            "accuracy": 0.22282608695652173,
            "precision": 0.2123373930504627,
            "recall": 0.22282608695652173,
            "F1": 0.21447049818100145
        },
        "4": {
            "accuracy": 0.22282608695652173,
            "precision": 0.2123373930504627,
            "recall": 0.22282608695652173,
            "F1": 0.21447049818100145
        }
    },
    "Internet Diplomacy": {
        "0": {
            "accuracy": 0.37662337662337664,
            "precision": 0.36427298192004076,
            "recall": 0.37662337662337664,
            "F1": 0.31770394108056443
        },
        "1": {
            "accuracy": 0.4675324675324675,
            "precision": 0.47166821273964127,
            "recall": 0.4675324675324675,
            "F1": 0.4652536563846755
        },
        "2": {
            "accuracy": 0.5064935064935064,
            "precision": 0.5,
            "recall": 0.5064935064935064,
            "F1": 0.500940277736745
        },
        "3": {
            "accuracy": 0.5064935064935064,
            "precision": 0.49476911976911975,
            "recall": 0.5064935064935064,
            "F1": 0.4883396173718754
        },
        "4": {
            "accuracy": 0.5064935064935064,
            "precision": 0.49476911976911975,
            "recall": 0.5064935064935064,
            "F1": 0.4883396173718754
        }
    },
    "Jacob\u2019s Ladder": {
        "0": {
            "accuracy": 0.5642857142857143,
            "precision": 0.6037650987224158,
            "recall": 0.5642857142857143,
            "F1": 0.5532287184573428
        },
        "1": {
            "accuracy": 0.8357142857142857,
            "precision": 0.8376248751248753,
            "recall": 0.8357142857142857,
            "F1": 0.8350078492935635
        },
        "2": {
            "accuracy": 0.7928571428571428,
            "precision": 0.8013743708865662,
            "recall": 0.7928571428571428,
            "F1": 0.7940256916996047
        },
        "3": {
            "accuracy": 0.8214285714285714,
            "precision": 0.8322371695789997,
            "recall": 0.8214285714285714,
            "F1": 0.8215982582923786
        },
        "4": {
            "accuracy": 0.8214285714285714,
            "precision": 0.8322371695789997,
            "recall": 0.8214285714285714,
            "F1": 0.8215982582923786
        }
    },
    "La Memoria De Nuestra Tierra (Calif. 1996)": {
        "0": {
            "accuracy": 0.373015873015873,
            "precision": 0.36871270247229326,
            "recall": 0.373015873015873,
            "F1": 0.35096108254003
        },
        "1": {
            "accuracy": 0.8253968253968254,
            "precision": 0.8348999153952714,
            "recall": 0.8253968253968254,
            "F1": 0.8257769611179167
        },
        "2": {
            "accuracy": 0.8333333333333334,
            "precision": 0.8353117092247527,
            "recall": 0.8333333333333334,
            "F1": 0.8312310295068915
        },
        "3": {
            "accuracy": 0.8412698412698413,
            "precision": 0.8450446716404163,
            "recall": 0.8412698412698413,
            "F1": 0.8398641685811793
        },
        "4": {
            "accuracy": 0.8412698412698413,
            "precision": 0.8450446716404163,
            "recall": 0.8412698412698413,