{
    "Unlock!": {
        "0": {
            "accuracy": 0.24489795918367346,
            "precision": 1.0,
            "recall": 0.24489795918367346,
            "F1": 0.39344262295081966
        },
        "1": {
            "accuracy": 0.12244897959183673,
            "precision": 1.0,
            "recall": 0.12244897959183673,
            "F1": 0.21818181818181814
        },
        "2": {
            "accuracy": 0.30612244897959184,
            "precision": 1.0,
            "recall": 0.30612244897959184,
            "F1": 0.46875
        },
        "3": {
            "accuracy": 0.22448979591836735,
            "precision": 1.0,
            "recall": 0.22448979591836735,
            "F1": 0.36666666666666664
        },
        "4": {
            "accuracy": 0.2857142857142857,
            "precision": 1.0,
            "recall": 0.2857142857142857,
            "F1": 0.44444444444444436
        },
        "5": {
            "accuracy": 0.22448979591836735,
            "precision": 1.0,
            "recall": 0.22448979591836735,
            "F1": 0.36666666666666664
        },
        "6": {
            "accuracy": 0.24489795918367346,
            "precision": 1.0,
            "recall": 0.24489795918367346,
            "F1": 0.39344262295081966
        },
        "7": {
            "accuracy": 0.16326530612244897,
            "precision": 1.0,
            "recall": 0.16326530612244897,
            "F1": 0.2807017543859649
        },
        "8": {
            "accuracy": 0.10204081632653061,
            "precision": 1.0,
            "recall": 0.10204081632653061,
            "F1": 0.1851851851851852
        },
        "9": {
            "accuracy": 0.10204081632653061,
            "precision": 1.0,
            "recall": 0.10204081632653061,
            "F1": 0.1851851851851852
        },
        "10": {
            "accuracy": 0.10204081632653061,
            "precision": 1.0,
            "recall": 0.10204081632653061,
            "F1": 0.1851851851851852
        }
    }
}