{
    "Breakthrough": {
        "0": {
            "accuracy": 0.3333333333333333,
            "precision": 0.33902323376007587,
            "recall": 0.3333333333333333,
            "F1": 0.3286274509803922
        },
        "1": {
            "accuracy": 0.40860215053763443,
            "precision": 0.4114766364310991,
            "recall": 0.40860215053763443,
            "F1": 0.4040711551065899
        },
        "2": {
            "accuracy": 0.3655913978494624,
            "precision": 0.3621098228320864,
            "recall": 0.3655913978494624,
            "F1": 0.3605330371779283
        },
        "3": {
            "accuracy": 0.3870967741935484,
            "precision": 0.3863929146537842,
            "recall": 0.3870967741935484,
            "F1": 0.3828549341471284
        },
        "4": {
            "accuracy": 0.3870967741935484,
            "precision": 0.3863929146537842,
            "recall": 0.3870967741935484,
            "F1": 0.3828549341471284
        }
    },
    "Cups": {
        "0": {
            "accuracy": 0.2805755395683453,
            "precision": 0.27198293313401223,
            "recall": 0.2805755395683453,
            "F1": 0.2629898693034602
        },
        "1": {
            "accuracy": 0.5971223021582733,
            "precision": 0.5970158827345419,
            "recall": 0.5971223021582733,
            "F1": 0.5964564986762593
        },
        "2": {
            "accuracy": 0.539568345323741,
            "precision": 0.5368507851526088,
            "recall": 0.539568345323741,
            "F1": 0.5355872833425553
        },
        "3": {
            "accuracy": 0.5179856115107914,
            "precision": 0.5200842740996664,
            "recall": 0.5179856115107914,
            "F1": 0.5183164602128307
        },
        "4": {
            "accuracy": 0.5179856115107914,
            "precision": 0.5200842740996664,
            "recall": 0.5179856115107914,
            "F1": 0.5183164602128307
        }
    },
    "Empire Builder": {
        "0": {
            "accuracy": 0.29850746268656714,
            "precision": 0.3009848686412675,
            "recall": 0.29850746268656714,
            "F1": 0.29870701159850377
        },
        "1": {
            "accuracy": 0.48507462686567165,
            "precision": 0.4924757770368547,
            "recall": 0.48507462686567165,
            "F1": 0.4798757023941779
        },
        "2": {
            "accuracy": 0.47761194029850745,
            "precision": 0.4785853341985723,
            "recall": 0.47761194029850745,
            "F1": 0.46936836851342
        },
        "3": {
            "accuracy": 0.4925373134328358,
            "precision": 0.49307509018102386,
            "recall": 0.4925373134328358,
            "F1": 0.4850765564549585
        },
        "4": {
            "accuracy": 0.4925373134328358,
            "precision": 0.49307509018102386,
            "recall": 0.4925373134328358,
            "F1": 0.4850765564549585
        }
    },
    "Eson xorgol": {
        "0": {
            "accuracy": 0.4666666666666667,
            "precision": 0.48968332781639634,
            "recall": 0.4666666666666667,
            "F1": 0.44664371772805506
        },
        "1": {
            "accuracy": 0.6777777777777778,
            "precision": 0.7045031934675398,
            "recall": 0.6777777777777778,
            "F1": 0.6804885888781743
        },
        "2": {
            "accuracy": 0.7222222222222222,
            "precision": 0.7608096468561584,
            "recall": 0.7222222222222222,
            "F1": 0.7230569574621485
        },
        "3": {
            "accuracy": 0.8,
            "precision": 0.8212454212454212,
            "recall": 0.8,
            "F1": 0.7981244671781755
        },
        "4": {
            "accuracy": 0.8,
            "precision": 0.8212454212454212,
            "recall": 0.8,
            "F1": 0.7981244671781755
        }
    },
    "Hex": {
        "0": {
            "accuracy": 0.2717391304347826,
            "precision": 0.23201499802819678,
            "recall": 0.2717391304347826,
            "F1": 0.24091166636177003
        },
        "1": {
            "accuracy": 0.33695652173913043,
            "precision": 0.3312406939814978,
            "recall": 0.33695652173913043,
            "F1": 0.3245995532600392
        },
        "2": {
            "accuracy": 0.29347826086956524,
            "precision": 0.2719796351824088,
            "recall": 0.29347826086956524,
            "F1": 0.27443999315265516
        },
        "3": {
            "accuracy": 0.30434782608695654,
            "precision": 0.2956630267815401,
            "recall": 0.30434782608695654,
            "F1": 0.29533488617842674
        },
        "4": {
            "accuracy": 0.30434782608695654,
            "precision": 0.2956630267815401,
            "recall": 0.30434782608695654,
            "F1": 0.29533488617842674
        }
    },
    "Internet Diplomacy": {
        "0": {
            "accuracy": 0.37662337662337664,
            "precision": 0.36427298192004076,
            "recall": 0.37662337662337664,
            "F1": 0.31770394108056443
        },
        "1": {
            "accuracy": 0.7272727272727273,
            "precision": 0.7302200904685378,
            "recall": 0.7272727272727273,
            "F1": 0.7273812844040936
        },
        "2": {
            "accuracy": 0.7402597402597403,
            "precision": 0.741603224361845,
            "recall": 0.7402597402597403,
            "F1": 0.73536608319217
        },
        "3": {
            "accuracy": 0.8311688311688312,
            "precision": 0.8327417923691215,
            "recall": 0.8311688311688312,
            "F1": 0.8301036660682406
        },
        "4": {
            "accuracy": 0.8311688311688312,
            "precision": 0.8327417923691215,
            "recall": 0.8311688311688312,
            "F1": 0.8301036660682406
        }
    },
    "Jacob\u2019s Ladder": {
        "0": {
            "accuracy": 0.5642857142857143,
            "precision": 0.6037650987224158,
            "recall": 0.5642857142857143,
            "F1": 0.5532287184573428
        },
        "1": {
            "accuracy": 0.7928571428571428,
            "precision": 0.8039191552327145,
            "recall": 0.7928571428571428,
            "F1": 0.7903364472373663
        },
        "2": {
            "accuracy": 0.8071428571428572,
            "precision": 0.8143623043623044,
            "recall": 0.8071428571428572,
            "F1": 0.806765031594033
        },
        "3": {
            "accuracy": 0.8142857142857143,
            "precision": 0.8216156092335338,
            "recall": 0.8142857142857143,
            "F1": 0.8144716194246129
        },
        "4": {
            "accuracy": 0.8142857142857143,
            "precision": 0.8216156092335338,
            "recall": 0.8142857142857143,
            "F1": 0.8144716194246129
        }
    },
    "La Memoria De Nuestra Tierra (Calif. 1996)": {
        "0": {
            "accuracy": 0.373015873015873,
            "precision": 0.36871270247229326,
            "recall": 0.373015873015873,
            "F1": 0.35096108254003
        },
        "1": {
            "accuracy": 0.7936507936507936,
            "precision": 0.7965175486452081,
            "recall": 0.7936507936507936,
            "F1": 0.7937390817936476
        },
        "2": {
            "accuracy": 0.7936507936507936,
            "precision": 0.7964956195244055,
            "recall": 0.7936507936507936,
            "F1": 0.7911390254015511
        },
        "3": {
            "accuracy": 0.8015873015873016,
            "precision": 0.8032726092801187,
            "recall": 0.8015873015873016,
            "F1": 0.7984574635607489
        },
        "4": {
            "accuracy": 0.8015873015873016,
            "precision": 0.8032726092801187,
            "recall": 0.8015873015873016,
            "F1": 0.7984574635607489
        }
    },