{
    "Breakthrough": {
        "0": {
            "accuracy": 0.3333333333333333,
            "precision": 0.33902323376007587,
            "recall": 0.3333333333333333,
            "F1": 0.3286274509803922
        },
        "1": {
            "accuracy": 0.3709677419354839,
            "precision": 0.37311442105962656,
            "recall": 0.3709677419354839,
            "F1": 0.36469617549990296
        },
        "2": {
            "accuracy": 0.478494623655914,
            "precision": 0.4957912457912457,
            "recall": 0.478494623655914,
            "F1": 0.4716099773242631
        },
        "3": {
            "accuracy": 0.532258064516129,
            "precision": 0.5421855921855921,
            "recall": 0.532258064516129,
            "F1": 0.5295287305020542
        },
        "4": {
            "accuracy": 0.532258064516129,
            "precision": 0.5421855921855921,
            "recall": 0.532258064516129,
            "F1": 0.5295287305020542
        }
    },
    "Cups": {
        "0": {
            "accuracy": 0.2805755395683453,
            "precision": 0.27198293313401223,
            "recall": 0.2805755395683453,
            "F1": 0.2629898693034602
        },
        "1": {
            "accuracy": 0.5827338129496403,
            "precision": 0.5831955744775168,
            "recall": 0.5827338129496403,
            "F1": 0.5797521134286204
        },
        "2": {
            "accuracy": 0.5467625899280576,
            "precision": 0.5476743879621577,
            "recall": 0.5467625899280576,
            "F1": 0.54633456072305
        },
        "3": {
            "accuracy": 0.48201438848920863,
            "precision": 0.48524451256699064,
            "recall": 0.48201438848920863,
            "F1": 0.47674129122637354
        },
        "4": {
            "accuracy": 0.48201438848920863,
            "precision": 0.48524451256699064,
            "recall": 0.48201438848920863,
            "F1": 0.47674129122637354
        }
    },
    "Empire Builder": {
        "0": {
            "accuracy": 0.29850746268656714,
            "precision": 0.3009848686412675,
            "recall": 0.29850746268656714,
            "F1": 0.29870701159850377
        },
        "1": {
            "accuracy": 0.6865671641791045,
            "precision": 0.6984250217437538,
            "recall": 0.6865671641791045,
            "F1": 0.6836361388808421
        },
        "2": {
            "accuracy": 0.5895522388059702,
            "precision": 0.6126043121829277,
            "recall": 0.5895522388059702,
            "F1": 0.5866000247521199
        },
        "3": {
            "accuracy": 0.6343283582089553,
            "precision": 0.663299714953086,
            "recall": 0.6343283582089553,
            "F1": 0.6299194942862734
        },
        "4": {
            "accuracy": 0.6343283582089553,
            "precision": 0.663299714953086,
            "recall": 0.6343283582089553,
            "F1": 0.6299194942862734
        }
    },
    "Eson xorgol": {
        "0": {
            "accuracy": 0.4666666666666667,
            "precision": 0.48968332781639634,
            "recall": 0.4666666666666667,
            "F1": 0.44664371772805506
        },
        "1": {
            "accuracy": 0.6666666666666666,
            "precision": 0.6864909781576448,
            "recall": 0.6666666666666666,
            "F1": 0.6693505099302202
        },
        "2": {
            "accuracy": 0.7555555555555555,
            "precision": 0.7778455284552845,
            "recall": 0.7555555555555555,
            "F1": 0.7552046284440651
        },
        "3": {
            "accuracy": 0.6555555555555556,
            "precision": 0.6996476009758742,
            "recall": 0.6555555555555556,
            "F1": 0.6535674146417083
        },
        "4": {
            "accuracy": 0.6555555555555556,
            "precision": 0.6996476009758742,
            "recall": 0.6555555555555556,
            "F1": 0.6535674146417083
        }
    },
    "Hex": {
        "0": {
            "accuracy": 0.2717391304347826,
            "precision": 0.23201499802819678,
            "recall": 0.2717391304347826,
            "F1": 0.24091166636177003
        },
        "1": {
            "accuracy": 0.5217391304347826,
            "precision": 0.532442054234207,
            "recall": 0.5217391304347826,
            "F1": 0.5176135616592612
        },
        "2": {
            "accuracy": 0.41847826086956524,
            "precision": 0.4318711180124224,
            "recall": 0.41847826086956524,
            "F1": 0.41401988399739525
        },
        "3": {
            "accuracy": 0.32608695652173914,
            "precision": 0.32335357166955453,
            "recall": 0.32608695652173914,
            "F1": 0.31904440827714486
        },
        "4": {
            "accuracy": 0.32608695652173914,
            "precision": 0.32335357166955453,
            "recall": 0.32608695652173914,
            "F1": 0.31904440827714486
        }
    },
    "Internet Diplomacy": {
        "0": {
            "accuracy": 0.37662337662337664,
            "precision": 0.36427298192004076,
            "recall": 0.37662337662337664,
            "F1": 0.31770394108056443
        },
        "1": {
            "accuracy": 0.6363636363636364,
            "precision": 0.6441879549022407,
            "recall": 0.6363636363636364,
            "F1": 0.6241483180455492
        },
        "2": {
            "accuracy": 0.4675324675324675,
            "precision": 0.4608049608049608,
            "recall": 0.4675324675324675,
            "F1": 0.4512766145419207
        },
        "3": {
            "accuracy": 0.5324675324675324,
            "precision": 0.5578291922829738,
            "recall": 0.5324675324675324,
            "F1": 0.5217901113933946
        },
        "4": {
            "accuracy": 0.5324675324675324,
            "precision": 0.5578291922829738,
            "recall": 0.5324675324675324,
            "F1": 0.5217901113933946
        }
    },
    "Jacob\u2019s Ladder": {
        "0": {
            "accuracy": 0.5642857142857143,
            "precision": 0.6037650987224158,
            "recall": 0.5642857142857143,
            "F1": 0.5532287184573428
        },
        "1": {
            "accuracy": 0.8785714285714286,
            "precision": 0.882906462585034,
            "recall": 0.8785714285714286,
            "F1": 0.8792625172481765
        },
        "2": {
            "accuracy": 0.9142857142857143,
            "precision": 0.9142460317460317,
            "recall": 0.9142857142857143,
            "F1": 0.9141956539700902
        },
        "3": {
            "accuracy": 0.85,
            "precision": 0.8555520588403969,
            "recall": 0.85,
            "F1": 0.8498404046824515
        },
        "4": {
            "accuracy": 0.85,
            "precision": 0.8555520588403969,
            "recall": 0.85,
            "F1": 0.8498404046824515
        }
    },
    "La Memoria De Nuestra Tierra (Calif. 1996)": {
        "0": {
            "accuracy": 0.373015873015873,
            "precision": 0.36871270247229326,
            "recall": 0.373015873015873,
            "F1": 0.35096108254003
        },
        "1": {
            "accuracy": 0.7936507936507936,
            "precision": 0.8047470547470548,
            "recall": 0.7936507936507936,
            "F1": 0.7940569171379837
        },
        "2": {
            "accuracy": 0.6587301587301587,
            "precision": 0.6713741051976346,
            "recall": 0.6587301587301587,
            "F1": 0.6567884913749577
        },
        "3": {
            "accuracy": 0.7698412698412699,
            "precision": 0.7794931154064282,
            "recall": 0.7698412698412699,
            "F1": 0.7706217957442947
        },
        "4": {
            "accuracy": 0.7698412698412699,
            "precision": 0.7794931154064282,
            "recall": 0.7698412698412699,
            "F1": 0.7706217957442947
        }
    },