{
    "Breakthrough": {
        "0": {
            "accuracy": 0.3333333333333333,
            "precision": 0.33902323376007587,
            "recall": 0.3333333333333333,
            "F1": 0.3286274509803922
        },
        "1": {
            "accuracy": 0.3387096774193548,
            "precision": 0.34545454545454546,
            "recall": 0.3387096774193548,
            "F1": 0.33797070059349205
        },
        "2": {
            "accuracy": 0.3655913978494624,
            "precision": 0.37641025641025644,
            "recall": 0.3655913978494624,
            "F1": 0.3630010675106077
        },
        "3": {
            "accuracy": 0.3763440860215054,
            "precision": 0.3896050052766471,
            "recall": 0.3763440860215054,
            "F1": 0.3777609806665962
        },
        "4": {
            "accuracy": 0.3763440860215054,
            "precision": 0.3896050052766471,
            "recall": 0.3763440860215054,
            "F1": 0.3777609806665962
        }
    },
    "Cups": {
        "0": {
            "accuracy": 0.2805755395683453,
            "precision": 0.27198293313401223,
            "recall": 0.2805755395683453,
            "F1": 0.2629898693034602
        },
        "1": {
            "accuracy": 0.4748201438848921,
            "precision": 0.48149382932678253,
            "recall": 0.4748201438848921,
            "F1": 0.4737952651552162
        },
        "2": {
            "accuracy": 0.5035971223021583,
            "precision": 0.5067812416733279,
            "recall": 0.5035971223021583,
            "F1": 0.5035696350753907
        },
        "3": {
            "accuracy": 0.539568345323741,
            "precision": 0.5470635074951622,
            "recall": 0.539568345323741,
            "F1": 0.5380297618780225
        },
        "4": {
            "accuracy": 0.539568345323741,
            "precision": 0.5470635074951622,
            "recall": 0.539568345323741,
            "F1": 0.5380297618780225
        }
    },
    "Empire Builder": {
        "0": {
            "accuracy": 0.29850746268656714,
            "precision": 0.3009848686412675,
            "recall": 0.29850746268656714,
            "F1": 0.29870701159850377
        },
        "1": {
            "accuracy": 0.6791044776119403,
            "precision": 0.678505465981131,
            "recall": 0.6791044776119403,
            "F1": 0.6746145645399377
        },
        "2": {
            "accuracy": 0.6865671641791045,
            "precision": 0.689759457870124,
            "recall": 0.6865671641791045,
            "F1": 0.6855547842184427
        },
        "3": {
            "accuracy": 0.5895522388059702,
            "precision": 0.5978968140068887,
            "recall": 0.5895522388059702,
            "F1": 0.5864547528960712
        },
        "4": {
            "accuracy": 0.5895522388059702,
            "precision": 0.5978968140068887,
            "recall": 0.5895522388059702,
            "F1": 0.5864547528960712
        }
    },
    "Eson xorgol": {
        "0": {
            "accuracy": 0.4666666666666667,
            "precision": 0.48968332781639634,
            "recall": 0.4666666666666667,
            "F1": 0.44664371772805506
        },
        "1": {
            "accuracy": 0.4,
            "precision": 0.4010230179028133,
            "recall": 0.4,
            "F1": 0.3791649939783219
        },
        "2": {
            "accuracy": 0.5111111111111111,
            "precision": 0.5193098688750862,
            "recall": 0.5111111111111111,
            "F1": 0.50582555110857
        },
        "3": {
            "accuracy": 0.4222222222222222,
            "precision": 0.4334650856389987,
            "recall": 0.4222222222222222,
            "F1": 0.41430499325236164
        },
        "4": {
            "accuracy": 0.4222222222222222,
            "precision": 0.4334650856389987,
            "recall": 0.4222222222222222,
            "F1": 0.41430499325236164
        }
    },
    "Hex": {
        "0": {
            "accuracy": 0.2717391304347826,
            "precision": 0.23201499802819678,
            "recall": 0.2717391304347826,
            "F1": 0.24091166636177003
        },
        "1": {
            "accuracy": 0.2717391304347826,
            "precision": 0.2651440775213566,
            "recall": 0.2717391304347826,
            "F1": 0.26592229287859653
        },
        "2": {
            "accuracy": 0.391304347826087,
            "precision": 0.3883905890090298,
            "recall": 0.391304347826087,
            "F1": 0.3875420389608539
        },
        "3": {
            "accuracy": 0.3858695652173913,
            "precision": 0.3853417860906362,
            "recall": 0.3858695652173913,
            "F1": 0.38277647397891956
        },
        "4": {
            "accuracy": 0.3858695652173913,
            "precision": 0.3853417860906362,
            "recall": 0.3858695652173913,
            "F1": 0.38277647397891956
        }
    },
    "Internet Diplomacy": {
        "0": {
            "accuracy": 0.37662337662337664,
            "precision": 0.36427298192004076,
            "recall": 0.37662337662337664,
            "F1": 0.31770394108056443
        },
        "1": {
            "accuracy": 0.6233766233766234,
            "precision": 0.6460097740705678,
            "recall": 0.6233766233766234,
            "F1": 0.6181586270871985
        },
        "2": {
            "accuracy": 0.4935064935064935,
            "precision": 0.504442925495557,
            "recall": 0.4935064935064935,
            "F1": 0.4846648301193756
        },
        "3": {
            "accuracy": 0.7402597402597403,
            "precision": 0.7438724911452185,
            "recall": 0.7402597402597403,
            "F1": 0.7397098104232022
        },
        "4": {
            "accuracy": 0.7402597402597403,
            "precision": 0.7438724911452185,
            "recall": 0.7402597402597403,
            "F1": 0.7397098104232022
        }
    },
    "Jacob\u2019s Ladder": {
        "0": {
            "accuracy": 0.5642857142857143,
            "precision": 0.6037650987224158,
            "recall": 0.5642857142857143,
            "F1": 0.5532287184573428
        },
        "1": {
            "accuracy": 0.7357142857142858,
            "precision": 0.7533858998144712,
            "recall": 0.7357142857142858,
            "F1": 0.7368362959719945
        },
        "2": {
            "accuracy": 0.7857142857142857,
            "precision": 0.8057892491854757,
            "recall": 0.7857142857142857,
            "F1": 0.7848928571428573
        },
        "3": {
            "accuracy": 0.7214285714285714,
            "precision": 0.7498065076976286,
            "recall": 0.7214285714285714,
            "F1": 0.7214640801375495
        },
        "4": {
            "accuracy": 0.7214285714285714,
            "precision": 0.7498065076976286,
            "recall": 0.7214285714285714,
            "F1": 0.7214640801375495
        }
    },
    "La Memoria De Nuestra Tierra (Calif. 1996)": {
        "0": {
            "accuracy": 0.373015873015873,
            "precision": 0.36871270247229326,
            "recall": 0.373015873015873,
            "F1": 0.35096108254003
        },
        "1": {
            "accuracy": 0.5476190476190477,
            "precision": 0.5540218470705065,
            "recall": 0.5476190476190477,
            "F1": 0.5462918660287082
        },
        "2": {
            "accuracy": 0.6746031746031746,
            "precision": 0.68216752422009,
            "recall": 0.6746031746031746,
            "F1": 0.6748393002394919
        },
        "3": {
            "accuracy": 0.6111111111111112,
            "precision": 0.6304755944931163,
            "recall": 0.6111111111111112,
            "F1": 0.6098103177479763
        },
        "4": {
            "accuracy": 0.6111111111111112,
            "precision": 0.6304755944931163,
            "recall": 0.6111111111111112,
            "F1": 0.6098103177479763
        }
    },