{
    "Breakthrough": {
        "0": {
            "accuracy": 0.3333333333333333,
            "precision": 0.33902323376007587,
            "recall": 0.3333333333333333,
            "F1": 0.3286274509803922
        },
        "1": {
            "accuracy": 0.44623655913978494,
            "precision": 0.45146453643185663,
            "recall": 0.44623655913978494,
            "F1": 0.44393181835964873
        },
        "2": {
            "accuracy": 0.45698924731182794,
            "precision": 0.4633547008547008,
            "recall": 0.45698924731182794,
            "F1": 0.45549641615215386
        },
        "3": {
            "accuracy": 0.521505376344086,
            "precision": 0.5291925653705971,
            "recall": 0.521505376344086,
            "F1": 0.5184339433436606
        },
        "4": {
            "accuracy": 0.521505376344086,
            "precision": 0.5291925653705971,
            "recall": 0.521505376344086,
            "F1": 0.5184339433436606
        }
    },
    "Cups": {
        "0": {
            "accuracy": 0.2805755395683453,
            "precision": 0.27198293313401223,
            "recall": 0.2805755395683453,
            "F1": 0.2629898693034602
        },
        "1": {
            "accuracy": 0.4316546762589928,
            "precision": 0.43113776404196696,
            "recall": 0.4316546762589928,
            "F1": 0.428344495064613
        },
        "2": {
            "accuracy": 0.48201438848920863,
            "precision": 0.48253760627861353,
            "recall": 0.48201438848920863,
            "F1": 0.4797976744654697
        },
        "3": {
            "accuracy": 0.5251798561151079,
            "precision": 0.5250867437917797,
            "recall": 0.5251798561151079,
            "F1": 0.5242667005256934
        },
        "4": {
            "accuracy": 0.5251798561151079,
            "precision": 0.5250867437917797,
            "recall": 0.5251798561151079,
            "F1": 0.5242667005256934
        }
    },
    "Empire Builder": {
        "0": {
            "accuracy": 0.29850746268656714,
            "precision": 0.3009848686412675,
            "recall": 0.29850746268656714,
            "F1": 0.29870701159850377
        },
        "1": {
            "accuracy": 0.5149253731343284,
            "precision": 0.5287550014111866,
            "recall": 0.5149253731343284,
            "F1": 0.513038522557491
        },
        "2": {
            "accuracy": 0.6343283582089553,
            "precision": 0.6477895609670944,
            "recall": 0.6343283582089553,
            "F1": 0.6316579564303273
        },
        "3": {
            "accuracy": 0.5671641791044776,
            "precision": 0.5967011988358744,
            "recall": 0.5671641791044776,
            "F1": 0.5609481841531888
        },
        "4": {
            "accuracy": 0.5671641791044776,
            "precision": 0.5967011988358744,
            "recall": 0.5671641791044776,
            "F1": 0.5609481841531888
        }
    },
    "Eson xorgol": {
        "0": {
            "accuracy": 0.4666666666666667,
            "precision": 0.48968332781639634,
            "recall": 0.4666666666666667,
            "F1": 0.44664371772805506
        },
        "1": {
            "accuracy": 0.4444444444444444,
            "precision": 0.4427736006683375,
            "recall": 0.4444444444444444,
            "F1": 0.4395487441464453
        },
        "2": {
            "accuracy": 0.37777777777777777,
            "precision": 0.3903846153846154,
            "recall": 0.37777777777777777,
            "F1": 0.3791005291005291
        },
        "3": {
            "accuracy": 0.4888888888888889,
            "precision": 0.4964708298041632,
            "recall": 0.4888888888888889,
            "F1": 0.4896133368246487
        },
        "4": {
            "accuracy": 0.4888888888888889,
            "precision": 0.4964708298041632,
            "recall": 0.4888888888888889,
            "F1": 0.4896133368246487
        }
    },
    "Hex": {
        "0": {
            "accuracy": 0.2717391304347826,
            "precision": 0.23201499802819678,
            "recall": 0.2717391304347826,
            "F1": 0.24091166636177003
        },
        "1": {
            "accuracy": 0.44021739130434784,
            "precision": 0.4454987260935742,
            "recall": 0.44021739130434784,
            "F1": 0.43186554614339273
        },
        "2": {
            "accuracy": 0.45652173913043476,
            "precision": 0.4618501918773658,
            "recall": 0.45652173913043476,
            "F1": 0.4369052034899435
        },
        "3": {
            "accuracy": 0.3967391304347826,
            "precision": 0.4046902070786239,
            "recall": 0.3967391304347826,
            "F1": 0.3854511315263704
        },
        "4": {
            "accuracy": 0.3967391304347826,
            "precision": 0.4046902070786239,
            "recall": 0.3967391304347826,
            "F1": 0.3854511315263704
        }
    },
    "Internet Diplomacy": {
        "0": {
            "accuracy": 0.37662337662337664,
            "precision": 0.36427298192004076,
            "recall": 0.37662337662337664,
            "F1": 0.31770394108056443
        },
        "1": {
            "accuracy": 0.44155844155844154,
            "precision": 0.4469096632850433,
            "recall": 0.44155844155844154,
            "F1": 0.41197642985147165
        },
        "2": {
            "accuracy": 0.6233766233766234,
            "precision": 0.6375442739079102,
            "recall": 0.6233766233766234,
            "F1": 0.6236005373936409
        },
        "3": {
            "accuracy": 0.5194805194805194,
            "precision": 0.5260842058871615,
            "recall": 0.5194805194805194,
            "F1": 0.5198781027765371
        },
        "4": {
            "accuracy": 0.5194805194805194,
            "precision": 0.5260842058871615,
            "recall": 0.5194805194805194,
            "F1": 0.5198781027765371
        }
    },
    "Jacob\u2019s Ladder": {
        "0": {
            "accuracy": 0.5642857142857143,
            "precision": 0.6037650987224158,
            "recall": 0.5642857142857143,
            "F1": 0.5532287184573428
        },
        "1": {
            "accuracy": 0.6071428571428571,
            "precision": 0.6355567226890756,
            "recall": 0.6071428571428571,
            "F1": 0.6044363418366956
        },
        "2": {
            "accuracy": 0.6071428571428571,
            "precision": 0.6412755102040817,
            "recall": 0.6071428571428571,
            "F1": 0.6012977251342227
        },
        "3": {
            "accuracy": 0.5642857142857143,
            "precision": 0.6275170881749829,
            "recall": 0.5642857142857143,
            "F1": 0.5531902036176789
        },
        "4": {
            "accuracy": 0.5642857142857143,
            "precision": 0.6275170881749829,
            "recall": 0.5642857142857143,
            "F1": 0.5531902036176789
        }
    },
    "La Memoria De Nuestra Tierra (Calif. 1996)": {
        "0": {
            "accuracy": 0.373015873015873,
            "precision": 0.36871270247229326,
            "recall": 0.373015873015873,
            "F1": 0.35096108254003
        },
        "1": {
            "accuracy": 0.6190476190476191,
            "precision": 0.6558807588075881,
            "recall": 0.6190476190476191,
            "F1": 0.6159164019261124
        },
        "2": {
            "accuracy": 0.5476190476190477,
            "precision": 0.5928205128205127,
            "recall": 0.5476190476190477,
            "F1": 0.5314378334571487
        },
        "3": {
            "accuracy": 0.5079365079365079,
            "precision": 0.5292929292929293,
            "recall": 0.5079365079365079,
            "F1": 0.5
        },
        "4": {
            "accuracy": 0.5079365079365079,
            "precision": 0.5292929292929293,
            "recall": 0.5079365079365079,