{
    "Breakthrough": {
        "0": {
            "accuracy": 0.3333333333333333,
            "precision": 0.33902323376007587,
            "recall": 0.3333333333333333,
            "F1": 0.3286274509803922
        },
        "1": {
            "accuracy": 0.3870967741935484,
            "precision": 0.3951228878648233,
            "recall": 0.3870967741935484,
            "F1": 0.38250601463151174
        },
        "2": {
            "accuracy": 0.2849462365591398,
            "precision": 0.28111851938732857,
            "recall": 0.2849462365591398,
            "F1": 0.2796901727882527
        },
        "3": {
            "accuracy": 0.3655913978494624,
            "precision": 0.3677191924413429,
            "recall": 0.3655913978494624,
            "F1": 0.36508187921825364
        },
        "4": {
            "accuracy": 0.3655913978494624,
            "precision": 0.3677191924413429,
            "recall": 0.3655913978494624,
            "F1": 0.36508187921825364
        }
    },
    "Cups": {
        "0": {
            "accuracy": 0.2805755395683453,
            "precision": 0.27198293313401223,
            "recall": 0.2805755395683453,
            "F1": 0.2629898693034602
        },
        "1": {
            "accuracy": 0.4244604316546763,
            "precision": 0.4346807122741214,
            "recall": 0.4244604316546763,
            "F1": 0.4244878940622003
        },
        "2": {
            "accuracy": 0.45323741007194246,
            "precision": 0.4540234428599599,
            "recall": 0.45323741007194246,
            "F1": 0.4505192790000238
        },
        "3": {
            "accuracy": 0.37410071942446044,
            "precision": 0.37022322440555017,
            "recall": 0.37410071942446044,
            "F1": 0.36409588632046863
        },
        "4": {
            "accuracy": 0.37410071942446044,
            "precision": 0.37022322440555017,
            "recall": 0.37410071942446044,
            "F1": 0.36409588632046863
        }
    },
    "Empire Builder": {
        "0": {
            "accuracy": 0.29850746268656714,
            "precision": 0.3009848686412675,
            "recall": 0.29850746268656714,
            "F1": 0.29870701159850377
        },
        "1": {
            "accuracy": 0.5149253731343284,
            "precision": 0.5152645861601085,
            "recall": 0.5149253731343284,
            "F1": 0.5127269096510139
        },
        "2": {
            "accuracy": 0.4552238805970149,
            "precision": 0.4561629146625676,
            "recall": 0.4552238805970149,
            "F1": 0.45154561776301155
        },
        "3": {
            "accuracy": 0.48507462686567165,
            "precision": 0.5038239652799831,
            "recall": 0.48507462686567165,
            "F1": 0.48072822699688367
        },
        "4": {
            "accuracy": 0.48507462686567165,
            "precision": 0.5038239652799831,
            "recall": 0.48507462686567165,
            "F1": 0.48072822699688367
        }
    },
    "Eson xorgol": {
        "0": {
            "accuracy": 0.4666666666666667,
            "precision": 0.48968332781639634,
            "recall": 0.4666666666666667,
            "F1": 0.44664371772805506
        },
        "1": {
            "accuracy": 0.7555555555555555,
            "precision": 0.7623456790123455,
            "recall": 0.7555555555555555,
            "F1": 0.7554492291334397
        },
        "2": {
            "accuracy": 0.8333333333333334,
            "precision": 0.835646053293112,
            "recall": 0.8333333333333334,
            "F1": 0.8320436507936507
        },
        "3": {
            "accuracy": 0.8111111111111111,
            "precision": 0.8093590996816804,
            "recall": 0.8111111111111111,
            "F1": 0.808309480440628
        },
        "4": {
            "accuracy": 0.8111111111111111,
            "precision": 0.8093590996816804,
            "recall": 0.8111111111111111,
            "F1": 0.808309480440628
        }
    },
    "Hex": {
        "0": {
            "accuracy": 0.2717391304347826,
            "precision": 0.23201499802819678,
            "recall": 0.2717391304347826,
            "F1": 0.24091166636177003
        },
        "1": {
            "accuracy": 0.3804347826086957,
            "precision": 0.3811614232809885,
            "recall": 0.3804347826086957,
            "F1": 0.3766170692857766
        },
        "2": {
            "accuracy": 0.3641304347826087,
            "precision": 0.3643165629935218,
            "recall": 0.3641304347826087,
            "F1": 0.3568662265306188
        },
        "3": {
            "accuracy": 0.32608695652173914,
            "precision": 0.330530525600245,
            "recall": 0.32608695652173914,
            "F1": 0.31856663171802124
        },
        "4": {
            "accuracy": 0.32608695652173914,
            "precision": 0.330530525600245,
            "recall": 0.32608695652173914,
            "F1": 0.31856663171802124
        }
    },
    "Internet Diplomacy": {
        "0": {
            "accuracy": 0.37662337662337664,
            "precision": 0.36427298192004076,
            "recall": 0.37662337662337664,
            "F1": 0.31770394108056443
        },
        "1": {
            "accuracy": 0.7662337662337663,
            "precision": 0.7668178897564205,
            "recall": 0.7662337662337663,
            "F1": 0.7648748283256632
        },
        "2": {
            "accuracy": 0.6363636363636364,
            "precision": 0.6366819455054749,
            "recall": 0.6363636363636364,
            "F1": 0.6212719468692789
        },
        "3": {
            "accuracy": 0.5584415584415584,
            "precision": 0.5512147039240635,
            "recall": 0.5584415584415584,
            "F1": 0.5519829056561293
        },
        "4": {
            "accuracy": 0.5584415584415584,
            "precision": 0.5512147039240635,
            "recall": 0.5584415584415584,
            "F1": 0.5519829056561293
        }
    },
    "Jacob\u2019s Ladder": {
        "0": {
            "accuracy": 0.5642857142857143,
            "precision": 0.6037650987224158,
            "recall": 0.5642857142857143,
            "F1": 0.5532287184573428
        },
        "1": {
            "accuracy": 0.8142857142857143,
            "precision": 0.8187991856761053,
            "recall": 0.8142857142857143,
            "F1": 0.814378478664193
        },
        "2": {
            "accuracy": 0.7142857142857143,
            "precision": 0.719219970281291,
            "recall": 0.7142857142857143,
            "F1": 0.7134810599437282
        },
        "3": {
            "accuracy": 0.7357142857142858,
            "precision": 0.7550246098439376,
            "recall": 0.7357142857142858,
            "F1": 0.7362425840897642
        },
        "4": {
            "accuracy": 0.7357142857142858,
            "precision": 0.7550246098439376,
            "recall": 0.7357142857142858,
            "F1": 0.7362425840897642
        }
    },
    "La Memoria De Nuestra Tierra (Calif. 1996)": {
        "0": {
            "accuracy": 0.373015873015873,
            "precision": 0.36871270247229326,
            "recall": 0.373015873015873,
            "F1": 0.35096108254003
        },
        "1": {
            "accuracy": 0.6666666666666666,
            "precision": 0.684310836034974,
            "recall": 0.6666666666666666,
            "F1": 0.6651350181467054
        },
        "2": {
            "accuracy": 0.6507936507936508,
            "precision": 0.6701804799354708,
            "recall": 0.6507936507936508,
            "F1": 0.6484436718033421
        },
        "3": {
            "accuracy": 0.6746031746031746,
            "precision": 0.6835798646944158,
            "recall": 0.6746031746031746,
            "F1": 0.6725877192982456
        },
        "4": {
            "accuracy": 0.6746031746031746,
            "precision": 0.6835798646944158,
            "recall": 0.6746031746031746,