{
    "Breakthrough": {
        "0": {
            "accuracy": 0.3333333333333333,
            "precision": 0.33902323376007587,
            "recall": 0.3333333333333333,
            "F1": 0.3286274509803922
        },
        "1": {
            "accuracy": 0.3870967741935484,
            "precision": 0.3959538403982848,
            "recall": 0.3870967741935484,
            "F1": 0.3828260229869141
        },
        "2": {
            "accuracy": 0.3602150537634409,
            "precision": 0.3546786546786547,
            "recall": 0.3602150537634409,
            "F1": 0.35312329545069937
        },
        "3": {
            "accuracy": 0.3064516129032258,
            "precision": 0.30559101915034115,
            "recall": 0.3064516129032258,
            "F1": 0.30356718167378727
        },
        "4": {
            "accuracy": 0.3064516129032258,
            "precision": 0.30559101915034115,
            "recall": 0.3064516129032258,
            "F1": 0.30356718167378727
        }
    },
    "Cups": {
        "0": {
            "accuracy": 0.2805755395683453,
            "precision": 0.27198293313401223,
            "recall": 0.2805755395683453,
            "F1": 0.2629898693034602
        },
        "1": {
            "accuracy": 0.460431654676259,
            "precision": 0.4638531035636607,
            "recall": 0.460431654676259,
            "F1": 0.4572316371053673
        },
        "2": {
            "accuracy": 0.5251798561151079,
            "precision": 0.5274863165945649,
            "recall": 0.5251798561151079,
            "F1": 0.5249006834237705
        },
        "3": {
            "accuracy": 0.5755395683453237,
            "precision": 0.5807927243111172,
            "recall": 0.5755395683453237,
            "F1": 0.5765032625062742
        },
        "4": {
            "accuracy": 0.5755395683453237,
            "precision": 0.5807927243111172,
            "recall": 0.5755395683453237,
            "F1": 0.5765032625062742
        }
    },
    "Empire Builder": {
        "0": {
            "accuracy": 0.29850746268656714,
            "precision": 0.3009848686412675,
            "recall": 0.29850746268656714,
            "F1": 0.29870701159850377
        },
        "1": {
            "accuracy": 0.47761194029850745,
            "precision": 0.5000974604588996,
            "recall": 0.47761194029850745,
            "F1": 0.47151859937197954
        },
        "2": {
            "accuracy": 0.4552238805970149,
            "precision": 0.45994370253993183,
            "recall": 0.4552238805970149,
            "F1": 0.4507982177466084
        },
        "3": {
            "accuracy": 0.5,
            "precision": 0.5127773959151611,
            "recall": 0.5,
            "F1": 0.49455853609782763
        },
        "4": {
            "accuracy": 0.5,
            "precision": 0.5127773959151611,
            "recall": 0.5,
            "F1": 0.49455853609782763
        }
    },
    "Eson xorgol": {
        "0": {
            "accuracy": 0.4666666666666667,
            "precision": 0.48968332781639634,
            "recall": 0.4666666666666667,
            "F1": 0.44664371772805506
        },
        "1": {
            "accuracy": 0.45555555555555555,
            "precision": 0.4713115948363785,
            "recall": 0.45555555555555555,
            "F1": 0.4499794761281715
        },
        "2": {
            "accuracy": 0.7222222222222222,
            "precision": 0.7686367218282112,
            "recall": 0.7222222222222222,
            "F1": 0.7157287157287158
        },
        "3": {
            "accuracy": 0.6888888888888889,
            "precision": 0.7066666666666666,
            "recall": 0.6888888888888889,
            "F1": 0.6891774891774891
        },
        "4": {
            "accuracy": 0.6888888888888889,
            "precision": 0.7066666666666666,
            "recall": 0.6888888888888889,
            "F1": 0.6891774891774891
        }
    },
    "Hex": {
        "0": {
            "accuracy": 0.2717391304347826,
            "precision": 0.23201499802819678,
            "recall": 0.2717391304347826,
            "F1": 0.24091166636177003
        },
        "1": {
            "accuracy": 0.4782608695652174,
            "precision": 0.47546345811051693,
            "recall": 0.4782608695652174,
            "F1": 0.4748980764763753
        },
        "2": {
            "accuracy": 0.5271739130434783,
            "precision": 0.5294988013185497,
            "recall": 0.5271739130434783,
            "F1": 0.5244550500028076
        },
        "3": {
            "accuracy": 0.41304347826086957,
            "precision": 0.4118333463750269,
            "recall": 0.41304347826086957,
            "F1": 0.40036445248115726
        },
        "4": {
            "accuracy": 0.41304347826086957,
            "precision": 0.4118333463750269,
            "recall": 0.41304347826086957,
            "F1": 0.40036445248115726
        }
    },
    "Internet Diplomacy": {
        "0": {
            "accuracy": 0.37662337662337664,
            "precision": 0.36427298192004076,
            "recall": 0.37662337662337664,
            "F1": 0.31770394108056443
        },
        "1": {
            "accuracy": 0.5584415584415584,
            "precision": 0.5635162285879989,
            "recall": 0.5584415584415584,
            "F1": 0.5534081737471568
        },
        "2": {
            "accuracy": 0.5974025974025974,
            "precision": 0.6182225750712184,
            "recall": 0.5974025974025974,
            "F1": 0.5966310333657272
        },
        "3": {
            "accuracy": 0.4805194805194805,
            "precision": 0.5158519675812909,
            "recall": 0.4805194805194805,
            "F1": 0.47576242618259423
        },
        "4": {
            "accuracy": 0.4805194805194805,
            "precision": 0.5158519675812909,
            "recall": 0.4805194805194805,
            "F1": 0.47576242618259423
        }
    },
    "Jacob\u2019s Ladder": {
        "0": {
            "accuracy": 0.5642857142857143,
            "precision": 0.6037650987224158,
            "recall": 0.5642857142857143,
            "F1": 0.5532287184573428
        },
        "1": {
            "accuracy": 0.7428571428571429,
            "precision": 0.7637014916323066,
            "recall": 0.7428571428571429,
            "F1": 0.7433031756764007
        },
        "2": {
            "accuracy": 0.7714285714285715,
            "precision": 0.8004625105856296,
            "recall": 0.7714285714285715,
            "F1": 0.7721175347475041
        },
        "3": {
            "accuracy": 0.85,
            "precision": 0.8546483680580246,
            "recall": 0.85,
            "F1": 0.8504218489052998
        },
        "4": {
            "accuracy": 0.85,
            "precision": 0.8546483680580246,
            "recall": 0.85,
            "F1": 0.8504218489052998
        }
    },
    "La Memoria De Nuestra Tierra (Calif. 1996)": {
        "0": {
            "accuracy": 0.373015873015873,
            "precision": 0.36871270247229326,
            "recall": 0.373015873015873,
            "F1": 0.35096108254003
        },
        "1": {
            "accuracy": 0.8809523809523809,
            "precision": 0.8837398373983739,
            "recall": 0.8809523809523809,
            "F1": 0.8817980078429783
        },
        "2": {
            "accuracy": 0.8333333333333334,
            "precision": 0.8455052264808363,
            "recall": 0.8333333333333334,
            "F1": 0.834954725735239
        },
        "3": {
            "accuracy": 0.8333333333333334,
            "precision": 0.8559403559403559,
            "recall": 0.8333333333333334,
            "F1": 0.8356958047679698
        },
        "4": {
            "accuracy": 0.8333333333333334,
            "precision": 0.8559403559403559,
            "recall": 0.8333333333333334,
            "F1": 0.8356958047679698
        }
    },