{
    "Breakthrough": {
        "0": {
            "accuracy": 0.3333333333333333,
            "precision": 0.33902323376007587,
            "recall": 0.3333333333333333,
            "F1": 0.3286274509803922
        },
        "1": {
            "accuracy": 0.3118279569892473,
            "precision": 0.30915032679738563,
            "recall": 0.3118279569892473,
            "F1": 0.30291597200759734
        },
        "2": {
            "accuracy": 0.3924731182795699,
            "precision": 0.39750579940453357,
            "recall": 0.3924731182795699,
            "F1": 0.38934082697711764
        },
        "3": {
            "accuracy": 0.3602150537634409,
            "precision": 0.3646781984458828,
            "recall": 0.3602150537634409,
            "F1": 0.3548746036633123
        },
        "4": {
            "accuracy": 0.3602150537634409,
            "precision": 0.3646781984458828,
            "recall": 0.3602150537634409,
            "F1": 0.3548746036633123
        }
    },
    "Cups": {
        "0": {
            "accuracy": 0.2805755395683453,
            "precision": 0.27198293313401223,
            "recall": 0.2805755395683453,
            "F1": 0.2629898693034602
        },
        "1": {
            "accuracy": 0.4244604316546763,
            "precision": 0.4223820943245403,
            "recall": 0.4244604316546763,
            "F1": 0.4220266470642085
        },
        "2": {
            "accuracy": 0.5179856115107914,
            "precision": 0.5151569326926632,
            "recall": 0.5179856115107914,
            "F1": 0.5121669878015745
        },
        "3": {
            "accuracy": 0.5611510791366906,
            "precision": 0.5611727307620388,
            "recall": 0.5611510791366906,
            "F1": 0.5605953915364171
        },
        "4": {
            "accuracy": 0.5611510791366906,
            "precision": 0.5611727307620388,
            "recall": 0.5611510791366906,
            "F1": 0.5605953915364171
        }
    },
    "Empire Builder": {
        "0": {
            "accuracy": 0.29850746268656714,
            "precision": 0.3009848686412675,
            "recall": 0.29850746268656714,
            "F1": 0.29870701159850377
        },
        "1": {
            "accuracy": 0.5447761194029851,
            "precision": 0.5540714999329633,
            "recall": 0.5447761194029851,
            "F1": 0.542529732011113
        },
        "2": {
            "accuracy": 0.5074626865671642,
            "precision": 0.5150588989322153,
            "recall": 0.5074626865671642,
            "F1": 0.5067576468197866
        },
        "3": {
            "accuracy": 0.48507462686567165,
            "precision": 0.4906865195553333,
            "recall": 0.48507462686567165,
            "F1": 0.4814629923369792
        },
        "4": {
            "accuracy": 0.48507462686567165,
            "precision": 0.4906865195553333,
            "recall": 0.48507462686567165,
            "F1": 0.4814629923369792
        }
    },
    "Eson xorgol": {
        "0": {
            "accuracy": 0.4666666666666667,
            "precision": 0.48968332781639634,
            "recall": 0.4666666666666667,
            "F1": 0.44664371772805506
        },
        "1": {
            "accuracy": 0.5444444444444444,
            "precision": 0.5512820512820512,
            "recall": 0.5444444444444444,
            "F1": 0.5434173669467787
        },
        "2": {
            "accuracy": 0.7222222222222222,
            "precision": 0.7408078368223295,
            "recall": 0.7222222222222222,
            "F1": 0.7218202739553286
        },
        "3": {
            "accuracy": 0.6444444444444445,
            "precision": 0.6567099567099567,
            "recall": 0.6444444444444445,
            "F1": 0.6405961854237716
        },
        "4": {
            "accuracy": 0.6444444444444445,
            "precision": 0.6567099567099567,
            "recall": 0.6444444444444445,
            "F1": 0.6405961854237716
        }
    },
    "Hex": {
        "0": {
            "accuracy": 0.2717391304347826,
            "precision": 0.23201499802819678,
            "recall": 0.2717391304347826,
            "F1": 0.24091166636177003
        },
        "1": {
            "accuracy": 0.3858695652173913,
            "precision": 0.3993285530984265,
            "recall": 0.3858695652173913,
            "F1": 0.3851356031780258
        },
        "2": {
            "accuracy": 0.30978260869565216,
            "precision": 0.3061972447842013,
            "recall": 0.30978260869565216,
            "F1": 0.2993920239683308
        },
        "3": {
            "accuracy": 0.3423913043478261,
            "precision": 0.3423435605117588,
            "recall": 0.3423913043478261,
            "F1": 0.3279416235937975
        },
        "4": {
            "accuracy": 0.3423913043478261,
            "precision": 0.3423435605117588,
            "recall": 0.3423913043478261,
            "F1": 0.3279416235937975
        }
    },
    "Internet Diplomacy": {
        "0": {
            "accuracy": 0.37662337662337664,
            "precision": 0.36427298192004076,
            "recall": 0.37662337662337664,
            "F1": 0.31770394108056443
        },
        "1": {
            "accuracy": 0.6883116883116883,
            "precision": 0.7101249590745389,
            "recall": 0.6883116883116883,
            "F1": 0.6853297208254369
        },
        "2": {
            "accuracy": 0.6623376623376623,
            "precision": 0.6877143419351213,
            "recall": 0.6623376623376623,
            "F1": 0.6584868677243844
        },
        "3": {
            "accuracy": 0.5194805194805194,
            "precision": 0.5294339876713149,
            "recall": 0.5194805194805194,
            "F1": 0.5069381357558698
        },
        "4": {
            "accuracy": 0.5194805194805194,
            "precision": 0.5294339876713149,
            "recall": 0.5194805194805194,
            "F1": 0.5069381357558698
        }
    },
    "Jacob\u2019s Ladder": {
        "0": {
            "accuracy": 0.5642857142857143,
            "precision": 0.6037650987224158,
            "recall": 0.5642857142857143,
            "F1": 0.5532287184573428
        },
        "1": {
            "accuracy": 0.7,
            "precision": 0.7340754483611627,
            "recall": 0.7,
            "F1": 0.6953881163084703
        },
        "2": {
            "accuracy": 0.7,
            "precision": 0.718938040332412,
            "recall": 0.7,
            "F1": 0.6981375553285665
        },
        "3": {
            "accuracy": 0.7285714285714285,
            "precision": 0.752778649921507,
            "recall": 0.7285714285714285,
            "F1": 0.7277655347448112
        },
        "4": {
            "accuracy": 0.7285714285714285,
            "precision": 0.752778649921507,
            "recall": 0.7285714285714285,
            "F1": 0.7277655347448112
        }
    },
    "La Memoria De Nuestra Tierra (Calif. 1996)": {
        "0": {
            "accuracy": 0.373015873015873,
            "precision": 0.36871270247229326,
            "recall": 0.373015873015873,
            "F1": 0.35096108254003
        },
        "1": {
            "accuracy": 0.6190476190476191,
            "precision": 0.6278235653235653,
            "recall": 0.6190476190476191,
            "F1": 0.6173133619942132
        },
        "2": {
            "accuracy": 0.6666666666666666,
            "precision": 0.6835636782445293,
            "recall": 0.6666666666666666,
            "F1": 0.6616602050397227
        },
        "3": {
            "accuracy": 0.7301587301587301,
            "precision": 0.751304347826087,
            "recall": 0.7301587301587301,
            "F1": 0.7312252964426877
        },
        "4": {
            "accuracy": 0.7301587301587301,
            "precision": 0.751304347826087,
            "recall": 0.7301587301587301,
            "F1": 0.7312252964426877
        }
    },