{
    "Breakthrough": {
        "0": {
            "accuracy": 0.3333333333333333,
            "precision": 0.33902323376007587,
            "recall": 0.3333333333333333,
            "F1": 0.3286274509803922
        },
        "1": {
            "accuracy": 0.3817204301075269,
            "precision": 0.38404882154882153,
            "recall": 0.3817204301075269,
            "F1": 0.38015462460425153
        },
        "2": {
            "accuracy": 0.40860215053763443,
            "precision": 0.41634322678843233,
            "recall": 0.40860215053763443,
            "F1": 0.4092102123598187
        },
        "3": {
            "accuracy": 0.46774193548387094,
            "precision": 0.4793206793206793,
            "recall": 0.46774193548387094,
            "F1": 0.46715027324448577
        },
        "4": {
            "accuracy": 0.46774193548387094,
            "precision": 0.4793206793206793,
            "recall": 0.46774193548387094,
            "F1": 0.46715027324448577
        }
    },
    "Cups": {
        "0": {
            "accuracy": 0.2805755395683453,
            "precision": 0.27198293313401223,
            "recall": 0.2805755395683453,
            "F1": 0.2629898693034602
        },
        "1": {
            "accuracy": 0.460431654676259,
            "precision": 0.46127538123941003,
            "recall": 0.460431654676259,
            "F1": 0.4579777516155283
        },
        "2": {
            "accuracy": 0.4748201438848921,
            "precision": 0.47589827297825604,
            "recall": 0.4748201438848921,
            "F1": 0.4746103289693425
        },
        "3": {
            "accuracy": 0.4676258992805755,
            "precision": 0.46734179133218223,
            "recall": 0.4676258992805755,
            "F1": 0.46653463745857254
        },
        "4": {
            "accuracy": 0.4676258992805755,
            "precision": 0.46734179133218223,
            "recall": 0.4676258992805755,
            "F1": 0.46653463745857254
        }
    },
    "Empire Builder": {
        "0": {
            "accuracy": 0.29850746268656714,
            "precision": 0.3009848686412675,
            "recall": 0.29850746268656714,
            "F1": 0.29870701159850377
        },
        "1": {
            "accuracy": 0.44776119402985076,
            "precision": 0.4458955223880597,
            "recall": 0.44776119402985076,
            "F1": 0.4377398720682303
        },
        "2": {
            "accuracy": 0.43283582089552236,
            "precision": 0.434505792714748,
            "recall": 0.43283582089552236,
            "F1": 0.42350746268656714
        },
        "3": {
            "accuracy": 0.5074626865671642,
            "precision": 0.5246268656716417,
            "recall": 0.5074626865671642,
            "F1": 0.49956925330059654
        },
        "4": {
            "accuracy": 0.5074626865671642,
            "precision": 0.5246268656716417,
            "recall": 0.5074626865671642,
            "F1": 0.49956925330059654
        }
    },
    "Eson xorgol": {
        "0": {
            "accuracy": 0.4666666666666667,
            "precision": 0.48968332781639634,
            "recall": 0.4666666666666667,
            "F1": 0.44664371772805506
        },
        "1": {
            "accuracy": 0.6222222222222222,
            "precision": 0.6314386762662624,
            "recall": 0.6222222222222222,
            "F1": 0.6244521015707457
        },
        "2": {
            "accuracy": 0.7333333333333333,
            "precision": 0.7397721454173067,
            "recall": 0.7333333333333333,
            "F1": 0.7320878676069934
        },
        "3": {
            "accuracy": 0.7333333333333333,
            "precision": 0.7373307447232179,
            "recall": 0.7333333333333333,
            "F1": 0.7343062397753594
        },
        "4": {
            "accuracy": 0.7333333333333333,
            "precision": 0.7373307447232179,
            "recall": 0.7333333333333333,
            "F1": 0.7343062397753594
        }
    },
    "Hex": {
        "0": {
            "accuracy": 0.2717391304347826,
            "precision": 0.23201499802819678,
            "recall": 0.2717391304347826,
            "F1": 0.24091166636177003
        },
        "1": {
            "accuracy": 0.33152173913043476,
            "precision": 0.29402486256871563,
            "recall": 0.33152173913043476,
            "F1": 0.2958052447886785
        },
        "2": {
            "accuracy": 0.33152173913043476,
            "precision": 0.31857754273372124,
            "recall": 0.33152173913043476,
            "F1": 0.3133503536817123
        },
        "3": {
            "accuracy": 0.358695652173913,
            "precision": 0.3199405301519382,
            "recall": 0.358695652173913,
            "F1": 0.31684353044669455
        },
        "4": {
            "accuracy": 0.358695652173913,
            "precision": 0.3199405301519382,
            "recall": 0.358695652173913,
            "F1": 0.31684353044669455
        }
    },
    "Internet Diplomacy": {
        "0": {
            "accuracy": 0.37662337662337664,
            "precision": 0.36427298192004076,
            "recall": 0.37662337662337664,
            "F1": 0.31770394108056443
        },
        "1": {
            "accuracy": 0.6363636363636364,
            "precision": 0.6441431944678698,
            "recall": 0.6363636363636364,
            "F1": 0.6255228317451351
        },
        "2": {
            "accuracy": 0.6623376623376623,
            "precision": 0.686730660643704,
            "recall": 0.6623376623376623,
            "F1": 0.6501240629289411
        },
        "3": {
            "accuracy": 0.6883116883116883,
            "precision": 0.6940085124959074,
            "recall": 0.6883116883116883,
            "F1": 0.6768595491431938
        },
        "4": {
            "accuracy": 0.6883116883116883,
            "precision": 0.6940085124959074,
            "recall": 0.6883116883116883,
            "F1": 0.6768595491431938
        }
    },
    "Jacob\u2019s Ladder": {
        "0": {
            "accuracy": 0.5642857142857143,
            "precision": 0.6037650987224158,
            "recall": 0.5642857142857143,
            "F1": 0.5532287184573428
        },
        "1": {
            "accuracy": 0.75,
            "precision": 0.7586665120593692,
            "recall": 0.75,
            "F1": 0.7506452829988148
        },
        "2": {
            "accuracy": 0.8428571428571429,
            "precision": 0.8527864435621101,
            "recall": 0.8428571428571429,
            "F1": 0.8442133371594368
        },
        "3": {
            "accuracy": 0.8428571428571429,
            "precision": 0.8460790503492366,
            "recall": 0.8428571428571429,
            "F1": 0.8431515616999489
        },
        "4": {
            "accuracy": 0.8428571428571429,
            "precision": 0.8460790503492366,
            "recall": 0.8428571428571429,
            "F1": 0.8431515616999489
        }
    },
    "La Memoria De Nuestra Tierra (Calif. 1996)": {
        "0": {
            "accuracy": 0.373015873015873,
            "precision": 0.36871270247229326,
            "recall": 0.373015873015873,
            "F1": 0.35096108254003
        },
        "1": {
            "accuracy": 0.6666666666666666,
            "precision": 0.6760352012122273,
            "recall": 0.6666666666666666,
            "F1": 0.6630116355834297
        },
        "2": {
            "accuracy": 0.8253968253968254,
            "precision": 0.8312224618844827,
            "recall": 0.8253968253968254,
            "F1": 0.8249849213704636
        },
        "3": {
            "accuracy": 0.8174603174603174,
            "precision": 0.832568697729988,
            "recall": 0.8174603174603174,
            "F1": 0.8164810288919467
        },
        "4": {
            "accuracy": 0.8174603174603174,
            "precision": 0.832568697729988,
            "recall": 0.8174603174603174,