{
    "Breakthrough": {
        "0": {
            "accuracy": 0.3333333333333333,
            "precision": 0.33902323376007587,
            "recall": 0.3333333333333333,
            "F1": 0.3286274509803922
        },
        "1": {
            "accuracy": 0.43010752688172044,
            "precision": 0.44082171755771493,
            "recall": 0.43010752688172044,
            "F1": 0.42924974126859433
        },
        "2": {
            "accuracy": 0.3387096774193548,
            "precision": 0.34448042783004673,
            "recall": 0.3387096774193548,
            "F1": 0.3358181190039597
        },
        "3": {
            "accuracy": 0.4946236559139785,
            "precision": 0.5073396261603528,
            "recall": 0.4946236559139785,
            "F1": 0.494574693758524
        },
        "4": {
            "accuracy": 0.4946236559139785,
            "precision": 0.5073396261603528,
            "recall": 0.4946236559139785,
            "F1": 0.494574693758524
        }
    },
    "Cups": {
        "0": {
            "accuracy": 0.2805755395683453,
            "precision": 0.27198293313401223,
            "recall": 0.2805755395683453,
            "F1": 0.2629898693034602
        },
        "1": {
            "accuracy": 0.49640287769784175,
            "precision": 0.4947164129161786,
            "recall": 0.49640287769784175,
            "F1": 0.4952253649414535
        },
        "2": {
            "accuracy": 0.4676258992805755,
            "precision": 0.4682251401675862,
            "recall": 0.4676258992805755,
            "F1": 0.4659232148863972
        },
        "3": {
            "accuracy": 0.5035971223021583,
            "precision": 0.5123672490578965,
            "recall": 0.5035971223021583,
            "F1": 0.5021803533289672
        },
        "4": {
            "accuracy": 0.5035971223021583,
            "precision": 0.5123672490578965,
            "recall": 0.5035971223021583,
            "F1": 0.5021803533289672
        }
    },
    "Empire Builder": {
        "0": {
            "accuracy": 0.29850746268656714,
            "precision": 0.3009848686412675,
            "recall": 0.29850746268656714,
            "F1": 0.29870701159850377
        },
        "1": {
            "accuracy": 0.5298507462686567,
            "precision": 0.5328394260581152,
            "recall": 0.5298507462686567,
            "F1": 0.5100520512423324
        },
        "2": {
            "accuracy": 0.40298507462686567,
            "precision": 0.4106117762834181,
            "recall": 0.40298507462686567,
            "F1": 0.39021870368281314
        },
        "3": {
            "accuracy": 0.5074626865671642,
            "precision": 0.5175728894331006,
            "recall": 0.5074626865671642,
            "F1": 0.4957994210189118
        },
        "4": {
            "accuracy": 0.5074626865671642,
            "precision": 0.5175728894331006,
            "recall": 0.5074626865671642,
            "F1": 0.4957994210189118
        }
    },
    "Eson xorgol": {
        "0": {
            "accuracy": 0.4666666666666667,
            "precision": 0.48968332781639634,
            "recall": 0.4666666666666667,
            "F1": 0.44664371772805506
        },
        "1": {
            "accuracy": 0.5222222222222223,
            "precision": 0.52485966319166,
            "recall": 0.5222222222222223,
            "F1": 0.5088712173980342
        },
        "2": {
            "accuracy": 0.4444444444444444,
            "precision": 0.4788011695906433,
            "recall": 0.4444444444444444,
            "F1": 0.4435015112764473
        },
        "3": {
            "accuracy": 0.4111111111111111,
            "precision": 0.4188311688311689,
            "recall": 0.4111111111111111,
            "F1": 0.4092182327476444
        },
        "4": {
            "accuracy": 0.4111111111111111,
            "precision": 0.4188311688311689,
            "recall": 0.4111111111111111,
            "F1": 0.4092182327476444
        }
    },
    "Hex": {
        "0": {
            "accuracy": 0.2717391304347826,
            "precision": 0.23201499802819678,
            "recall": 0.2717391304347826,
            "F1": 0.24091166636177003
        },
        "1": {
            "accuracy": 0.30434782608695654,
            "precision": 0.28750775606080753,
            "recall": 0.30434782608695654,
            "F1": 0.27394444230936615
        },
        "2": {
            "accuracy": 0.32608695652173914,
            "precision": 0.3161633727942246,
            "recall": 0.32608695652173914,
            "F1": 0.30212574243164836
        },
        "3": {
            "accuracy": 0.3532608695652174,
            "precision": 0.3459732678156219,
            "recall": 0.3532608695652174,
            "F1": 0.33824349353649924
        },
        "4": {
            "accuracy": 0.3532608695652174,
            "precision": 0.3459732678156219,
            "recall": 0.3532608695652174,
            "F1": 0.33824349353649924
        }
    },
    "Internet Diplomacy": {
        "0": {
            "accuracy": 0.37662337662337664,
            "precision": 0.36427298192004076,
            "recall": 0.37662337662337664,
            "F1": 0.31770394108056443
        },
        "1": {
            "accuracy": 0.6493506493506493,
            "precision": 0.6561374109761207,
            "recall": 0.6493506493506493,
            "F1": 0.6466282165039929
        },
        "2": {
            "accuracy": 0.6103896103896104,
            "precision": 0.629947983331442,
            "recall": 0.6103896103896104,
            "F1": 0.6050836831893799
        },
        "3": {
            "accuracy": 0.5714285714285714,
            "precision": 0.6025052909376015,
            "recall": 0.5714285714285714,
            "F1": 0.5693251930793459
        },
        "4": {
            "accuracy": 0.5714285714285714,
            "precision": 0.6025052909376015,
            "recall": 0.5714285714285714,
            "F1": 0.5693251930793459
        }
    },
    "Jacob\u2019s Ladder": {
        "0": {
            "accuracy": 0.5642857142857143,
            "precision": 0.6037650987224158,
            "recall": 0.5642857142857143,
            "F1": 0.5532287184573428
        },
        "1": {
            "accuracy": 0.6785714285714286,
            "precision": 0.7134580498866214,
            "recall": 0.6785714285714286,
            "F1": 0.6673207744636315
        },
        "2": {
            "accuracy": 0.7142857142857143,
            "precision": 0.7548947129222845,
            "recall": 0.7142857142857143,
            "F1": 0.7132924956816583
        },
        "3": {
            "accuracy": 0.7,
            "precision": 0.7545886372231176,
            "recall": 0.7,
            "F1": 0.6958070720021593
        },
        "4": {
            "accuracy": 0.7,
            "precision": 0.7545886372231176,
            "recall": 0.7,
            "F1": 0.6958070720021593
        }
    },
    "La Memoria De Nuestra Tierra (Calif. 1996)": {
        "0": {
            "accuracy": 0.373015873015873,
            "precision": 0.36871270247229326,
            "recall": 0.373015873015873,
            "F1": 0.35096108254003
        },
        "1": {
            "accuracy": 0.6746031746031746,
            "precision": 0.6900758613320901,
            "recall": 0.6746031746031746,
            "F1": 0.6732569547596781
        },
        "2": {
            "accuracy": 0.6825396825396826,
            "precision": 0.6953629316420015,
            "recall": 0.6825396825396826,
            "F1": 0.6836487638533675
        },
        "3": {
            "accuracy": 0.6666666666666666,
            "precision": 0.67673908900324,
            "recall": 0.6666666666666666,
            "F1": 0.6651832834117815
        },
        "4": {
            "accuracy": 0.6666666666666666,
            "precision": 0.67673908900324,
            "recall": 0.6666666666666666,
            "F1": 0.6651832834117815
        }
    },