{
    "Breakthrough": {
        "0": {
            "accuracy": 0.3333333333333333,
            "precision": 0.33902323376007587,
            "recall": 0.3333333333333333,
            "F1": 0.3286274509803922
        },
        "1": {
            "accuracy": 0.3763440860215054,
            "precision": 0.38695939954791253,
            "recall": 0.3763440860215054,
            "F1": 0.3743337009466042
        },
        "2": {
            "accuracy": 0.4731182795698925,
            "precision": 0.4789585503871219,
            "recall": 0.4731182795698925,
            "F1": 0.4725875287051758
        },
        "3": {
            "accuracy": 0.5,
            "precision": 0.5030225683178312,
            "recall": 0.5,
            "F1": 0.49888025214227955
        },
        "4": {
            "accuracy": 0.5,
            "precision": 0.5030225683178312,
            "recall": 0.5,
            "F1": 0.49888025214227955
        }
    },
    "Cups": {
        "0": {
            "accuracy": 0.2805755395683453,
            "precision": 0.27198293313401223,
            "recall": 0.2805755395683453,
            "F1": 0.2629898693034602
        },
        "1": {
            "accuracy": 0.5899280575539568,
            "precision": 0.5914538140367234,
            "recall": 0.5899280575539568,
            "F1": 0.5889643491761728
        },
        "2": {
            "accuracy": 0.5539568345323741,
            "precision": 0.556684212146397,
            "recall": 0.5539568345323741,
            "F1": 0.5535242091348146
        },
        "3": {
            "accuracy": 0.5971223021582733,
            "precision": 0.6005251021271819,
            "recall": 0.5971223021582733,
            "F1": 0.5927175906333757
        },
        "4": {
            "accuracy": 0.5971223021582733,
            "precision": 0.6005251021271819,
            "recall": 0.5971223021582733,
            "F1": 0.5927175906333757
        }
    },
    "Empire Builder": {
        "0": {
            "accuracy": 0.29850746268656714,
            "precision": 0.3009848686412675,
            "recall": 0.29850746268656714,
            "F1": 0.29870701159850377
        },
        "1": {
            "accuracy": 0.5373134328358209,
            "precision": 0.540274277960845,
            "recall": 0.5373134328358209,
            "F1": 0.533916326606667
        },
        "2": {
            "accuracy": 0.6343283582089553,
            "precision": 0.6408095996444576,
            "recall": 0.6343283582089553,
            "F1": 0.6286822466614298
        },
        "3": {
            "accuracy": 0.6044776119402985,
            "precision": 0.613251721415122,
            "recall": 0.6044776119402985,
            "F1": 0.5988280936883787
        },
        "4": {
            "accuracy": 0.6044776119402985,
            "precision": 0.613251721415122,
            "recall": 0.6044776119402985,
            "F1": 0.5988280936883787
        }
    },
    "Eson xorgol": {
        "0": {
            "accuracy": 0.4666666666666667,
            "precision": 0.48968332781639634,
            "recall": 0.4666666666666667,
            "F1": 0.44664371772805506
        },
        "1": {
            "accuracy": 0.3,
            "precision": 0.3054483054483054,
            "recall": 0.3,
            "F1": 0.29535017221584386
        },
        "2": {
            "accuracy": 0.37777777777777777,
            "precision": 0.3742753623188406,
            "recall": 0.37777777777777777,
            "F1": 0.37325093247186975
        },
        "3": {
            "accuracy": 0.32222222222222224,
            "precision": 0.32069967195051713,
            "recall": 0.32222222222222224,
            "F1": 0.32074846367330756
        },
        "4": {
            "accuracy": 0.32222222222222224,
            "precision": 0.32069967195051713,
            "recall": 0.32222222222222224,
            "F1": 0.32074846367330756
        }
    },
    "Hex": {
        "0": {
            "accuracy": 0.2717391304347826,
            "precision": 0.23201499802819678,
            "recall": 0.2717391304347826,
            "F1": 0.24091166636177003
        },
        "1": {
            "accuracy": 0.3532608695652174,
            "precision": 0.34131175296072663,
            "recall": 0.3532608695652174,
            "F1": 0.33918786525104794
        },
        "2": {
            "accuracy": 0.29891304347826086,
            "precision": 0.2751006441223833,
            "recall": 0.29891304347826086,
            "F1": 0.2715545825501717
        },
        "3": {
            "accuracy": 0.30434782608695654,
            "precision": 0.2807147635184348,
            "recall": 0.30434782608695654,
            "F1": 0.26995638261804117
        },
        "4": {
            "accuracy": 0.30434782608695654,
            "precision": 0.2807147635184348,
            "recall": 0.30434782608695654,
            "F1": 0.26995638261804117
        }
    },
    "Internet Diplomacy": {
        "0": {
            "accuracy": 0.37662337662337664,
            "precision": 0.36427298192004076,
            "recall": 0.37662337662337664,
            "F1": 0.31770394108056443
        },
        "1": {
            "accuracy": 0.5454545454545454,
            "precision": 0.5644141954302382,
            "recall": 0.5454545454545454,
            "F1": 0.5390361432234269
        },
        "2": {
            "accuracy": 0.5064935064935064,
            "precision": 0.5246598639455782,
            "recall": 0.5064935064935064,
            "F1": 0.4943546249668699
        },
        "3": {
            "accuracy": 0.6103896103896104,
            "precision": 0.6100500806383159,
            "recall": 0.6103896103896104,
            "F1": 0.6011019283746556
        },
        "4": {
            "accuracy": 0.6103896103896104,
            "precision": 0.6100500806383159,
            "recall": 0.6103896103896104,
            "F1": 0.6011019283746556
        }
    },
    "Jacob\u2019s Ladder": {
        "0": {
            "accuracy": 0.5642857142857143,
            "precision": 0.6037650987224158,
            "recall": 0.5642857142857143,
            "F1": 0.5532287184573428
        },
        "1": {
            "accuracy": 0.5714285714285714,
            "precision": 0.5832244227740357,
            "recall": 0.5714285714285714,
            "F1": 0.5686858974358975
        },
        "2": {
            "accuracy": 0.5,
            "precision": 0.5257663389242336,
            "recall": 0.5,
            "F1": 0.4857710503918612
        },
        "3": {
            "accuracy": 0.5428571428571428,
            "precision": 0.5453458871158071,
            "recall": 0.5428571428571428,
            "F1": 0.5366767291685657
        },
        "4": {
            "accuracy": 0.5428571428571428,
            "precision": 0.5453458871158071,
            "recall": 0.5428571428571428,
            "F1": 0.5366767291685657
        }
    },
    "La Memoria De Nuestra Tierra (Calif. 1996)": {
        "0": {
            "accuracy": 0.373015873015873,
            "precision": 0.36871270247229326,
            "recall": 0.373015873015873,
            "F1": 0.35096108254003
        },
        "1": {
            "accuracy": 0.46825396825396826,
            "precision": 0.48156682027649766,
            "recall": 0.46825396825396826,
            "F1": 0.46169143703390275
        },
        "2": {
            "accuracy": 0.4523809523809524,
            "precision": 0.4721755368814193,
            "recall": 0.4523809523809524,
            "F1": 0.4424482924482924
        },
        "3": {
            "accuracy": 0.42063492063492064,
            "precision": 0.4360157499692383,
            "recall": 0.42063492063492064,
            "F1": 0.4059395801331286
        },
        "4": {
            "accuracy": 0.42063492063492064,
            "precision": 0.4360157499692383,
            "recall": 0.42063492063492064,
            "F1": 0.4059395801331286
        }
    },