{
    "Breakthrough": {
        "0": {
            "accuracy": 0.3333333333333333,
            "precision": 0.33902323376007587,
            "recall": 0.3333333333333333,
            "F1": 0.3286274509803922
        },
        "1": {
            "accuracy": 0.41397849462365593,
            "precision": 0.4190836940836941,
            "recall": 0.41397849462365593,
            "F1": 0.41130246670487375
        },
        "2": {
            "accuracy": 0.3763440860215054,
            "precision": 0.38038277511961727,
            "recall": 0.3763440860215054,
            "F1": 0.3734732476529031
        },
        "3": {
            "accuracy": 0.41397849462365593,
            "precision": 0.4169296987087518,
            "recall": 0.41397849462365593,
            "F1": 0.4063825540826973
        },
        "4": {
            "accuracy": 0.41397849462365593,
            "precision": 0.4169296987087518,
            "recall": 0.41397849462365593,
            "F1": 0.4063825540826973
        }
    },
    "Cups": {
        "0": {
            "accuracy": 0.2805755395683453,
            "precision": 0.27198293313401223,
            "recall": 0.2805755395683453,
            "F1": 0.2629898693034602
        },
        "1": {
            "accuracy": 0.5899280575539568,
            "precision": 0.5979696119265577,
            "recall": 0.5899280575539568,
            "F1": 0.5877856798031298
        },
        "2": {
            "accuracy": 0.6330935251798561,
            "precision": 0.6333015704077861,
            "recall": 0.6330935251798561,
            "F1": 0.6328530384520906
        },
        "3": {
            "accuracy": 0.6906474820143885,
            "precision": 0.6910061694234355,
            "recall": 0.6906474820143885,
            "F1": 0.6881954890368427
        },
        "4": {
            "accuracy": 0.6906474820143885,
            "precision": 0.6910061694234355,
            "recall": 0.6906474820143885,
            "F1": 0.6881954890368427
        }
    },
    "Empire Builder": {
        "0": {
            "accuracy": 0.29850746268656714,
            "precision": 0.3009848686412675,
            "recall": 0.29850746268656714,
            "F1": 0.29870701159850377
        },
        "1": {
            "accuracy": 0.34328358208955223,
            "precision": 0.33981353735524056,
            "recall": 0.34328358208955223,
            "F1": 0.33924530572941747
        },
        "2": {
            "accuracy": 0.39552238805970147,
            "precision": 0.3958338666871475,
            "recall": 0.39552238805970147,
            "F1": 0.3917744904580911
        },
        "3": {
            "accuracy": 0.44029850746268656,
            "precision": 0.44285718750551534,
            "recall": 0.44029850746268656,
            "F1": 0.4346221200312812
        },
        "4": {
            "accuracy": 0.44029850746268656,
            "precision": 0.44285718750551534,
            "recall": 0.44029850746268656,
            "F1": 0.4346221200312812
        }
    },
    "Eson xorgol": {
        "0": {
            "accuracy": 0.4666666666666667,
            "precision": 0.48968332781639634,
            "recall": 0.4666666666666667,
            "F1": 0.44664371772805506
        },
        "1": {
            "accuracy": 0.6666666666666666,
            "precision": 0.6846686608995607,
            "recall": 0.6666666666666666,
            "F1": 0.6651666130933248
        },
        "2": {
            "accuracy": 0.5888888888888889,
            "precision": 0.5912833057155633,
            "recall": 0.5888888888888889,
            "F1": 0.5838772989208475
        },
        "3": {
            "accuracy": 0.5666666666666667,
            "precision": 0.5833547833547834,
            "recall": 0.5666666666666667,
            "F1": 0.5605434366628397
        },
        "4": {
            "accuracy": 0.5666666666666667,
            "precision": 0.5833547833547834,
            "recall": 0.5666666666666667,
            "F1": 0.5605434366628397
        }
    },
    "Hex": {
        "0": {
            "accuracy": 0.2717391304347826,
            "precision": 0.23201499802819678,
            "recall": 0.2717391304347826,
            "F1": 0.24091166636177003
        },
        "1": {
            "accuracy": 0.2554347826086957,
            "precision": 0.23978871085660358,
            "recall": 0.2554347826086957,
            "F1": 0.2389798857479246
        },
        "2": {
            "accuracy": 0.2826086956521739,
            "precision": 0.28202583110221807,
            "recall": 0.2826086956521739,
            "F1": 0.2794039891016793
        },
        "3": {
            "accuracy": 0.2826086956521739,
            "precision": 0.27913692732223105,
            "recall": 0.2826086956521739,
            "F1": 0.27974517014996775
        },
        "4": {
            "accuracy": 0.2826086956521739,
            "precision": 0.27913692732223105,
            "recall": 0.2826086956521739,
            "F1": 0.27974517014996775
        }
    },
    "Internet Diplomacy": {
        "0": {
            "accuracy": 0.37662337662337664,
            "precision": 0.36427298192004076,
            "recall": 0.37662337662337664,
            "F1": 0.31770394108056443
        },
        "1": {
            "accuracy": 0.4935064935064935,
            "precision": 0.49570590699622963,
            "recall": 0.4935064935064935,
            "F1": 0.49115212273107
        },
        "2": {
            "accuracy": 0.4805194805194805,
            "precision": 0.47418282200890904,
            "recall": 0.4805194805194805,
            "F1": 0.4676578309276257
        },
        "3": {
            "accuracy": 0.2727272727272727,
            "precision": 0.2501145912910619,
            "recall": 0.2727272727272727,
            "F1": 0.2585145147815036
        },
        "4": {
            "accuracy": 0.2727272727272727,
            "precision": 0.2501145912910619,
            "recall": 0.2727272727272727,
            "F1": 0.2585145147815036
        }
    },
    "Jacob\u2019s Ladder": {
        "0": {
            "accuracy": 0.5642857142857143,
            "precision": 0.6037650987224158,
            "recall": 0.5642857142857143,
            "F1": 0.5532287184573428
        },
        "1": {
            "accuracy": 0.8,
            "precision": 0.8091547429782724,
            "recall": 0.8,
            "F1": 0.7993440233236152
        },
        "2": {
            "accuracy": 0.8214285714285714,
            "precision": 0.8308950919245037,
            "recall": 0.8214285714285714,
            "F1": 0.8208218307629206
        },
        "3": {
            "accuracy": 0.7928571428571428,
            "precision": 0.8070477079720776,
            "recall": 0.7928571428571428,
            "F1": 0.7920792149612459
        },
        "4": {
            "accuracy": 0.7928571428571428,
            "precision": 0.8070477079720776,
            "recall": 0.7928571428571428,
            "F1": 0.7920792149612459
        }
    },
    "La Memoria De Nuestra Tierra (Calif. 1996)": {
        "0": {
            "accuracy": 0.373015873015873,
            "precision": 0.36871270247229326,
            "recall": 0.373015873015873,
            "F1": 0.35096108254003
        },
        "1": {
            "accuracy": 0.5396825396825397,
            "precision": 0.5631326782628974,
            "recall": 0.5396825396825397,
            "F1": 0.5362241043381447
        },
        "2": {
            "accuracy": 0.6507936507936508,
            "precision": 0.6573792307620723,
            "recall": 0.6507936507936508,
            "F1": 0.6504315086358429
        },
        "3": {
            "accuracy": 0.7142857142857143,
            "precision": 0.7200854700854701,
            "recall": 0.7142857142857143,
            "F1": 0.7131799569075554
        },
        "4": {
            "accuracy": 0.7142857142857143,
            "precision": 0.7200854700854701,
            "recall": 0.7142857142857143,