{
    "Breakthrough": {
        "0": {
            "accuracy": 0.3333333333333333,
            "precision": 0.33902323376007587,
            "recall": 0.3333333333333333,
            "F1": 0.3286274509803922
        },
        "1": {
            "accuracy": 0.3010752688172043,
            "precision": 0.30374917976265947,
            "recall": 0.3010752688172043,
            "F1": 0.2883867257535266
        },
        "2": {
            "accuracy": 0.3709677419354839,
            "precision": 0.36692640692640693,
            "recall": 0.3709677419354839,
            "F1": 0.3531613777945015
        },
        "3": {
            "accuracy": 0.40860215053763443,
            "precision": 0.4139174766533257,
            "recall": 0.40860215053763443,
            "F1": 0.40233870603638994
        },
        "4": {
            "accuracy": 0.40860215053763443,
            "precision": 0.4139174766533257,
            "recall": 0.40860215053763443,
            "F1": 0.40233870603638994
        }
    },
    "Cups": {
        "0": {
            "accuracy": 0.2805755395683453,
            "precision": 0.27198293313401223,
            "recall": 0.2805755395683453,
            "F1": 0.2629898693034602
        },
        "1": {
            "accuracy": 0.6258992805755396,
            "precision": 0.642719993496728,
            "recall": 0.6258992805755396,
            "F1": 0.6222363717764617
        },
        "2": {
            "accuracy": 0.6258992805755396,
            "precision": 0.6258287487656934,
            "recall": 0.6258992805755396,
            "F1": 0.6252956818218893
        },
        "3": {
            "accuracy": 0.6330935251798561,
            "precision": 0.6343796081579537,
            "recall": 0.6330935251798561,
            "F1": 0.6314489671339256
        },
        "4": {
            "accuracy": 0.6330935251798561,
            "precision": 0.6343796081579537,
            "recall": 0.6330935251798561,
            "F1": 0.6314489671339256
        }
    },
    "Empire Builder": {
        "0": {
            "accuracy": 0.29850746268656714,
            "precision": 0.3009848686412675,
            "recall": 0.29850746268656714,
            "F1": 0.29870701159850377
        },
        "1": {
            "accuracy": 0.48507462686567165,
            "precision": 0.49235963041933195,
            "recall": 0.48507462686567165,
            "F1": 0.4803605733707699
        },
        "2": {
            "accuracy": 0.4626865671641791,
            "precision": 0.4676215695714973,
            "recall": 0.4626865671641791,
            "F1": 0.4547703900795308
        },
        "3": {
            "accuracy": 0.4552238805970149,
            "precision": 0.46497683993823985,
            "recall": 0.4552238805970149,
            "F1": 0.4471761022212011
        },
        "4": {
            "accuracy": 0.4552238805970149,
            "precision": 0.46497683993823985,
            "recall": 0.4552238805970149,
            "F1": 0.4471761022212011
        }
    },
    "Eson xorgol": {
        "0": {
            "accuracy": 0.4666666666666667,
            "precision": 0.48968332781639634,
            "recall": 0.4666666666666667,
            "F1": 0.44664371772805506
        },
        "1": {
            "accuracy": 0.6111111111111112,
            "precision": 0.6185185185185186,
            "recall": 0.6111111111111112,
            "F1": 0.610662177328844
        },
        "2": {
            "accuracy": 0.6444444444444445,
            "precision": 0.6626984126984127,
            "recall": 0.6444444444444445,
            "F1": 0.6419753086419753
        },
        "3": {
            "accuracy": 0.5555555555555556,
            "precision": 0.578675123326286,
            "recall": 0.5555555555555556,
            "F1": 0.5553756745537568
        },
        "4": {
            "accuracy": 0.5555555555555556,
            "precision": 0.578675123326286,
            "recall": 0.5555555555555556,
            "F1": 0.5553756745537568
        }
    },
    "Hex": {
        "0": {
            "accuracy": 0.2717391304347826,
            "precision": 0.23201499802819678,
            "recall": 0.2717391304347826,
            "F1": 0.24091166636177003
        },
        "1": {
            "accuracy": 0.22282608695652173,
            "precision": 0.21055858559413287,
            "recall": 0.22282608695652173,
            "F1": 0.21462466615336495
        },
        "2": {
            "accuracy": 0.34782608695652173,
            "precision": 0.3249272603730193,
            "recall": 0.34782608695652173,
            "F1": 0.3266332733092839
        },
        "3": {
            "accuracy": 0.33695652173913043,
            "precision": 0.33746918962223915,
            "recall": 0.33695652173913043,
            "F1": 0.3321795537436943
        },
        "4": {
            "accuracy": 0.33695652173913043,
            "precision": 0.33746918962223915,
            "recall": 0.33695652173913043,
            "F1": 0.3321795537436943
        }
    },
    "Internet Diplomacy": {
        "0": {
            "accuracy": 0.37662337662337664,
            "precision": 0.36427298192004076,
            "recall": 0.37662337662337664,
            "F1": 0.31770394108056443
        },
        "1": {
            "accuracy": 0.5064935064935064,
            "precision": 0.5128663035462119,
            "recall": 0.5064935064935064,
            "F1": 0.503932946486138
        },
        "2": {
            "accuracy": 0.4935064935064935,
            "precision": 0.4969284683570398,
            "recall": 0.4935064935064935,
            "F1": 0.4866942314347644
        },
        "3": {
            "accuracy": 0.4155844155844156,
            "precision": 0.415791824882734,
            "recall": 0.4155844155844156,
            "F1": 0.40590647816561437
        },
        "4": {
            "accuracy": 0.4155844155844156,
            "precision": 0.415791824882734,
            "recall": 0.4155844155844156,
            "F1": 0.40590647816561437
        }
    },
    "Jacob\u2019s Ladder": {
        "0": {
            "accuracy": 0.5642857142857143,
            "precision": 0.6037650987224158,
            "recall": 0.5642857142857143,
            "F1": 0.5532287184573428
        },
        "1": {
            "accuracy": 0.5357142857142857,
            "precision": 0.5412056928034371,
            "recall": 0.5357142857142857,
            "F1": 0.5345676335050149
        },
        "2": {
            "accuracy": 0.6714285714285714,
            "precision": 0.6867443527820886,
            "recall": 0.6714285714285714,
            "F1": 0.6699285714285714
        },
        "3": {
            "accuracy": 0.5285714285714286,
            "precision": 0.5252936433970917,
            "recall": 0.5285714285714286,
            "F1": 0.5226425954997383
        },
        "4": {
            "accuracy": 0.5285714285714286,
            "precision": 0.5252936433970917,
            "recall": 0.5285714285714286,
            "F1": 0.5226425954997383
        }
    },
    "La Memoria De Nuestra Tierra (Calif. 1996)": {
        "0": {
            "accuracy": 0.373015873015873,
            "precision": 0.36871270247229326,
            "recall": 0.373015873015873,
            "F1": 0.35096108254003
        },
        "1": {
            "accuracy": 0.6031746031746031,
            "precision": 0.6084766584766585,
            "recall": 0.6031746031746031,
            "F1": 0.6046004080679708
        },
        "2": {
            "accuracy": 0.7301587301587301,
            "precision": 0.7506645401382243,
            "recall": 0.7301587301587301,
            "F1": 0.7316609392898051
        },
        "3": {
            "accuracy": 0.6825396825396826,
            "precision": 0.7058189655172413,
            "recall": 0.6825396825396826,
            "F1": 0.6826611226611227
        },
        "4": {
            "accuracy": 0.6825396825396826,
            "precision": 0.7058189655172413,
            "recall": 0.6825396825396826,