{
    "Breakthrough": {
        "0": {
            "accuracy": 0.3333333333333333,
            "precision": 0.33902323376007587,
            "recall": 0.3333333333333333,
            "F1": 0.3286274509803922
        },
        "1": {
            "accuracy": 0.3817204301075269,
            "precision": 0.38549985117149294,
            "recall": 0.3817204301075269,
            "F1": 0.38269695037117957
        },
        "2": {
            "accuracy": 0.478494623655914,
            "precision": 0.4820558772171675,
            "recall": 0.478494623655914,
            "F1": 0.4780582092367816
        },
        "3": {
            "accuracy": 0.43548387096774194,
            "precision": 0.4445260317600744,
            "recall": 0.43548387096774194,
            "F1": 0.43575219584330155
        },
        "4": {
            "accuracy": 0.43548387096774194,
            "precision": 0.4445260317600744,
            "recall": 0.43548387096774194,
            "F1": 0.43575219584330155
        }
    },
    "Cups": {
        "0": {
            "accuracy": 0.2805755395683453,
            "precision": 0.27198293313401223,
            "recall": 0.2805755395683453,
            "F1": 0.2629898693034602
        },
        "1": {
            "accuracy": 0.45323741007194246,
            "precision": 0.45103919296174,
            "recall": 0.45323741007194246,
            "F1": 0.45143461164377674
        },
        "2": {
            "accuracy": 0.5035971223021583,
            "precision": 0.507615261174519,
            "recall": 0.5035971223021583,
            "F1": 0.5022847207886222
        },
        "3": {
            "accuracy": 0.5323741007194245,
            "precision": 0.5381848367459878,
            "recall": 0.5323741007194245,
            "F1": 0.5296647614359046
        },
        "4": {
            "accuracy": 0.5323741007194245,
            "precision": 0.5381848367459878,
            "recall": 0.5323741007194245,
            "F1": 0.5296647614359046
        }
    },
    "Empire Builder": {
        "0": {
            "accuracy": 0.29850746268656714,
            "precision": 0.3009848686412675,
            "recall": 0.29850746268656714,
            "F1": 0.29870701159850377
        },
        "1": {
            "accuracy": 0.44029850746268656,
            "precision": 0.4449529550459328,
            "recall": 0.44029850746268656,
            "F1": 0.4349455051825552
        },
        "2": {
            "accuracy": 0.5,
            "precision": 0.49961729812476086,
            "recall": 0.5,
            "F1": 0.49566145521901134
        },
        "3": {
            "accuracy": 0.4701492537313433,
            "precision": 0.4685281310151147,
            "recall": 0.4701492537313433,
            "F1": 0.46572596786184023
        },
        "4": {
            "accuracy": 0.4701492537313433,
            "precision": 0.4685281310151147,
            "recall": 0.4701492537313433,
            "F1": 0.46572596786184023
        }
    },
    "Eson xorgol": {
        "0": {
            "accuracy": 0.4666666666666667,
            "precision": 0.48968332781639634,
            "recall": 0.4666666666666667,
            "F1": 0.44664371772805506
        },
        "1": {
            "accuracy": 0.5333333333333333,
            "precision": 0.5359848484848484,
            "recall": 0.5333333333333333,
            "F1": 0.52921272276111
        },
        "2": {
            "accuracy": 0.6666666666666666,
            "precision": 0.6705473856209151,
            "recall": 0.6666666666666666,
            "F1": 0.6648496614894465
        },
        "3": {
            "accuracy": 0.5888888888888889,
            "precision": 0.5985049433325295,
            "recall": 0.5888888888888889,
            "F1": 0.5857755607202917
        },
        "4": {
            "accuracy": 0.5888888888888889,
            "precision": 0.5985049433325295,
            "recall": 0.5888888888888889,
            "F1": 0.5857755607202917
        }
    },
    "Hex": {
        "0": {
            "accuracy": 0.2717391304347826,
            "precision": 0.23201499802819678,
            "recall": 0.2717391304347826,
            "F1": 0.24091166636177003
        },
        "1": {
            "accuracy": 0.3532608695652174,
            "precision": 0.349616704805492,
            "recall": 0.3532608695652174,
            "F1": 0.34110881059579046
        },
        "2": {
            "accuracy": 0.266304347826087,
            "precision": 0.2527066015830679,
            "recall": 0.266304347826087,
            "F1": 0.25678237659031244
        },
        "3": {
            "accuracy": 0.3423913043478261,
            "precision": 0.32941229887234014,
            "recall": 0.3423913043478261,
            "F1": 0.3284311109751247
        },
        "4": {
            "accuracy": 0.3423913043478261,
            "precision": 0.32941229887234014,
            "recall": 0.3423913043478261,
            "F1": 0.3284311109751247
        }
    },
    "Internet Diplomacy": {
        "0": {
            "accuracy": 0.37662337662337664,
            "precision": 0.36427298192004076,
            "recall": 0.37662337662337664,
            "F1": 0.31770394108056443
        },
        "1": {
            "accuracy": 0.5844155844155844,
            "precision": 0.5860877353531027,
            "recall": 0.5844155844155844,
            "F1": 0.5834345282124394
        },
        "2": {
            "accuracy": 0.5974025974025974,
            "precision": 0.6051948051948052,
            "recall": 0.5974025974025974,
            "F1": 0.5804672593104391
        },
        "3": {
            "accuracy": 0.5324675324675324,
            "precision": 0.5299897470950102,
            "recall": 0.5324675324675324,
            "F1": 0.5251764237565454
        },
        "4": {
            "accuracy": 0.5324675324675324,
            "precision": 0.5299897470950102,
            "recall": 0.5324675324675324,
            "F1": 0.5251764237565454
        }
    },
    "Jacob\u2019s Ladder": {
        "0": {
            "accuracy": 0.5642857142857143,
            "precision": 0.6037650987224158,
            "recall": 0.5642857142857143,
            "F1": 0.5532287184573428
        },
        "1": {
            "accuracy": 0.65,
            "precision": 0.6568382297974135,
            "recall": 0.65,
            "F1": 0.6505221399190906
        },
        "2": {
            "accuracy": 0.7285714285714285,
            "precision": 0.7410468478889531,
            "recall": 0.7285714285714285,
            "F1": 0.730847232832527
        },
        "3": {
            "accuracy": 0.8,
            "precision": 0.8063968957871398,
            "recall": 0.8,
            "F1": 0.800118835412953
        },
        "4": {
            "accuracy": 0.8,
            "precision": 0.8063968957871398,
            "recall": 0.8,
            "F1": 0.800118835412953
        }
    },
    "La Memoria De Nuestra Tierra (Calif. 1996)": {
        "0": {
            "accuracy": 0.373015873015873,
            "precision": 0.36871270247229326,
            "recall": 0.373015873015873,
            "F1": 0.35096108254003
        },
        "1": {
            "accuracy": 0.6666666666666666,
            "precision": 0.6848682696732626,
            "recall": 0.6666666666666666,
            "F1": 0.6686832679223295
        },
        "2": {
            "accuracy": 0.6904761904761905,
            "precision": 0.7084656084656085,
            "recall": 0.6904761904761905,
            "F1": 0.689484126984127
        },
        "3": {
            "accuracy": 0.6746031746031746,
            "precision": 0.6941848543995583,
            "recall": 0.6746031746031746,
            "F1": 0.6738163784830566
        },
        "4": {
            "accuracy": 0.6746031746031746,
            "precision": 0.6941848543995583,
            "recall": 0.6746031746031746,
            "F1": 0.6738163784830566
        }
    },