{
    "Breakthrough": {
        "0": {
            "accuracy": 0.3333333333333333,
            "precision": 0.33902323376007587,
            "recall": 0.3333333333333333,
            "F1": 0.3286274509803922
        },
        "1": {
            "accuracy": 0.3548387096774194,
            "precision": 0.3479723552857717,
            "recall": 0.3548387096774194,
            "F1": 0.3462962962962962
        },
        "2": {
            "accuracy": 0.3763440860215054,
            "precision": 0.3800558870891351,
            "recall": 0.3763440860215054,
            "F1": 0.3745361511530666
        },
        "3": {
            "accuracy": 0.3978494623655914,
            "precision": 0.4078936078936079,
            "recall": 0.3978494623655914,
            "F1": 0.39632752868046983
        },
        "4": {
            "accuracy": 0.3978494623655914,
            "precision": 0.4078936078936079,
            "recall": 0.3978494623655914,
            "F1": 0.39632752868046983
        }
    },
    "Cups": {
        "0": {
            "accuracy": 0.2805755395683453,
            "precision": 0.27198293313401223,
            "recall": 0.2805755395683453,
            "F1": 0.2629898693034602
        },
        "1": {
            "accuracy": 0.6690647482014388,
            "precision": 0.6743844800320734,
            "recall": 0.6690647482014388,
            "F1": 0.6688916907710946
        },
        "2": {
            "accuracy": 0.6258992805755396,
            "precision": 0.6251603368468016,
            "recall": 0.6258992805755396,
            "F1": 0.6251873421051273
        },
        "3": {
            "accuracy": 0.5179856115107914,
            "precision": 0.5191610348085169,
            "recall": 0.5179856115107914,
            "F1": 0.5150293514082168
        },
        "4": {
            "accuracy": 0.5179856115107914,
            "precision": 0.5191610348085169,
            "recall": 0.5179856115107914,
            "F1": 0.5150293514082168
        }
    },
    "Empire Builder": {
        "0": {
            "accuracy": 0.29850746268656714,
            "precision": 0.3009848686412675,
            "recall": 0.29850746268656714,
            "F1": 0.29870701159850377
        },
        "1": {
            "accuracy": 0.6492537313432836,
            "precision": 0.6708012137116615,
            "recall": 0.6492537313432836,
            "F1": 0.6409751446051289
        },
        "2": {
            "accuracy": 0.6343283582089553,
            "precision": 0.6371957484168643,
            "recall": 0.6343283582089553,
            "F1": 0.632168826198677
        },
        "3": {
            "accuracy": 0.6417910447761194,
            "precision": 0.6598625338269719,
            "recall": 0.6417910447761194,
            "F1": 0.6396076891086364
        },
        "4": {
            "accuracy": 0.6417910447761194,
            "precision": 0.6598625338269719,
            "recall": 0.6417910447761194,
            "F1": 0.6396076891086364
        }
    },
    "Eson xorgol": {
        "0": {
            "accuracy": 0.4666666666666667,
            "precision": 0.48968332781639634,
            "recall": 0.4666666666666667,
            "F1": 0.44664371772805506
        },
        "1": {
            "accuracy": 0.4,
            "precision": 0.40171048196831816,
            "recall": 0.4,
            "F1": 0.3921484161856351
        },
        "2": {
            "accuracy": 0.45555555555555555,
            "precision": 0.45769230769230773,
            "recall": 0.45555555555555555,
            "F1": 0.4505291005291005
        },
        "3": {
            "accuracy": 0.5333333333333333,
            "precision": 0.5390274841437632,
            "recall": 0.5333333333333333,
            "F1": 0.5244563655522559
        },
        "4": {
            "accuracy": 0.5333333333333333,
            "precision": 0.5390274841437632,
            "recall": 0.5333333333333333,
            "F1": 0.5244563655522559
        }
    },
    "Hex": {
        "0": {
            "accuracy": 0.2717391304347826,
            "precision": 0.23201499802819678,
            "recall": 0.2717391304347826,
            "F1": 0.24091166636177003
        },
        "1": {
            "accuracy": 0.358695652173913,
            "precision": 0.34963518599380367,
            "recall": 0.358695652173913,
            "F1": 0.3492966751918159
        },
        "2": {
            "accuracy": 0.3532608695652174,
            "precision": 0.3441974047893005,
            "recall": 0.3532608695652174,
            "F1": 0.3472730336734381
        },
        "3": {
            "accuracy": 0.44565217391304346,
            "precision": 0.44425093027349427,
            "recall": 0.44565217391304346,
            "F1": 0.43943385580726685
        },
        "4": {
            "accuracy": 0.44565217391304346,
            "precision": 0.44425093027349427,
            "recall": 0.44565217391304346,
            "F1": 0.43943385580726685
        }
    },
    "Internet Diplomacy": {
        "0": {
            "accuracy": 0.37662337662337664,
            "precision": 0.36427298192004076,
            "recall": 0.37662337662337664,
            "F1": 0.31770394108056443
        },
        "1": {
            "accuracy": 0.6233766233766234,
            "precision": 0.6434462780327442,
            "recall": 0.6233766233766234,
            "F1": 0.6261478862557031
        },
        "2": {
            "accuracy": 0.5844155844155844,
            "precision": 0.5893717676400189,
            "recall": 0.5844155844155844,
            "F1": 0.5799360567554638
        },
        "3": {
            "accuracy": 0.6623376623376623,
            "precision": 0.6604019789734076,
            "recall": 0.6623376623376623,
            "F1": 0.6602268763423038
        },
        "4": {
            "accuracy": 0.6623376623376623,
            "precision": 0.6604019789734076,
            "recall": 0.6623376623376623,
            "F1": 0.6602268763423038
        }
    },
    "Jacob\u2019s Ladder": {
        "0": {
            "accuracy": 0.5642857142857143,
            "precision": 0.6037650987224158,
            "recall": 0.5642857142857143,
            "F1": 0.5532287184573428
        },
        "1": {
            "accuracy": 0.6071428571428571,
            "precision": 0.6162417343451825,
            "recall": 0.6071428571428571,
            "F1": 0.6067085295656724
        },
        "2": {
            "accuracy": 0.5428571428571428,
            "precision": 0.5593640673764221,
            "recall": 0.5428571428571428,
            "F1": 0.5416241341662691
        },
        "3": {
            "accuracy": 0.6642857142857143,
            "precision": 0.6755102040816326,
            "recall": 0.6642857142857143,
            "F1": 0.6642335031986181
        },
        "4": {
            "accuracy": 0.6642857142857143,
            "precision": 0.6755102040816326,
            "recall": 0.6642857142857143,
            "F1": 0.6642335031986181
        }
    },
    "La Memoria De Nuestra Tierra (Calif. 1996)": {
        "0": {
            "accuracy": 0.373015873015873,
            "precision": 0.36871270247229326,
            "recall": 0.373015873015873,
            "F1": 0.35096108254003
        },
        "1": {
            "accuracy": 0.8333333333333334,
            "precision": 0.8506431839765173,
            "recall": 0.8333333333333334,
            "F1": 0.8331687242798355
        },
        "2": {
            "accuracy": 0.8968253968253969,
            "precision": 0.8977204965577058,
            "recall": 0.8968253968253969,
            "F1": 0.8966610933779197
        },
        "3": {
            "accuracy": 0.8968253968253969,
            "precision": 0.901328307795956,
            "recall": 0.8968253968253969,
            "F1": 0.8973557149948107
        },
        "4": {
            "accuracy": 0.8968253968253969,
            "precision": 0.901328307795956,
            "recall": 0.8968253968253969,