{
    "Breakthrough": {
        "0": {
            "accuracy": 0.3333333333333333,
            "precision": 0.33902323376007587,
            "recall": 0.3333333333333333,
            "F1": 0.3286274509803922
        },
        "1": {
            "accuracy": 0.3655913978494624,
            "precision": 0.3654114302133902,
            "recall": 0.3655913978494624,
            "F1": 0.3606662005529221
        },
        "2": {
            "accuracy": 0.3978494623655914,
            "precision": 0.4025232342718907,
            "recall": 0.3978494623655914,
            "F1": 0.3939708612605809
        },
        "3": {
            "accuracy": 0.4946236559139785,
            "precision": 0.5097170462387853,
            "recall": 0.4946236559139785,
            "F1": 0.49409122015964385
        },
        "4": {
            "accuracy": 0.4946236559139785,
            "precision": 0.5097170462387853,
            "recall": 0.4946236559139785,
            "F1": 0.49409122015964385
        }
    },
    "Cups": {
        "0": {
            "accuracy": 0.2805755395683453,
            "precision": 0.27198293313401223,
            "recall": 0.2805755395683453,
            "F1": 0.2629898693034602
        },
        "1": {
            "accuracy": 0.3237410071942446,
            "precision": 0.323625319512423,
            "recall": 0.3237410071942446,
            "F1": 0.3164602152864175
        },
        "2": {
            "accuracy": 0.48201438848920863,
            "precision": 0.4988888708903409,
            "recall": 0.48201438848920863,
            "F1": 0.47892902911729895
        },
        "3": {
            "accuracy": 0.4316546762589928,
            "precision": 0.4317390044008749,
            "recall": 0.4316546762589928,
            "F1": 0.42400746069810824
        },
        "4": {
            "accuracy": 0.4316546762589928,
            "precision": 0.4317390044008749,
            "recall": 0.4316546762589928,
            "F1": 0.42400746069810824
        }
    },
    "Empire Builder": {
        "0": {
            "accuracy": 0.29850746268656714,
            "precision": 0.3009848686412675,
            "recall": 0.29850746268656714,
            "F1": 0.29870701159850377
        },
        "1": {
            "accuracy": 0.5597014925373134,
            "precision": 0.5714260863514594,
            "recall": 0.5597014925373134,
            "F1": 0.5516169154228856
        },
        "2": {
            "accuracy": 0.5746268656716418,
            "precision": 0.5794050111433782,
            "recall": 0.5746268656716418,
            "F1": 0.5720698065990932
        },
        "3": {
            "accuracy": 0.5671641791044776,
            "precision": 0.57281481110752,
            "recall": 0.5671641791044776,
            "F1": 0.5649220957984553
        },
        "4": {
            "accuracy": 0.5671641791044776,
            "precision": 0.57281481110752,
            "recall": 0.5671641791044776,
            "F1": 0.5649220957984553
        }
    },
    "Eson xorgol": {
        "0": {
            "accuracy": 0.4666666666666667,
            "precision": 0.48968332781639634,
            "recall": 0.4666666666666667,
            "F1": 0.44664371772805506
        },
        "1": {
            "accuracy": 0.8555555555555555,
            "precision": 0.8606381919553961,
            "recall": 0.8555555555555555,
            "F1": 0.8568875034404273
        },
        "2": {
            "accuracy": 0.9,
            "precision": 0.9002842664689161,
            "recall": 0.9,
            "F1": 0.8999783890586891
        },
        "3": {
            "accuracy": 0.8666666666666667,
            "precision": 0.8685344827586207,
            "recall": 0.8666666666666667,
            "F1": 0.8671405139420449
        },
        "4": {
            "accuracy": 0.8666666666666667,
            "precision": 0.8685344827586207,
            "recall": 0.8666666666666667,
            "F1": 0.8671405139420449
        }
    },
    "Hex": {
        "0": {
            "accuracy": 0.2717391304347826,
            "precision": 0.23201499802819678,
            "recall": 0.2717391304347826,
            "F1": 0.24091166636177003
        },
        "1": {
            "accuracy": 0.41304347826086957,
            "precision": 0.429861286653185,
            "recall": 0.41304347826086957,
            "F1": 0.40655780237342837
        },
        "2": {
            "accuracy": 0.47282608695652173,
            "precision": 0.5010261364291341,
            "recall": 0.47282608695652173,
            "F1": 0.46654196478181914
        },
        "3": {
            "accuracy": 0.43478260869565216,
            "precision": 0.44334381205050394,
            "recall": 0.43478260869565216,
            "F1": 0.43173775431125017
        },
        "4": {
            "accuracy": 0.43478260869565216,
            "precision": 0.44334381205050394,
            "recall": 0.43478260869565216,
            "F1": 0.43173775431125017
        }
    },
    "Internet Diplomacy": {
        "0": {
            "accuracy": 0.37662337662337664,
            "precision": 0.36427298192004076,
            "recall": 0.37662337662337664,
            "F1": 0.31770394108056443
        },
        "1": {
            "accuracy": 0.4935064935064935,
            "precision": 0.48514911014911016,
            "recall": 0.4935064935064935,
            "F1": 0.4780427971985375
        },
        "2": {
            "accuracy": 0.5194805194805194,
            "precision": 0.5135380748283973,
            "recall": 0.5194805194805194,
            "F1": 0.5126790470712937
        },
        "3": {
            "accuracy": 0.5974025974025974,
            "precision": 0.5912337662337662,
            "recall": 0.5974025974025974,
            "F1": 0.587957920842562
        },
        "4": {
            "accuracy": 0.5974025974025974,
            "precision": 0.5912337662337662,
            "recall": 0.5974025974025974,
            "F1": 0.587957920842562
        }
    },
    "Jacob\u2019s Ladder": {
        "0": {
            "accuracy": 0.5642857142857143,
            "precision": 0.6037650987224158,
            "recall": 0.5642857142857143,
            "F1": 0.5532287184573428
        },
        "1": {
            "accuracy": 0.8571428571428571,
            "precision": 0.8700203305466463,
            "recall": 0.8571428571428571,
            "F1": 0.8582039923900388
        },
        "2": {
            "accuracy": 0.8642857142857143,
            "precision": 0.8709601238869531,
            "recall": 0.8642857142857143,
            "F1": 0.8652042083625795
        },
        "3": {
            "accuracy": 0.8428571428571429,
            "precision": 0.8451948051948052,
            "recall": 0.8428571428571429,
            "F1": 0.8434397708329961
        },
        "4": {
            "accuracy": 0.8428571428571429,
            "precision": 0.8451948051948052,
            "recall": 0.8428571428571429,
            "F1": 0.8434397708329961
        }
    },
    "La Memoria De Nuestra Tierra (Calif. 1996)": {
        "0": {
            "accuracy": 0.373015873015873,
            "precision": 0.36871270247229326,
            "recall": 0.373015873015873,
            "F1": 0.35096108254003
        },
        "1": {
            "accuracy": 0.5079365079365079,
            "precision": 0.5469246031746031,
            "recall": 0.5079365079365079,
            "F1": 0.49929312429312434
        },
        "2": {
            "accuracy": 0.6746031746031746,
            "precision": 0.7001280081925243,
            "recall": 0.6746031746031746,
            "F1": 0.6730444772346464
        },
        "3": {
            "accuracy": 0.6507936507936508,
            "precision": 0.7020652958152959,
            "recall": 0.6507936507936508,
            "F1": 0.6518280184946852
        },
        "4": {
            "accuracy": 0.6507936507936508,
            "precision": 0.7020652958152959,
            "recall": 0.6507936507936508,