{
    "Breakthrough": {
        "0": {
            "accuracy": 0.3333333333333333,
            "precision": 0.33902323376007587,
            "recall": 0.3333333333333333,
            "F1": 0.3286274509803922
        },
        "1": {
            "accuracy": 0.3870967741935484,
            "precision": 0.3931986531986532,
            "recall": 0.3870967741935484,
            "F1": 0.38552147997817043
        },
        "2": {
            "accuracy": 0.45161290322580644,
            "precision": 0.4564597768932134,
            "recall": 0.45161290322580644,
            "F1": 0.4471943515421776
        },
        "3": {
            "accuracy": 0.5483870967741935,
            "precision": 0.5502826027019575,
            "recall": 0.5483870967741935,
            "F1": 0.5468878020762064
        },
        "4": {
            "accuracy": 0.5483870967741935,
            "precision": 0.5502826027019575,
            "recall": 0.5483870967741935,
            "F1": 0.5468878020762064
        }
    },
    "Cups": {
        "0": {
            "accuracy": 0.2805755395683453,
            "precision": 0.27198293313401223,
            "recall": 0.2805755395683453,
            "F1": 0.2629898693034602
        },
        "1": {
            "accuracy": 0.5467625899280576,
            "precision": 0.5481827897602157,
            "recall": 0.5467625899280576,
            "F1": 0.5412040179177412
        },
        "2": {
            "accuracy": 0.539568345323741,
            "precision": 0.5412037287463263,
            "recall": 0.539568345323741,
            "F1": 0.5373793013076935
        },
        "3": {
            "accuracy": 0.5539568345323741,
            "precision": 0.5564880122366209,
            "recall": 0.5539568345323741,
            "F1": 0.5540498510282683
        },
        "4": {
            "accuracy": 0.5539568345323741,
            "precision": 0.5564880122366209,
            "recall": 0.5539568345323741,
            "F1": 0.5540498510282683
        }
    },
    "Empire Builder": {
        "0": {
            "accuracy": 0.29850746268656714,
            "precision": 0.3009848686412675,
            "recall": 0.29850746268656714,
            "F1": 0.29870701159850377
        },
        "1": {
            "accuracy": 0.5074626865671642,
            "precision": 0.5262423298743072,
            "recall": 0.5074626865671642,
            "F1": 0.49915693178351844
        },
        "2": {
            "accuracy": 0.44776119402985076,
            "precision": 0.4588386194029851,
            "recall": 0.44776119402985076,
            "F1": 0.4386003822469254
        },
        "3": {
            "accuracy": 0.373134328358209,
            "precision": 0.3731438959050899,
            "recall": 0.373134328358209,
            "F1": 0.3500459933880182
        },
        "4": {
            "accuracy": 0.373134328358209,
            "precision": 0.3731438959050899,
            "recall": 0.373134328358209,
            "F1": 0.3500459933880182
        }
    },
    "Eson xorgol": {
        "0": {
            "accuracy": 0.4666666666666667,
            "precision": 0.48968332781639634,
            "recall": 0.4666666666666667,
            "F1": 0.44664371772805506
        },
        "1": {
            "accuracy": 0.7111111111111111,
            "precision": 0.715382669196711,
            "recall": 0.7111111111111111,
            "F1": 0.710323522106309
        },
        "2": {
            "accuracy": 0.6777777777777778,
            "precision": 0.7057980333842402,
            "recall": 0.6777777777777778,
            "F1": 0.6821388306281453
        },
        "3": {
            "accuracy": 0.6777777777777778,
            "precision": 0.6996434937611409,
            "recall": 0.6777777777777778,
            "F1": 0.6810897435897435
        },
        "4": {
            "accuracy": 0.6777777777777778,
            "precision": 0.6996434937611409,
            "recall": 0.6777777777777778,
            "F1": 0.6810897435897435
        }
    },
    "Hex": {
        "0": {
            "accuracy": 0.2717391304347826,
            "precision": 0.23201499802819678,
            "recall": 0.2717391304347826,
            "F1": 0.24091166636177003
        },
        "1": {
            "accuracy": 0.45652173913043476,
            "precision": 0.4526736408182313,
            "recall": 0.45652173913043476,
            "F1": 0.44878394683451395
        },
        "2": {
            "accuracy": 0.4673913043478261,
            "precision": 0.4800282347564957,
            "recall": 0.4673913043478261,
            "F1": 0.4624719696444444
        },
        "3": {
            "accuracy": 0.43478260869565216,
            "precision": 0.43473790702051573,
            "recall": 0.43478260869565216,
            "F1": 0.41824730871527466
        },
        "4": {
            "accuracy": 0.43478260869565216,
            "precision": 0.43473790702051573,
            "recall": 0.43478260869565216,
            "F1": 0.41824730871527466
        }
    },
    "Internet Diplomacy": {
        "0": {
            "accuracy": 0.37662337662337664,
            "precision": 0.36427298192004076,
            "recall": 0.37662337662337664,
            "F1": 0.31770394108056443
        },
        "1": {
            "accuracy": 0.5844155844155844,
            "precision": 0.5887205387205388,
            "recall": 0.5844155844155844,
            "F1": 0.5830464833160252
        },
        "2": {
            "accuracy": 0.6883116883116883,
            "precision": 0.6876523476523476,
            "recall": 0.6883116883116883,
            "F1": 0.6878023936847465
        },
        "3": {
            "accuracy": 0.6623376623376623,
            "precision": 0.6623376623376623,
            "recall": 0.6623376623376623,
            "F1": 0.6623376623376623
        },
        "4": {
            "accuracy": 0.6623376623376623,
            "precision": 0.6623376623376623,
            "recall": 0.6623376623376623,
            "F1": 0.6623376623376623
        }
    },
    "Jacob\u2019s Ladder": {
        "0": {
            "accuracy": 0.5642857142857143,
            "precision": 0.6037650987224158,
            "recall": 0.5642857142857143,
            "F1": 0.5532287184573428
        },
        "1": {
            "accuracy": 0.65,
            "precision": 0.6626614645858343,
            "recall": 0.65,
            "F1": 0.6481894323212294
        },
        "2": {
            "accuracy": 0.7714285714285715,
            "precision": 0.7721976647801979,
            "recall": 0.7714285714285715,
            "F1": 0.7694499284783235
        },
        "3": {
            "accuracy": 0.85,
            "precision": 0.858924963924964,
            "recall": 0.85,
            "F1": 0.8503234415324162
        },
        "4": {
            "accuracy": 0.85,
            "precision": 0.858924963924964,
            "recall": 0.85,
            "F1": 0.8503234415324162
        }
    },
    "La Memoria De Nuestra Tierra (Calif. 1996)": {
        "0": {
            "accuracy": 0.373015873015873,
            "precision": 0.36871270247229326,
            "recall": 0.373015873015873,
            "F1": 0.35096108254003
        },
        "1": {
            "accuracy": 0.6587301587301587,
            "precision": 0.659471682598417,
            "recall": 0.6587301587301587,
            "F1": 0.6550380206559981
        },
        "2": {
            "accuracy": 0.7380952380952381,
            "precision": 0.7372737479120458,
            "recall": 0.7380952380952381,
            "F1": 0.7359956925452588
        },
        "3": {
            "accuracy": 0.7698412698412699,
            "precision": 0.7786157197921904,
            "recall": 0.7698412698412699,
            "F1": 0.7700476876104116
        },
        "4": {
            "accuracy": 0.7698412698412699,
            "precision": 0.7786157197921904,
            "recall": 0.7698412698412699,
            "F1": 0.7700476876104116
        }
    },