{
    "Breakthrough": {
        "0": {
            "accuracy": 0.3333333333333333,
            "precision": 0.33902323376007587,
            "recall": 0.3333333333333333,
            "F1": 0.3286274509803922
        },
        "1": {
            "accuracy": 0.3655913978494624,
            "precision": 0.37292176422611206,
            "recall": 0.3655913978494624,
            "F1": 0.36495319300115464
        },
        "2": {
            "accuracy": 0.3333333333333333,
            "precision": 0.33514391952165196,
            "recall": 0.3333333333333333,
            "F1": 0.33150130252576737
        },
        "3": {
            "accuracy": 0.3870967741935484,
            "precision": 0.39126487458135595,
            "recall": 0.3870967741935484,
            "F1": 0.3838561378749973
        },
        "4": {
            "accuracy": 0.3870967741935484,
            "precision": 0.39126487458135595,
            "recall": 0.3870967741935484,
            "F1": 0.3838561378749973
        }
    },
    "Cups": {
        "0": {
            "accuracy": 0.2805755395683453,
            "precision": 0.27198293313401223,
            "recall": 0.2805755395683453,
            "F1": 0.2629898693034602
        },
        "1": {
            "accuracy": 0.6906474820143885,
            "precision": 0.6918060607620586,
            "recall": 0.6906474820143885,
            "F1": 0.6902441274763641
        },
        "2": {
            "accuracy": 0.6906474820143885,
            "precision": 0.6908860508492431,
            "recall": 0.6906474820143885,
            "F1": 0.6888727673187657
        },
        "3": {
            "accuracy": 0.7050359712230215,
            "precision": 0.709236950221152,
            "recall": 0.7050359712230215,
            "F1": 0.7025135487897917
        },
        "4": {
            "accuracy": 0.7050359712230215,
            "precision": 0.709236950221152,
            "recall": 0.7050359712230215,
            "F1": 0.7025135487897917
        }
    },
    "Empire Builder": {
        "0": {
            "accuracy": 0.29850746268656714,
            "precision": 0.3009848686412675,
            "recall": 0.29850746268656714,
            "F1": 0.29870701159850377
        },
        "1": {
            "accuracy": 0.5149253731343284,
            "precision": 0.5277920741121976,
            "recall": 0.5149253731343284,
            "F1": 0.5153643546971027
        },
        "2": {
            "accuracy": 0.6119402985074627,
            "precision": 0.6099360341151385,
            "recall": 0.6119402985074627,
            "F1": 0.6095640652204859
        },
        "3": {
            "accuracy": 0.5522388059701493,
            "precision": 0.5579690831556503,
            "recall": 0.5522388059701493,
            "F1": 0.5529628732604726
        },
        "4": {
            "accuracy": 0.5522388059701493,
            "precision": 0.5579690831556503,
            "recall": 0.5522388059701493,
            "F1": 0.5529628732604726
        }
    },
    "Eson xorgol": {
        "0": {
            "accuracy": 0.4666666666666667,
            "precision": 0.48968332781639634,
            "recall": 0.4666666666666667,
            "F1": 0.44664371772805506
        },
        "1": {
            "accuracy": 0.5777777777777777,
            "precision": 0.5894623655913978,
            "recall": 0.5777777777777777,
            "F1": 0.5810575012419275
        },
        "2": {
            "accuracy": 0.5,
            "precision": 0.506122501812157,
            "recall": 0.5,
            "F1": 0.499139581439944
        },
        "3": {
            "accuracy": 0.6,
            "precision": 0.5974835722819595,
            "recall": 0.6,
            "F1": 0.5979663595795411
        },
        "4": {
            "accuracy": 0.6,
            "precision": 0.5974835722819595,
            "recall": 0.6,
            "F1": 0.5979663595795411
        }
    },
    "Hex": {
        "0": {
            "accuracy": 0.2717391304347826,
            "precision": 0.23201499802819678,
            "recall": 0.2717391304347826,
            "F1": 0.24091166636177003
        },
        "1": {
            "accuracy": 0.29891304347826086,
            "precision": 0.2915343261810653,
            "recall": 0.29891304347826086,
            "F1": 0.29002556903092935
        },
        "2": {
            "accuracy": 0.358695652173913,
            "precision": 0.3579148260094552,
            "recall": 0.358695652173913,
            "F1": 0.3462039327811656
        },
        "3": {
            "accuracy": 0.358695652173913,
            "precision": 0.36428336156597024,
            "recall": 0.358695652173913,
            "F1": 0.35685819006585956
        },
        "4": {
            "accuracy": 0.358695652173913,
            "precision": 0.36428336156597024,
            "recall": 0.358695652173913,
            "F1": 0.35685819006585956
        }
    },
    "Internet Diplomacy": {
        "0": {
            "accuracy": 0.37662337662337664,
            "precision": 0.36427298192004076,
            "recall": 0.37662337662337664,
            "F1": 0.31770394108056443
        },
        "1": {
            "accuracy": 0.7662337662337663,
            "precision": 0.7765038206464352,
            "recall": 0.7662337662337663,
            "F1": 0.763004831425884
        },
        "2": {
            "accuracy": 0.8051948051948052,
            "precision": 0.8405624876213111,
            "recall": 0.8051948051948052,
            "F1": 0.8021216878359735
        },
        "3": {
            "accuracy": 0.6233766233766234,
            "precision": 0.6404501774611542,
            "recall": 0.6233766233766234,
            "F1": 0.614029154912381
        },
        "4": {
            "accuracy": 0.6233766233766234,
            "precision": 0.6404501774611542,
            "recall": 0.6233766233766234,
            "F1": 0.614029154912381
        }
    },
    "Jacob\u2019s Ladder": {
        "0": {
            "accuracy": 0.5642857142857143,
            "precision": 0.6037650987224158,
            "recall": 0.5642857142857143,
            "F1": 0.5532287184573428
        },
        "1": {
            "accuracy": 0.7428571428571429,
            "precision": 0.7608229655498564,
            "recall": 0.7428571428571429,
            "F1": 0.7413005916652374
        },
        "2": {
            "accuracy": 0.7571428571428571,
            "precision": 0.7727650889415596,
            "recall": 0.7571428571428571,
            "F1": 0.7561115921115922
        },
        "3": {
            "accuracy": 0.7428571428571429,
            "precision": 0.7608264358374929,
            "recall": 0.7428571428571429,
            "F1": 0.7422899971747058
        },
        "4": {
            "accuracy": 0.7428571428571429,
            "precision": 0.7608264358374929,
            "recall": 0.7428571428571429,
            "F1": 0.7422899971747058
        }
    },
    "La Memoria De Nuestra Tierra (Calif. 1996)": {
        "0": {
            "accuracy": 0.373015873015873,
            "precision": 0.36871270247229326,
            "recall": 0.373015873015873,
            "F1": 0.35096108254003
        },
        "1": {
            "accuracy": 0.8412698412698413,
            "precision": 0.8524848828420257,
            "recall": 0.8412698412698413,
            "F1": 0.8398462881221502
        },
        "2": {
            "accuracy": 0.8095238095238095,
            "precision": 0.8206555349412492,
            "recall": 0.8095238095238095,
            "F1": 0.8094726978447907
        },
        "3": {
            "accuracy": 0.9206349206349206,
            "precision": 0.9224147324833823,
            "recall": 0.9206349206349206,
            "F1": 0.9201298701298701
        },
        "4": {
            "accuracy": 0.9206349206349206,
            "precision": 0.9224147324833823,
            "recall": 0.9206349206349206,
            "F1": 0.9201298701298701
        }
    },