{
    "Breakthrough": {
        "0": {
            "accuracy": 0.3333333333333333,
            "precision": 0.33902323376007587,
            "recall": 0.3333333333333333,
            "F1": 0.3286274509803922
        },
        "1": {
            "accuracy": 0.2956989247311828,
            "precision": 0.2936383050466449,
            "recall": 0.2956989247311828,
            "F1": 0.28943801121220475
        },
        "2": {
            "accuracy": 0.44086021505376344,
            "precision": 0.4543865384016687,
            "recall": 0.44086021505376344,
            "F1": 0.43898355272012707
        }
    },
    "Cups": {
        "0": {
            "accuracy": 0.2805755395683453,
            "precision": 0.27198293313401223,
            "recall": 0.2805755395683453,
            "F1": 0.2629898693034602
        },
        "1": {
            "accuracy": 0.6402877697841727,
            "precision": 0.6468149618236445,
            "recall": 0.6402877697841727,
            "F1": 0.6381696679643688
        },
        "2": {
            "accuracy": 0.5971223021582733,
            "precision": 0.6034649750228754,
            "recall": 0.5971223021582733,
            "F1": 0.5955729335166334
        }
    },
    "Empire Builder": {
        "0": {
            "accuracy": 0.29850746268656714,
            "precision": 0.3009848686412675,
            "recall": 0.29850746268656714,
            "F1": 0.29870701159850377
        },
        "1": {
            "accuracy": 0.5,
            "precision": 0.5112379103843195,
            "recall": 0.5,
            "F1": 0.500698472939438
        },
        "2": {
            "accuracy": 0.5298507462686567,
            "precision": 0.5341151385927505,
            "recall": 0.5298507462686567,
            "F1": 0.5167910447761194
        }
    },
    "Eson xorgol": {
        "0": {
            "accuracy": 0.4666666666666667,
            "precision": 0.48968332781639634,
            "recall": 0.4666666666666667,
            "F1": 0.44664371772805506
        },
        "1": {
            "accuracy": 0.8,
            "precision": 0.8017241379310346,
            "recall": 0.8,
            "F1": 0.8004373974849646
        },
        "2": {
            "accuracy": 0.8111111111111111,
            "precision": 0.8131874922753678,
            "recall": 0.8111111111111111,
            "F1": 0.8120002469821865
        }
    },
    "Hex": {
        "0": {
            "accuracy": 0.2717391304347826,
            "precision": 0.23201499802819678,
            "recall": 0.2717391304347826,
            "F1": 0.24091166636177003
        },
        "1": {
            "accuracy": 0.2826086956521739,
            "precision": 0.25986821149864625,
            "recall": 0.2826086956521739,
            "F1": 0.26475790460118925
        },
        "2": {
            "accuracy": 0.21739130434782608,
            "precision": 0.2115800546802437,
            "recall": 0.21739130434782608,
            "F1": 0.20993788819875775
        }
    },
    "Internet Diplomacy": {
        "0": {
            "accuracy": 0.37662337662337664,
            "precision": 0.36427298192004076,
            "recall": 0.37662337662337664,
            "F1": 0.31770394108056443
        },
        "1": {
            "accuracy": 0.4935064935064935,
            "precision": 0.49417823555754586,
            "recall": 0.4935064935064935,
            "F1": 0.4902371250943105
        },
        "2": {
            "accuracy": 0.4935064935064935,
            "precision": 0.49682648178888783,
            "recall": 0.4935064935064935,
            "F1": 0.48974594429139884
        }
    },
    "Jacob\u2019s Ladder": {
        "0": {
            "accuracy": 0.5642857142857143,
            "precision": 0.6037650987224158,
            "recall": 0.5642857142857143,
            "F1": 0.5532287184573428
        },
        "1": {
            "accuracy": 0.7571428571428571,
            "precision": 0.7637282229965155,
            "recall": 0.7571428571428571,
            "F1": 0.756900436903973
        },
        "2": {
            "accuracy": 0.7785714285714286,
            "precision": 0.7858952505487321,
            "recall": 0.7785714285714286,
            "F1": 0.7769241890304509
        }
    },
    "La Memoria De Nuestra Tierra (Calif. 1996)": {
        "0": {
            "accuracy": 0.373015873015873,
            "precision": 0.36871270247229326,
            "recall": 0.373015873015873,
            "F1": 0.35096108254003
        },
        "1": {
            "accuracy": 0.753968253968254,
            "precision": 0.7763932763932764,
            "recall": 0.753968253968254,
            "F1": 0.7553902235999885
        },
        "2": {
            "accuracy": 0.753968253968254,
            "precision": 0.7623007623007623,
            "recall": 0.753968253968254,
            "F1": 0.75320944429482
        }
    },
    "Lamentation over the Dead Christ": {
        "0": {
            "accuracy": 0.32786885245901637,
            "precision": 0.2831021437578814,
            "recall": 0.32786885245901637,
            "F1": 0.22350420257058673
        },
        "1": {
            "accuracy": 0.8524590163934426,
            "precision": 0.8544243121464864,
            "recall": 0.8524590163934426,
            "F1": 0.8511316121324749
        },
        "2": {
            "accuracy": 0.8688524590163934,
            "precision": 0.8720582877959927,
            "recall": 0.8688524590163934,
            "F1": 0.8665266158982631
        }
    },
    "Last Supper": {
        "0": {
            "accuracy": 0.36666666666666664,
            "precision": 0.375,
            "recall": 0.36666666666666664,
            "F1": 0.3529202279202279
        },
        "1": {
            "accuracy": 0.8,
            "precision": 0.8053968253968253,
            "recall": 0.8,
            "F1": 0.7989898989898989
        },
        "2": {
            "accuracy": 0.8777777777777778,
            "precision": 0.881101656963726,
            "recall": 0.8777777777777778,
            "F1": 0.8783501711613927
        }
    },
    "Leda and the Swan": {
        "0": {
            "accuracy": 0.2851063829787234,
            "precision": 0.27321126972114546,
            "recall": 0.2851063829787234,
            "F1": 0.266612239814331
        },
        "1": {
            "accuracy": 0.6468085106382979,
            "precision": 0.6542350332594236,
            "recall": 0.6468085106382979,
            "F1": 0.6479201751236406
        },
        "2": {
            "accuracy": 0.6340425531914894,
            "precision": 0.6399547793215343,
            "recall": 0.6340425531914894,
            "F1": 0.6326799926457796
        }
    },
    "Lovejoy Columns": {
        "0": {
            "accuracy": 0.3233082706766917,
            "precision": 0.2897337328283114,
            "recall": 0.3233082706766917,
            "F1": 0.2798514048732619
        },
        "1": {
            "accuracy": 0.39849624060150374,
            "precision": 0.3922356912689888,
            "recall": 0.39849624060150374,
            "F1": 0.38990398243369384
        },
        "2": {
            "accuracy": 0.42105263157894735,
            "precision": 0.4246524329692155,
            "recall": 0.42105263157894735,
            "F1": 0.4183848029574575
        }
    },
    "Madonna of the Yarnwinder": {
        "0": {
            "accuracy": 0.3660130718954248,
            "precision": 0.3727183254941005,
            "recall": 0.3660130718954248,
            "F1": 0.3614634932141275
        },
        "1": {
            "accuracy": 0.5294117647058824,
            "precision": 0.5301587301587302,
            "recall": 0.5294117647058824,
            "F1": 0.5263157894736842
        },
        "2": {
            "accuracy": 0.5294117647058824,
            "precision": 0.5278711484593838,
            "recall": 0.5294117647058824,
            "F1": 0.5258389319110381
        }
    },
    "Noah's Ark": {
        "0": {
            "accuracy": 0.5135135135135135,