{
    "Breakthrough": {
        "0": {
            "accuracy": 0.3333333333333333,
            "precision": 0.33902323376007587,
            "recall": 0.3333333333333333,
            "F1": 0.3286274509803922
        },
        "1": {
            "accuracy": 0.3333333333333333,
            "precision": 0.34050456410006974,
            "recall": 0.3333333333333333,
            "F1": 0.3281777702307504
        },
        "2": {
            "accuracy": 0.4032258064516129,
            "precision": 0.41377108983128136,
            "recall": 0.4032258064516129,
            "F1": 0.40239565787011045
        },
        "3": {
            "accuracy": 0.45161290322580644,
            "precision": 0.4625117370892019,
            "recall": 0.45161290322580644,
            "F1": 0.44821478341624776
        },
        "4": {
            "accuracy": 0.45161290322580644,
            "precision": 0.4625117370892019,
            "recall": 0.45161290322580644,
            "F1": 0.44821478341624776
        }
    },
    "Cups": {
        "0": {
            "accuracy": 0.2805755395683453,
            "precision": 0.27198293313401223,
            "recall": 0.2805755395683453,
            "F1": 0.2629898693034602
        },
        "1": {
            "accuracy": 0.4892086330935252,
            "precision": 0.4884557470302827,
            "recall": 0.4892086330935252,
            "F1": 0.48849612537469156
        },
        "2": {
            "accuracy": 0.5035971223021583,
            "precision": 0.503848084323239,
            "recall": 0.5035971223021583,
            "F1": 0.5033696198375482
        },
        "3": {
            "accuracy": 0.48201438848920863,
            "precision": 0.4844261733470367,
            "recall": 0.48201438848920863,
            "F1": 0.4826139088729016
        },
        "4": {
            "accuracy": 0.48201438848920863,
            "precision": 0.4844261733470367,
            "recall": 0.48201438848920863,
            "F1": 0.4826139088729016
        }
    },
    "Empire Builder": {
        "0": {
            "accuracy": 0.29850746268656714,
            "precision": 0.3009848686412675,
            "recall": 0.29850746268656714,
            "F1": 0.29870701159850377
        },
        "1": {
            "accuracy": 0.6716417910447762,
            "precision": 0.6808789216957106,
            "recall": 0.6716417910447762,
            "F1": 0.6665684734223619
        },
        "2": {
            "accuracy": 0.6343283582089553,
            "precision": 0.6450452066590125,
            "recall": 0.6343283582089553,
            "F1": 0.6317831710117922
        },
        "3": {
            "accuracy": 0.7313432835820896,
            "precision": 0.7381738366988586,
            "recall": 0.7313432835820896,
            "F1": 0.7285038512485271
        },
        "4": {
            "accuracy": 0.7313432835820896,
            "precision": 0.7381738366988586,
            "recall": 0.7313432835820896,
            "F1": 0.7285038512485271
        }
    },
    "Eson xorgol": {
        "0": {
            "accuracy": 0.4666666666666667,
            "precision": 0.48968332781639634,
            "recall": 0.4666666666666667,
            "F1": 0.44664371772805506
        },
        "1": {
            "accuracy": 0.3888888888888889,
            "precision": 0.4151236146632566,
            "recall": 0.3888888888888889,
            "F1": 0.3809280074936438
        },
        "2": {
            "accuracy": 0.4,
            "precision": 0.40432098765432095,
            "recall": 0.4,
            "F1": 0.4003189792663477
        },
        "3": {
            "accuracy": 0.4444444444444444,
            "precision": 0.4480088784436611,
            "recall": 0.4444444444444444,
            "F1": 0.4420132044181607
        },
        "4": {
            "accuracy": 0.4444444444444444,
            "precision": 0.4480088784436611,
            "recall": 0.4444444444444444,
            "F1": 0.4420132044181607
        }
    },
    "Hex": {
        "0": {
            "accuracy": 0.2717391304347826,
            "precision": 0.23201499802819678,
            "recall": 0.2717391304347826,
            "F1": 0.24091166636177003
        },
        "1": {
            "accuracy": 0.358695652173913,
            "precision": 0.33815374921235036,
            "recall": 0.358695652173913,
            "F1": 0.3362311113171753
        },
        "2": {
            "accuracy": 0.3423913043478261,
            "precision": 0.3035564978499761,
            "recall": 0.3423913043478261,
            "F1": 0.30525586399534177
        },
        "3": {
            "accuracy": 0.33695652173913043,
            "precision": 0.3108146948160535,
            "recall": 0.33695652173913043,
            "F1": 0.3127652650588052
        },
        "4": {
            "accuracy": 0.33695652173913043,
            "precision": 0.3108146948160535,
            "recall": 0.33695652173913043,
            "F1": 0.3127652650588052
        }
    },
    "Internet Diplomacy": {
        "0": {
            "accuracy": 0.37662337662337664,
            "precision": 0.36427298192004076,
            "recall": 0.37662337662337664,
            "F1": 0.31770394108056443
        },
        "1": {
            "accuracy": 0.5324675324675324,
            "precision": 0.5498715570144141,
            "recall": 0.5324675324675324,
            "F1": 0.5272499461781732
        },
        "2": {
            "accuracy": 0.5714285714285714,
            "precision": 0.5856603406913005,
            "recall": 0.5714285714285714,
            "F1": 0.5699679005801455
        },
        "3": {
            "accuracy": 0.6623376623376623,
            "precision": 0.6743408107044471,
            "recall": 0.6623376623376623,
            "F1": 0.6611710518888717
        },
        "4": {
            "accuracy": 0.6623376623376623,
            "precision": 0.6743408107044471,
            "recall": 0.6623376623376623,
            "F1": 0.6611710518888717
        }
    },
    "Jacob\u2019s Ladder": {
        "0": {
            "accuracy": 0.5642857142857143,
            "precision": 0.6037650987224158,
            "recall": 0.5642857142857143,
            "F1": 0.5532287184573428
        },
        "1": {
            "accuracy": 0.7642857142857142,
            "precision": 0.7852943326905325,
            "recall": 0.7642857142857142,
            "F1": 0.763312728937729
        },
        "2": {
            "accuracy": 0.7428571428571429,
            "precision": 0.7555088251516823,
            "recall": 0.7428571428571429,
            "F1": 0.7433073229291717
        },
        "3": {
            "accuracy": 0.75,
            "precision": 0.7653727851096271,
            "recall": 0.75,
            "F1": 0.7523729536276709
        },
        "4": {
            "accuracy": 0.75,
            "precision": 0.7653727851096271,
            "recall": 0.75,
            "F1": 0.7523729536276709
        }
    },
    "La Memoria De Nuestra Tierra (Calif. 1996)": {
        "0": {
            "accuracy": 0.373015873015873,
            "precision": 0.36871270247229326,
            "recall": 0.373015873015873,
            "F1": 0.35096108254003
        },
        "1": {
            "accuracy": 0.6349206349206349,
            "precision": 0.6450617283950617,
            "recall": 0.6349206349206349,
            "F1": 0.6340811965811967
        },
        "2": {
            "accuracy": 0.6984126984126984,
            "precision": 0.720715931242247,
            "recall": 0.6984126984126984,
            "F1": 0.6993835793835793
        },
        "3": {
            "accuracy": 0.6507936507936508,
            "precision": 0.6651207729468599,
            "recall": 0.6507936507936508,
            "F1": 0.6497218562435954
        },
        "4": {
            "accuracy": 0.6507936507936508,
            "precision": 0.6651207729468599,
            "recall": 0.6507936507936508,
            "F1": 0.6497218562435954
        }
    },