{
    "Unlock!": {
        "0": {
            "accuracy": 0.24489795918367346,
            "precision": 1.0,
            "recall": 0.24489795918367346,
            "F1": 0.39344262295081966
        },
        "1": {
            "accuracy": 0.3469387755102041,
            "precision": 1.0,
            "recall": 0.3469387755102041,
            "F1": 0.5151515151515151
        },
        "2": {
            "accuracy": 0.46938775510204084,
            "precision": 1.0,
            "recall": 0.46938775510204084,
            "F1": 0.6388888888888888
        },
        "3": {
            "accuracy": 0.32653061224489793,
            "precision": 1.0,
            "recall": 0.32653061224489793,
            "F1": 0.4923076923076923
        },
        "4": {
            "accuracy": 0.32653061224489793,
            "precision": 1.0,
            "recall": 0.32653061224489793,
            "F1": 0.4923076923076923
        },
        "5": {
            "accuracy": 0.2653061224489796,
            "precision": 1.0,
            "recall": 0.2653061224489796,
            "F1": 0.4193548387096775
        },
        "6": {
            "accuracy": 0.22448979591836735,
            "precision": 1.0,
            "recall": 0.22448979591836735,
            "F1": 0.36666666666666664
        },
        "7": {
            "accuracy": 0.16326530612244897,
            "precision": 1.0,
            "recall": 0.16326530612244897,
            "F1": 0.2807017543859649
        },
        "8": {
            "accuracy": 0.3469387755102041,
            "precision": 1.0,
            "recall": 0.3469387755102041,
            "F1": 0.5151515151515151
        },
        "9": {
            "accuracy": 0.2857142857142857,
            "precision": 1.0,
            "recall": 0.2857142857142857,
            "F1": 0.44444444444444436
        },
        "10": {
            "accuracy": 0.2857142857142857,
            "precision": 1.0,
            "recall": 0.2857142857142857,
            "F1": 0.44444444444444436
        }
    }
}