{
    "Breakthrough": {
        "0": {
            "accuracy": 0.3333333333333333,
            "precision": 0.33902323376007587,
            "recall": 0.3333333333333333,
            "F1": 0.3286274509803922
        },
        "1": {
            "accuracy": 0.26881720430107525,
            "precision": 0.2602804602804603,
            "recall": 0.26881720430107525,
            "F1": 0.25211392443457364
        },
        "2": {
            "accuracy": 0.26881720430107525,
            "precision": 0.26303991541104943,
            "recall": 0.26881720430107525,
            "F1": 0.25594682109720407
        },
        "3": {
            "accuracy": 0.3387096774193548,
            "precision": 0.338126159554731,
            "recall": 0.3387096774193548,
            "F1": 0.33153153153153153
        },
        "4": {
            "accuracy": 0.3387096774193548,
            "precision": 0.338126159554731,
            "recall": 0.3387096774193548,
            "F1": 0.33153153153153153
        }
    },
    "Cups": {
        "0": {
            "accuracy": 0.2805755395683453,
            "precision": 0.27198293313401223,
            "recall": 0.2805755395683453,
            "F1": 0.2629898693034602
        },
        "1": {
            "accuracy": 0.5467625899280576,
            "precision": 0.5582781894784924,
            "recall": 0.5467625899280576,
            "F1": 0.5451555638605998
        },
        "2": {
            "accuracy": 0.5107913669064749,
            "precision": 0.5254739065890145,
            "recall": 0.5107913669064749,
            "F1": 0.5012097769891536
        },
        "3": {
            "accuracy": 0.5179856115107914,
            "precision": 0.5250708524089819,
            "recall": 0.5179856115107914,
            "F1": 0.5088302909052583
        },
        "4": {
            "accuracy": 0.5179856115107914,
            "precision": 0.5250708524089819,
            "recall": 0.5179856115107914,
            "F1": 0.5088302909052583
        }
    },
    "Empire Builder": {
        "0": {
            "accuracy": 0.29850746268656714,
            "precision": 0.3009848686412675,
            "recall": 0.29850746268656714,
            "F1": 0.29870701159850377
        },
        "1": {
            "accuracy": 0.6567164179104478,
            "precision": 0.6667178486803765,
            "recall": 0.6567164179104478,
            "F1": 0.6566623404715553
        },
        "2": {
            "accuracy": 0.8134328358208955,
            "precision": 0.8207993352857268,
            "recall": 0.8134328358208955,
            "F1": 0.8142126446419589
        },
        "3": {
            "accuracy": 0.753731343283582,
            "precision": 0.7556646117239888,
            "recall": 0.753731343283582,
            "F1": 0.7533557025865306
        },
        "4": {
            "accuracy": 0.753731343283582,
            "precision": 0.7556646117239888,
            "recall": 0.753731343283582,
            "F1": 0.7533557025865306
        }
    },
    "Eson xorgol": {
        "0": {
            "accuracy": 0.4666666666666667,
            "precision": 0.48968332781639634,
            "recall": 0.4666666666666667,
            "F1": 0.44664371772805506
        },
        "1": {
            "accuracy": 0.6666666666666666,
            "precision": 0.6702124935995903,
            "recall": 0.6666666666666666,
            "F1": 0.66435321407999
        },
        "2": {
            "accuracy": 0.8111111111111111,
            "precision": 0.8167892156862744,
            "recall": 0.8111111111111111,
            "F1": 0.8093264635603344
        },
        "3": {
            "accuracy": 0.8,
            "precision": 0.8008978675645343,
            "recall": 0.8,
            "F1": 0.7991088833194097
        },
        "4": {
            "accuracy": 0.8,
            "precision": 0.8008978675645343,
            "recall": 0.8,
            "F1": 0.7991088833194097
        }
    },
    "Hex": {
        "0": {
            "accuracy": 0.2717391304347826,
            "precision": 0.23201499802819678,
            "recall": 0.2717391304347826,
            "F1": 0.24091166636177003
        },
        "1": {
            "accuracy": 0.3695652173913043,
            "precision": 0.3418846471073406,
            "recall": 0.3695652173913043,
            "F1": 0.34502985096520566
        },
        "2": {
            "accuracy": 0.3695652173913043,
            "precision": 0.36193799407114624,
            "recall": 0.3695652173913043,
            "F1": 0.3523665264142123
        },
        "3": {
            "accuracy": 0.375,
            "precision": 0.36486639492753625,
            "recall": 0.375,
            "F1": 0.3602761462087766
        },
        "4": {
            "accuracy": 0.375,
            "precision": 0.36486639492753625,
            "recall": 0.375,
            "F1": 0.3602761462087766
        }
    },
    "Internet Diplomacy": {
        "0": {
            "accuracy": 0.37662337662337664,
            "precision": 0.36427298192004076,
            "recall": 0.37662337662337664,
            "F1": 0.31770394108056443
        },
        "1": {
            "accuracy": 0.5454545454545454,
            "precision": 0.5779296726665147,
            "recall": 0.5454545454545454,
            "F1": 0.5248793033684198
        },
        "2": {
            "accuracy": 0.44155844155844154,
            "precision": 0.4328946454614904,
            "recall": 0.44155844155844154,
            "F1": 0.4131106988249845
        },
        "3": {
            "accuracy": 0.45454545454545453,
            "precision": 0.4488780713130918,
            "recall": 0.45454545454545453,
            "F1": 0.42936869572721087
        },
        "4": {
            "accuracy": 0.45454545454545453,
            "precision": 0.4488780713130918,
            "recall": 0.45454545454545453,
            "F1": 0.42936869572721087
        }
    },
    "Jacob\u2019s Ladder": {
        "0": {
            "accuracy": 0.5642857142857143,
            "precision": 0.6037650987224158,
            "recall": 0.5642857142857143,
            "F1": 0.5532287184573428
        },
        "1": {
            "accuracy": 0.7928571428571428,
            "precision": 0.8034248608534322,
            "recall": 0.7928571428571428,
            "F1": 0.7904223884675822
        },
        "2": {
            "accuracy": 0.7785714285714286,
            "precision": 0.7872626699446107,
            "recall": 0.7785714285714286,
            "F1": 0.7755147291732657
        },
        "3": {
            "accuracy": 0.7142857142857143,
            "precision": 0.7373535777947543,
            "recall": 0.7142857142857143,
            "F1": 0.7155302835419882
        },
        "4": {
            "accuracy": 0.7142857142857143,
            "precision": 0.7373535777947543,
            "recall": 0.7142857142857143,
            "F1": 0.7155302835419882
        }
    },
    "La Memoria De Nuestra Tierra (Calif. 1996)": {
        "0": {
            "accuracy": 0.373015873015873,
            "precision": 0.36871270247229326,
            "recall": 0.373015873015873,
            "F1": 0.35096108254003
        },
        "1": {
            "accuracy": 0.8412698412698413,
            "precision": 0.8448294649667647,
            "recall": 0.8412698412698413,
            "F1": 0.8417748917748917
        },
        "2": {
            "accuracy": 0.8492063492063492,
            "precision": 0.8566367609845871,
            "recall": 0.8492063492063492,
            "F1": 0.84962929790516
        },
        "3": {
            "accuracy": 0.8412698412698413,
            "precision": 0.851557239057239,
            "recall": 0.8412698412698413,
            "F1": 0.8408173690932311
        },
        "4": {
            "accuracy": 0.8412698412698413,
            "precision": 0.851557239057239,
            "recall": 0.8412698412698413,
            "F1": 0.8408173690932311
        }
    },