{
    "Breakthrough": {
        "0": {
            "accuracy": 0.3333333333333333,
            "precision": 0.33902323376007587,
            "recall": 0.3333333333333333,
            "F1": 0.3286274509803922
        },
        "1": {
            "accuracy": 0.3978494623655914,
            "precision": 0.4067021647779851,
            "recall": 0.3978494623655914,
            "F1": 0.3965688632355299
        },
        "2": {
            "accuracy": 0.41397849462365593,
            "precision": 0.42450893765352815,
            "recall": 0.41397849462365593,
            "F1": 0.4132689717108217
        }
    },
    "Cups": {
        "0": {
            "accuracy": 0.2805755395683453,
            "precision": 0.27198293313401223,
            "recall": 0.2805755395683453,
            "F1": 0.2629898693034602
        },
        "1": {
            "accuracy": 0.5467625899280576,
            "precision": 0.5491403112283153,
            "recall": 0.5467625899280576,
            "F1": 0.5464698114787633
        },
        "2": {
            "accuracy": 0.5683453237410072,
            "precision": 0.5691133568823783,
            "recall": 0.5683453237410072,
            "F1": 0.5684175204236755
        }
    },
    "Empire Builder": {
        "0": {
            "accuracy": 0.29850746268656714,
            "precision": 0.3009848686412675,
            "recall": 0.29850746268656714,
            "F1": 0.29870701159850377
        },
        "1": {
            "accuracy": 0.7014925373134329,
            "precision": 0.7189512331391172,
            "recall": 0.7014925373134329,
            "F1": 0.7025284278281262
        },
        "2": {
            "accuracy": 0.7014925373134329,
            "precision": 0.7029287591468382,
            "recall": 0.7014925373134329,
            "F1": 0.7011423819319823
        }
    },
    "Eson xorgol": {
        "0": {
            "accuracy": 0.4666666666666667,
            "precision": 0.48968332781639634,
            "recall": 0.4666666666666667,
            "F1": 0.44664371772805506
        },
        "1": {
            "accuracy": 0.4666666666666667,
            "precision": 0.4678469678469678,
            "recall": 0.4666666666666667,
            "F1": 0.46482061999303376
        },
        "2": {
            "accuracy": 0.4,
            "precision": 0.41405641265388815,
            "recall": 0.4,
            "F1": 0.40330305842214287
        }
    },
    "Hex": {
        "0": {
            "accuracy": 0.2717391304347826,
            "precision": 0.23201499802819678,
            "recall": 0.2717391304347826,
            "F1": 0.24091166636177003
        },
        "1": {
            "accuracy": 0.3858695652173913,
            "precision": 0.37597171031888404,
            "recall": 0.3858695652173913,
            "F1": 0.3707716623818449
        },
        "2": {
            "accuracy": 0.358695652173913,
            "precision": 0.3526354382332643,
            "recall": 0.358695652173913,
            "F1": 0.3434878099728447
        }
    },
    "Internet Diplomacy": {
        "0": {
            "accuracy": 0.37662337662337664,
            "precision": 0.36427298192004076,
            "recall": 0.37662337662337664,
            "F1": 0.31770394108056443
        },
        "1": {
            "accuracy": 0.6233766233766234,
            "precision": 0.6441017316017316,
            "recall": 0.6233766233766234,
            "F1": 0.6153707836267894
        },
        "2": {
            "accuracy": 0.44155844155844154,
            "precision": 0.4671726541856412,
            "recall": 0.44155844155844154,
            "F1": 0.43738084575523
        }
    },
    "Jacob\u2019s Ladder": {
        "0": {
            "accuracy": 0.5642857142857143,
            "precision": 0.6037650987224158,
            "recall": 0.5642857142857143,
            "F1": 0.5532287184573428
        },
        "1": {
            "accuracy": 0.55,
            "precision": 0.5523606023606024,
            "recall": 0.55,
            "F1": 0.5482325581395349
        },
        "2": {
            "accuracy": 0.6285714285714286,
            "precision": 0.638339356061728,
            "recall": 0.6285714285714286,
            "F1": 0.6274152030150039
        }
    },
    "La Memoria De Nuestra Tierra (Calif. 1996)": {
        "0": {
            "accuracy": 0.373015873015873,
            "precision": 0.36871270247229326,
            "recall": 0.373015873015873,
            "F1": 0.35096108254003
        },
        "1": {
            "accuracy": 0.5158730158730159,
            "precision": 0.5209790209790209,
            "recall": 0.5158730158730159,
            "F1": 0.5127674897119341
        },
        "2": {
            "accuracy": 0.6428571428571429,
            "precision": 0.6585065481196684,
            "recall": 0.6428571428571429,
            "F1": 0.63866849981126
        }
    },
    "Lamentation over the Dead Christ": {
        "0": {
            "accuracy": 0.32786885245901637,
            "precision": 0.2831021437578814,
            "recall": 0.32786885245901637,
            "F1": 0.22350420257058673
        },
        "1": {
            "accuracy": 0.8688524590163934,
            "precision": 0.8696850087148188,
            "recall": 0.8688524590163934,
            "F1": 0.8666901789652689
        },
        "2": {
            "accuracy": 0.9016393442622951,
            "precision": 0.9022668444583889,
            "recall": 0.9016393442622951,
            "F1": 0.9015806915158802
        }
    },
    "Last Supper": {
        "0": {
            "accuracy": 0.36666666666666664,
            "precision": 0.375,
            "recall": 0.36666666666666664,
            "F1": 0.3529202279202279
        },
        "1": {
            "accuracy": 0.45555555555555555,
            "precision": 0.5017405582922824,
            "recall": 0.45555555555555555,
            "F1": 0.41146601146601147
        },
        "2": {
            "accuracy": 0.6222222222222222,
            "precision": 0.6990740740740742,
            "recall": 0.6222222222222222,
            "F1": 0.6198830409356725
        }
    },
    "Leda and the Swan": {
        "0": {
            "accuracy": 0.2851063829787234,
            "precision": 0.27321126972114546,
            "recall": 0.2851063829787234,
            "F1": 0.266612239814331
        },
        "1": {
            "accuracy": 0.6893617021276596,
            "precision": 0.6967896319652367,
            "recall": 0.6893617021276596,
            "F1": 0.6886196599348702
        },
        "2": {
            "accuracy": 0.723404255319149,
            "precision": 0.7322744980521426,
            "recall": 0.723404255319149,
            "F1": 0.7216806215782053
        }
    },
    "Lovejoy Columns": {
        "0": {
            "accuracy": 0.3233082706766917,
            "precision": 0.2897337328283114,
            "recall": 0.3233082706766917,
            "F1": 0.2798514048732619
        },
        "1": {
            "accuracy": 0.5864661654135338,
            "precision": 0.5939634888935926,
            "recall": 0.5864661654135338,
            "F1": 0.5829104781658581
        },
        "2": {
            "accuracy": 0.7218045112781954,
            "precision": 0.7306248246097871,
            "recall": 0.7218045112781954,
            "F1": 0.7220278399388966
        }
    },
    "Madonna of the Yarnwinder": {
        "0": {
            "accuracy": 0.3660130718954248,
            "precision": 0.3727183254941005,
            "recall": 0.3660130718954248,
            "F1": 0.3614634932141275
        },
        "1": {
            "accuracy": 0.6209150326797386,
            "precision": 0.6260616921907244,
            "recall": 0.6209150326797386,
            "F1": 0.6158288919212682
        },
        "2": {
            "accuracy": 0.6339869281045751,
            "precision": 0.6379069287317753,
            "recall": 0.6339869281045751,
            "F1": 0.6317034060000812
        }
    },