{
    "Breakthrough": {
        "0": {
            "accuracy": 0.3333333333333333,
            "precision": 0.33902323376007587,
            "recall": 0.3333333333333333,
            "F1": 0.3286274509803922
        },
        "1": {
            "accuracy": 0.3010752688172043,
            "precision": 0.3067599210520169,
            "recall": 0.3010752688172043,
            "F1": 0.3016275713950132
        },
        "2": {
            "accuracy": 0.3548387096774194,
            "precision": 0.3589184397163121,
            "recall": 0.3548387096774194,
            "F1": 0.35341491820431087
        }
    },
    "Cups": {
        "0": {
            "accuracy": 0.2805755395683453,
            "precision": 0.27198293313401223,
            "recall": 0.2805755395683453,
            "F1": 0.2629898693034602
        },
        "1": {
            "accuracy": 0.539568345323741,
            "precision": 0.541345264275872,
            "recall": 0.539568345323741,
            "F1": 0.5385823561264841
        },
        "2": {
            "accuracy": 0.60431654676259,
            "precision": 0.6110169378411927,
            "recall": 0.60431654676259,
            "F1": 0.6024178457014366
        }
    },
    "Empire Builder": {
        "0": {
            "accuracy": 0.29850746268656714,
            "precision": 0.3009848686412675,
            "recall": 0.29850746268656714,
            "F1": 0.29870701159850377
        },
        "1": {
            "accuracy": 0.7313432835820896,
            "precision": 0.743432488180217,
            "recall": 0.7313432835820896,
            "F1": 0.7275779177064827
        },
        "2": {
            "accuracy": 0.7313432835820896,
            "precision": 0.7416048119856662,
            "recall": 0.7313432835820896,
            "F1": 0.7292102023228223
        }
    },
    "Eson xorgol": {
        "0": {
            "accuracy": 0.4666666666666667,
            "precision": 0.48968332781639634,
            "recall": 0.4666666666666667,
            "F1": 0.44664371772805506
        },
        "1": {
            "accuracy": 0.8111111111111111,
            "precision": 0.8149029982363315,
            "recall": 0.8111111111111111,
            "F1": 0.8102967409682473
        },
        "2": {
            "accuracy": 0.7888888888888889,
            "precision": 0.7883574341861327,
            "recall": 0.7888888888888889,
            "F1": 0.7884782810039827
        }
    },
    "Hex": {
        "0": {
            "accuracy": 0.2717391304347826,
            "precision": 0.23201499802819678,
            "recall": 0.2717391304347826,
            "F1": 0.24091166636177003
        },
        "1": {
            "accuracy": 0.3532608695652174,
            "precision": 0.35458617469487036,
            "recall": 0.3532608695652174,
            "F1": 0.3489094029004018
        },
        "2": {
            "accuracy": 0.33152173913043476,
            "precision": 0.3302478957234666,
            "recall": 0.33152173913043476,
            "F1": 0.3286225344780714
        }
    },
    "Internet Diplomacy": {
        "0": {
            "accuracy": 0.37662337662337664,
            "precision": 0.36427298192004076,
            "recall": 0.37662337662337664,
            "F1": 0.31770394108056443
        },
        "1": {
            "accuracy": 0.7272727272727273,
            "precision": 0.7345099762392995,
            "recall": 0.7272727272727273,
            "F1": 0.7232004293998903
        },
        "2": {
            "accuracy": 0.7012987012987013,
            "precision": 0.702326245183388,
            "recall": 0.7012987012987013,
            "F1": 0.6979584870698764
        }
    },
    "Jacob\u2019s Ladder": {
        "0": {
            "accuracy": 0.5642857142857143,
            "precision": 0.6037650987224158,
            "recall": 0.5642857142857143,
            "F1": 0.5532287184573428
        },
        "1": {
            "accuracy": 0.6285714285714286,
            "precision": 0.6400903119868637,
            "recall": 0.6285714285714286,
            "F1": 0.6295257112769705
        },
        "2": {
            "accuracy": 0.6428571428571429,
            "precision": 0.655878779901845,
            "recall": 0.6428571428571429,
            "F1": 0.6410003163521911
        }
    },
    "La Memoria De Nuestra Tierra (Calif. 1996)": {
        "0": {
            "accuracy": 0.373015873015873,
            "precision": 0.36871270247229326,
            "recall": 0.373015873015873,
            "F1": 0.35096108254003
        },
        "1": {
            "accuracy": 0.373015873015873,
            "precision": 0.3781045751633987,
            "recall": 0.373015873015873,
            "F1": 0.33153636997224345
        },
        "2": {
            "accuracy": 0.29365079365079366,
            "precision": 0.23750000000000002,
            "recall": 0.29365079365079366,
            "F1": 0.22226417808465496
        }
    },
    "Lamentation over the Dead Christ": {
        "0": {
            "accuracy": 0.32786885245901637,
            "precision": 0.2831021437578814,
            "recall": 0.32786885245901637,
            "F1": 0.22350420257058673
        },
        "1": {
            "accuracy": 0.7377049180327869,
            "precision": 0.7377049180327869,
            "recall": 0.7377049180327869,
            "F1": 0.7377049180327869
        },
        "2": {
            "accuracy": 0.8688524590163934,
            "precision": 0.8694860220163142,
            "recall": 0.8688524590163934,
            "F1": 0.8677543336732293
        }
    },
    "Last Supper": {
        "0": {
            "accuracy": 0.36666666666666664,
            "precision": 0.375,
            "recall": 0.36666666666666664,
            "F1": 0.3529202279202279
        },
        "1": {
            "accuracy": 0.8444444444444444,
            "precision": 0.8715001473622164,
            "recall": 0.8444444444444444,
            "F1": 0.8463679937519288
        },
        "2": {
            "accuracy": 0.9333333333333333,
            "precision": 0.9444444444444444,
            "recall": 0.9333333333333333,
            "F1": 0.9337442218798151
        }
    },
    "Leda and the Swan": {
        "0": {
            "accuracy": 0.2851063829787234,
            "precision": 0.27321126972114546,
            "recall": 0.2851063829787234,
            "F1": 0.266612239814331
        },
        "1": {
            "accuracy": 0.6340425531914894,
            "precision": 0.6359215019844515,
            "recall": 0.6340425531914894,
            "F1": 0.6342148622205478
        },
        "2": {
            "accuracy": 0.6,
            "precision": 0.6005401558285886,
            "recall": 0.6,
            "F1": 0.5995623119691241
        }
    },
    "Lovejoy Columns": {
        "0": {
            "accuracy": 0.3233082706766917,
            "precision": 0.2897337328283114,
            "recall": 0.3233082706766917,
            "F1": 0.2798514048732619
        },
        "1": {
            "accuracy": 0.38345864661654133,
            "precision": 0.3902255639097744,
            "recall": 0.38345864661654133,
            "F1": 0.37481404044871536
        },
        "2": {
            "accuracy": 0.39849624060150374,
            "precision": 0.4055911489733331,
            "recall": 0.39849624060150374,
            "F1": 0.39465857886607586
        }
    },
    "Madonna of the Yarnwinder": {
        "0": {
            "accuracy": 0.3660130718954248,
            "precision": 0.3727183254941005,
            "recall": 0.3660130718954248,
            "F1": 0.3614634932141275
        },
        "1": {
            "accuracy": 0.5163398692810458,
            "precision": 0.5251461988304094,
            "recall": 0.5163398692810458,
            "F1": 0.5141060600830716
        },
        "2": {
            "accuracy": 0.49019607843137253,
            "precision": 0.49207217058501906,
            "recall": 0.49019607843137253,
            "F1": 0.48142368347081
        }
    },