{
    "Breakthrough": {
        "0": {
            "accuracy": 0.3333333333333333,
            "precision": 0.33902323376007587,
            "recall": 0.3333333333333333,
            "F1": 0.3286274509803922
        },
        "1": {
            "accuracy": 0.3602150537634409,
            "precision": 0.3614592075031667,
            "recall": 0.3602150537634409,
            "F1": 0.35378565999128203
        },
        "2": {
            "accuracy": 0.3333333333333333,
            "precision": 0.3344895697836874,
            "recall": 0.3333333333333333,
            "F1": 0.32993539941375677
        },
        "3": {
            "accuracy": 0.3763440860215054,
            "precision": 0.38418823603501484,
            "recall": 0.3763440860215054,
            "F1": 0.3726977843751718
        },
        "4": {
            "accuracy": 0.3763440860215054,
            "precision": 0.38418823603501484,
            "recall": 0.3763440860215054,
            "F1": 0.3726977843751718
        }
    },
    "Cups": {
        "0": {
            "accuracy": 0.2805755395683453,
            "precision": 0.27198293313401223,
            "recall": 0.2805755395683453,
            "F1": 0.2629898693034602
        },
        "1": {
            "accuracy": 0.6474820143884892,
            "precision": 0.648110462437724,
            "recall": 0.6474820143884892,
            "F1": 0.6440573975971597
        },
        "2": {
            "accuracy": 0.6330935251798561,
            "precision": 0.6370741244841964,
            "recall": 0.6330935251798561,
            "F1": 0.631549761066779
        },
        "3": {
            "accuracy": 0.5971223021582733,
            "precision": 0.6052021240150737,
            "recall": 0.5971223021582733,
            "F1": 0.5940294341889153
        },
        "4": {
            "accuracy": 0.5971223021582733,
            "precision": 0.6052021240150737,
            "recall": 0.5971223021582733,
            "F1": 0.5940294341889153
        }
    },
    "Empire Builder": {
        "0": {
            "accuracy": 0.29850746268656714,
            "precision": 0.3009848686412675,
            "recall": 0.29850746268656714,
            "F1": 0.29870701159850377
        },
        "1": {
            "accuracy": 0.44776119402985076,
            "precision": 0.4598637248539909,
            "recall": 0.44776119402985076,
            "F1": 0.44273289580997616
        },
        "2": {
            "accuracy": 0.5149253731343284,
            "precision": 0.5209240876954938,
            "recall": 0.5149253731343284,
            "F1": 0.511278449382049
        },
        "3": {
            "accuracy": 0.5597014925373134,
            "precision": 0.5738699272884378,
            "recall": 0.5597014925373134,
            "F1": 0.5620365939645829
        },
        "4": {
            "accuracy": 0.5597014925373134,
            "precision": 0.5738699272884378,
            "recall": 0.5597014925373134,
            "F1": 0.5620365939645829
        }
    },
    "Eson xorgol": {
        "0": {
            "accuracy": 0.4666666666666667,
            "precision": 0.48968332781639634,
            "recall": 0.4666666666666667,
            "F1": 0.44664371772805506
        },
        "1": {
            "accuracy": 0.7111111111111111,
            "precision": 0.7409443269908386,
            "recall": 0.7111111111111111,
            "F1": 0.7106363955679025
        },
        "2": {
            "accuracy": 0.6111111111111112,
            "precision": 0.624400871459695,
            "recall": 0.6111111111111112,
            "F1": 0.6074368686868687
        },
        "3": {
            "accuracy": 0.6888888888888889,
            "precision": 0.6943863184272392,
            "recall": 0.6888888888888889,
            "F1": 0.6863893880403314
        },
        "4": {
            "accuracy": 0.6888888888888889,
            "precision": 0.6943863184272392,
            "recall": 0.6888888888888889,
            "F1": 0.6863893880403314
        }
    },
    "Hex": {
        "0": {
            "accuracy": 0.2717391304347826,
            "precision": 0.23201499802819678,
            "recall": 0.2717391304347826,
            "F1": 0.24091166636177003
        },
        "1": {
            "accuracy": 0.5,
            "precision": 0.49542493698802764,
            "recall": 0.5,
            "F1": 0.4896236594096145
        },
        "2": {
            "accuracy": 0.4891304347826087,
            "precision": 0.49473071004180447,
            "recall": 0.4891304347826087,
            "F1": 0.46699538171685157
        },
        "3": {
            "accuracy": 0.4076086956521739,
            "precision": 0.4012798856548856,
            "recall": 0.4076086956521739,
            "F1": 0.39174792404105163
        },
        "4": {
            "accuracy": 0.4076086956521739,
            "precision": 0.4012798856548856,
            "recall": 0.4076086956521739,
            "F1": 0.39174792404105163
        }
    },
    "Internet Diplomacy": {
        "0": {
            "accuracy": 0.37662337662337664,
            "precision": 0.36427298192004076,
            "recall": 0.37662337662337664,
            "F1": 0.31770394108056443
        },
        "1": {
            "accuracy": 0.6103896103896104,
            "precision": 0.6150551129542726,
            "recall": 0.6103896103896104,
            "F1": 0.6016584374908505
        },
        "2": {
            "accuracy": 0.4805194805194805,
            "precision": 0.47755039991064835,
            "recall": 0.4805194805194805,
            "F1": 0.4781999379838516
        },
        "3": {
            "accuracy": 0.5844155844155844,
            "precision": 0.5882446325796079,
            "recall": 0.5844155844155844,
            "F1": 0.58430517204475
        },
        "4": {
            "accuracy": 0.5844155844155844,
            "precision": 0.5882446325796079,
            "recall": 0.5844155844155844,
            "F1": 0.58430517204475
        }
    },
    "Jacob\u2019s Ladder": {
        "0": {
            "accuracy": 0.5642857142857143,
            "precision": 0.6037650987224158,
            "recall": 0.5642857142857143,
            "F1": 0.5532287184573428
        },
        "1": {
            "accuracy": 0.65,
            "precision": 0.6871564625850339,
            "recall": 0.65,
            "F1": 0.6393222235477541
        },
        "2": {
            "accuracy": 0.7071428571428572,
            "precision": 0.7487142857142859,
            "recall": 0.7071428571428572,
            "F1": 0.7106799028076155
        },
        "3": {
            "accuracy": 0.6214285714285714,
            "precision": 0.6808893791630364,
            "recall": 0.6214285714285714,
            "F1": 0.6231933124902401
        },
        "4": {
            "accuracy": 0.6214285714285714,
            "precision": 0.6808893791630364,
            "recall": 0.6214285714285714,
            "F1": 0.6231933124902401
        }
    },
    "La Memoria De Nuestra Tierra (Calif. 1996)": {
        "0": {
            "accuracy": 0.373015873015873,
            "precision": 0.36871270247229326,
            "recall": 0.373015873015873,
            "F1": 0.35096108254003
        },
        "1": {
            "accuracy": 0.7380952380952381,
            "precision": 0.7503182474540203,
            "recall": 0.7380952380952381,
            "F1": 0.7372765554928743
        },
        "2": {
            "accuracy": 0.8015873015873016,
            "precision": 0.8121268186023042,
            "recall": 0.8015873015873016,
            "F1": 0.8015662240381342
        },
        "3": {
            "accuracy": 0.7936507936507936,
            "precision": 0.8123306431890437,
            "recall": 0.7936507936507936,
            "F1": 0.7912999901378635
        },
        "4": {
            "accuracy": 0.7936507936507936,
            "precision": 0.8123306431890437,
            "recall": 0.7936507936507936,
            "F1": 0.7912999901378635
        }
    },