{
    "Breakthrough": {
        "0": {
            "accuracy": 0.3333333333333333,
            "precision": 0.33902323376007587,
            "recall": 0.3333333333333333,
            "F1": 0.3286274509803922
        },
        "1": {
            "accuracy": 0.3333333333333333,
            "precision": 0.3349677992449478,
            "recall": 0.3333333333333333,
            "F1": 0.33091463535768917
        },
        "2": {
            "accuracy": 0.34408602150537637,
            "precision": 0.3479660878780468,
            "recall": 0.34408602150537637,
            "F1": 0.34152142454894746
        },
        "3": {
            "accuracy": 0.4032258064516129,
            "precision": 0.41052855806544225,
            "recall": 0.4032258064516129,
            "F1": 0.4002800067316197
        },
        "4": {
            "accuracy": 0.4032258064516129,
            "precision": 0.41052855806544225,
            "recall": 0.4032258064516129,
            "F1": 0.4002800067316197
        }
    },
    "Cups": {
        "0": {
            "accuracy": 0.2805755395683453,
            "precision": 0.27198293313401223,
            "recall": 0.2805755395683453,
            "F1": 0.2629898693034602
        },
        "1": {
            "accuracy": 0.6330935251798561,
            "precision": 0.6352540790077663,
            "recall": 0.6330935251798561,
            "F1": 0.6304838786960163
        },
        "2": {
            "accuracy": 0.6330935251798561,
            "precision": 0.635310619428985,
            "recall": 0.6330935251798561,
            "F1": 0.6317111017068698
        },
        "3": {
            "accuracy": 0.60431654676259,
            "precision": 0.606662417813497,
            "recall": 0.60431654676259,
            "F1": 0.602209807048841
        },
        "4": {
            "accuracy": 0.60431654676259,
            "precision": 0.606662417813497,
            "recall": 0.60431654676259,
            "F1": 0.602209807048841
        }
    },
    "Empire Builder": {
        "0": {
            "accuracy": 0.29850746268656714,
            "precision": 0.3009848686412675,
            "recall": 0.29850746268656714,
            "F1": 0.29870701159850377
        },
        "1": {
            "accuracy": 0.48507462686567165,
            "precision": 0.49852982121613526,
            "recall": 0.48507462686567165,
            "F1": 0.4801135962631854
        },
        "2": {
            "accuracy": 0.5149253731343284,
            "precision": 0.5388701781724381,
            "recall": 0.5149253731343284,
            "F1": 0.5138241849027543
        },
        "3": {
            "accuracy": 0.5746268656716418,
            "precision": 0.6027934355408459,
            "recall": 0.5746268656716418,
            "F1": 0.5715120649822142
        },
        "4": {
            "accuracy": 0.5746268656716418,
            "precision": 0.6027934355408459,
            "recall": 0.5746268656716418,
            "F1": 0.5715120649822142
        }
    },
    "Eson xorgol": {
        "0": {
            "accuracy": 0.4666666666666667,
            "precision": 0.48968332781639634,
            "recall": 0.4666666666666667,
            "F1": 0.44664371772805506
        },
        "1": {
            "accuracy": 0.4666666666666667,
            "precision": 0.483994708994709,
            "recall": 0.4666666666666667,
            "F1": 0.4615541031227306
        },
        "2": {
            "accuracy": 0.5444444444444444,
            "precision": 0.573950204384987,
            "recall": 0.5444444444444444,
            "F1": 0.538220551378446
        },
        "3": {
            "accuracy": 0.4666666666666667,
            "precision": 0.4713064713064713,
            "recall": 0.4666666666666667,
            "F1": 0.4598087098087098
        },
        "4": {
            "accuracy": 0.4666666666666667,
            "precision": 0.4713064713064713,
            "recall": 0.4666666666666667,
            "F1": 0.4598087098087098
        }
    },
    "Hex": {
        "0": {
            "accuracy": 0.2717391304347826,
            "precision": 0.23201499802819678,
            "recall": 0.2717391304347826,
            "F1": 0.24091166636177003
        },
        "1": {
            "accuracy": 0.30434782608695654,
            "precision": 0.2892562497354049,
            "recall": 0.30434782608695654,
            "F1": 0.2919270832197532
        },
        "2": {
            "accuracy": 0.33152173913043476,
            "precision": 0.3246120041066391,
            "recall": 0.33152173913043476,
            "F1": 0.3224847429201493
        },
        "3": {
            "accuracy": 0.31521739130434784,
            "precision": 0.3072395849659885,
            "recall": 0.31521739130434784,
            "F1": 0.30566649624079867
        },
        "4": {
            "accuracy": 0.31521739130434784,
            "precision": 0.3072395849659885,
            "recall": 0.31521739130434784,
            "F1": 0.30566649624079867
        }
    },
    "Internet Diplomacy": {
        "0": {
            "accuracy": 0.37662337662337664,
            "precision": 0.36427298192004076,
            "recall": 0.37662337662337664,
            "F1": 0.31770394108056443
        },
        "1": {
            "accuracy": 0.4805194805194805,
            "precision": 0.48889386475593377,
            "recall": 0.4805194805194805,
            "F1": 0.480875002614133
        },
        "2": {
            "accuracy": 0.5844155844155844,
            "precision": 0.5861386930996438,
            "recall": 0.5844155844155844,
            "F1": 0.5788172444506677
        },
        "3": {
            "accuracy": 0.5974025974025974,
            "precision": 0.6057844335356297,
            "recall": 0.5974025974025974,
            "F1": 0.591223292836196
        },
        "4": {
            "accuracy": 0.5974025974025974,
            "precision": 0.6057844335356297,
            "recall": 0.5974025974025974,
            "F1": 0.591223292836196
        }
    },
    "Jacob\u2019s Ladder": {
        "0": {
            "accuracy": 0.5642857142857143,
            "precision": 0.6037650987224158,
            "recall": 0.5642857142857143,
            "F1": 0.5532287184573428
        },
        "1": {
            "accuracy": 0.6285714285714286,
            "precision": 0.6461622920405122,
            "recall": 0.6285714285714286,
            "F1": 0.6282971416547892
        },
        "2": {
            "accuracy": 0.6714285714285714,
            "precision": 0.6907242757242757,
            "recall": 0.6714285714285714,
            "F1": 0.671699465500486
        },
        "3": {
            "accuracy": 0.7071428571428572,
            "precision": 0.7219767452435519,
            "recall": 0.7071428571428572,
            "F1": 0.7049133327137281
        },
        "4": {
            "accuracy": 0.7071428571428572,
            "precision": 0.7219767452435519,
            "recall": 0.7071428571428572,
            "F1": 0.7049133327137281
        }
    },
    "La Memoria De Nuestra Tierra (Calif. 1996)": {
        "0": {
            "accuracy": 0.373015873015873,
            "precision": 0.36871270247229326,
            "recall": 0.373015873015873,
            "F1": 0.35096108254003
        },
        "1": {
            "accuracy": 0.873015873015873,
            "precision": 0.8852913968547641,
            "recall": 0.873015873015873,
            "F1": 0.8733469526727954
        },
        "2": {
            "accuracy": 0.8253968253968254,
            "precision": 0.8459188660801564,
            "recall": 0.8253968253968254,
            "F1": 0.8243071175239362
        },
        "3": {
            "accuracy": 0.8571428571428571,
            "precision": 0.8671070319380707,
            "recall": 0.8571428571428571,
            "F1": 0.8576427831816401
        },
        "4": {
            "accuracy": 0.8571428571428571,
            "precision": 0.8671070319380707,
            "recall": 0.8571428571428571,