{
    "0": {
        "accuracy": 0.373015873015873,
        "precision": 0.36871270247229326,
        "recall": 0.373015873015873,
        "F1": 0.35096108254003
    },
    "1": {
        "accuracy": 0.3412698412698413,
        "precision": 0.3447554697554698,
        "recall": 0.3412698412698413,
        "F1": 0.32030153754291685
    },
    "2": {
        "accuracy": 0.3412698412698413,
        "precision": 0.3447554697554698,
        "recall": 0.3412698412698413,
        "F1": 0.32030153754291685
    },
    "3": {
        "accuracy": 0.3412698412698413,
        "precision": 0.3447554697554698,
        "recall": 0.3412698412698413,
        "F1": 0.32030153754291685
    },
    "4": {
        "accuracy": 0.3412698412698413,
        "precision": 0.3447554697554698,
        "recall": 0.3412698412698413,
        "F1": 0.32030153754291685
    },
    "5": {
        "accuracy": 0.3412698412698413,
        "precision": 0.3447554697554698,
        "recall": 0.3412698412698413,
        "F1": 0.32030153754291685
    }
}