{
    "Breakthrough": {
        "0": {
            "accuracy": 0.3333333333333333,
            "precision": 0.33902323376007587,
            "recall": 0.3333333333333333,
            "F1": 0.3286274509803922
        },
        "1": {
            "accuracy": 0.3387096774193548,
            "precision": 0.3489647082823337,
            "recall": 0.3387096774193548,
            "F1": 0.3325833402266523
        },
        "2": {
            "accuracy": 0.2956989247311828,
            "precision": 0.2768106162843005,
            "recall": 0.2956989247311828,
            "F1": 0.27640568280763717
        },
        "3": {
            "accuracy": 0.3763440860215054,
            "precision": 0.3817287784679089,
            "recall": 0.3763440860215054,
            "F1": 0.3729143197837571
        },
        "4": {
            "accuracy": 0.3763440860215054,
            "precision": 0.3817287784679089,
            "recall": 0.3763440860215054,
            "F1": 0.3729143197837571
        }
    },
    "Cups": {
        "0": {
            "accuracy": 0.2805755395683453,
            "precision": 0.27198293313401223,
            "recall": 0.2805755395683453,
            "F1": 0.2629898693034602
        },
        "1": {
            "accuracy": 0.5755395683453237,
            "precision": 0.5888271201220842,
            "recall": 0.5755395683453237,
            "F1": 0.5697613601476208
        },
        "2": {
            "accuracy": 0.539568345323741,
            "precision": 0.5617280369252985,
            "recall": 0.539568345323741,
            "F1": 0.5322459504307713
        },
        "3": {
            "accuracy": 0.5755395683453237,
            "precision": 0.5843665290343242,
            "recall": 0.5755395683453237,
            "F1": 0.5664565047804606
        },
        "4": {
            "accuracy": 0.5755395683453237,
            "precision": 0.5843665290343242,
            "recall": 0.5755395683453237,
            "F1": 0.5664565047804606
        }
    },
    "Empire Builder": {
        "0": {
            "accuracy": 0.29850746268656714,
            "precision": 0.3009848686412675,
            "recall": 0.29850746268656714,
            "F1": 0.29870701159850377
        },
        "1": {
            "accuracy": 0.5597014925373134,
            "precision": 0.565283629698398,
            "recall": 0.5597014925373134,
            "F1": 0.5548991566296297
        },
        "2": {
            "accuracy": 0.5970149253731343,
            "precision": 0.6123227280616332,
            "recall": 0.5970149253731343,
            "F1": 0.5956940743920117
        },
        "3": {
            "accuracy": 0.5223880597014925,
            "precision": 0.5325120719929763,
            "recall": 0.5223880597014925,
            "F1": 0.5225033468833863
        },
        "4": {
            "accuracy": 0.5223880597014925,
            "precision": 0.5325120719929763,
            "recall": 0.5223880597014925,
            "F1": 0.5225033468833863
        }
    },
    "Eson xorgol": {
        "0": {
            "accuracy": 0.4666666666666667,
            "precision": 0.48968332781639634,
            "recall": 0.4666666666666667,
            "F1": 0.44664371772805506
        },
        "1": {
            "accuracy": 0.6888888888888889,
            "precision": 0.7037385129490393,
            "recall": 0.6888888888888889,
            "F1": 0.6899431547842637
        },
        "2": {
            "accuracy": 0.6444444444444445,
            "precision": 0.6463293650793651,
            "recall": 0.6444444444444445,
            "F1": 0.6449141020887406
        },
        "3": {
            "accuracy": 0.6666666666666666,
            "precision": 0.6654320987654321,
            "recall": 0.6666666666666666,
            "F1": 0.6649679754942912
        },
        "4": {
            "accuracy": 0.6666666666666666,
            "precision": 0.6654320987654321,
            "recall": 0.6666666666666666,
            "F1": 0.6649679754942912
        }
    },
    "Hex": {
        "0": {
            "accuracy": 0.2717391304347826,
            "precision": 0.23201499802819678,
            "recall": 0.2717391304347826,
            "F1": 0.24091166636177003
        },
        "1": {
            "accuracy": 0.266304347826087,
            "precision": 0.24003322259136214,
            "recall": 0.266304347826087,
            "F1": 0.24486438158605958
        },
        "2": {
            "accuracy": 0.2826086956521739,
            "precision": 0.2700163765774097,
            "recall": 0.2826086956521739,
            "F1": 0.2631344987210928
        },
        "3": {
            "accuracy": 0.28804347826086957,
            "precision": 0.2705142880463934,
            "recall": 0.28804347826086957,
            "F1": 0.2691271098593753
        },
        "4": {
            "accuracy": 0.28804347826086957,
            "precision": 0.2705142880463934,
            "recall": 0.28804347826086957,
            "F1": 0.2691271098593753
        }
    },
    "Internet Diplomacy": {
        "0": {
            "accuracy": 0.37662337662337664,
            "precision": 0.36427298192004076,
            "recall": 0.37662337662337664,
            "F1": 0.31770394108056443
        },
        "1": {
            "accuracy": 0.5714285714285714,
            "precision": 0.5733766233766233,
            "recall": 0.5714285714285714,
            "F1": 0.5536942488380782
        },
        "2": {
            "accuracy": 0.5194805194805194,
            "precision": 0.5144967077740187,
            "recall": 0.5194805194805194,
            "F1": 0.5010144870327242
        },
        "3": {
            "accuracy": 0.5324675324675324,
            "precision": 0.5345181134654818,
            "recall": 0.5324675324675324,
            "F1": 0.5201863354037267
        },
        "4": {
            "accuracy": 0.5324675324675324,
            "precision": 0.5345181134654818,
            "recall": 0.5324675324675324,
            "F1": 0.5201863354037267
        }
    },
    "Jacob\u2019s Ladder": {
        "0": {
            "accuracy": 0.5642857142857143,
            "precision": 0.6037650987224158,
            "recall": 0.5642857142857143,
            "F1": 0.5532287184573428
        },
        "1": {
            "accuracy": 0.6714285714285714,
            "precision": 0.6883711702325355,
            "recall": 0.6714285714285714,
            "F1": 0.6702944862155389
        },
        "2": {
            "accuracy": 0.5928571428571429,
            "precision": 0.6176749271137026,
            "recall": 0.5928571428571429,
            "F1": 0.586883245958934
        },
        "3": {
            "accuracy": 0.6285714285714286,
            "precision": 0.6592934542237947,
            "recall": 0.6285714285714286,
            "F1": 0.6296942609572009
        },
        "4": {
            "accuracy": 0.6285714285714286,
            "precision": 0.6592934542237947,
            "recall": 0.6285714285714286,
            "F1": 0.6296942609572009
        }
    },
    "La Memoria De Nuestra Tierra (Calif. 1996)": {
        "0": {
            "accuracy": 0.373015873015873,
            "precision": 0.36871270247229326,
            "recall": 0.373015873015873,
            "F1": 0.35096108254003
        },
        "1": {
            "accuracy": 0.8095238095238095,
            "precision": 0.816192318319978,
            "recall": 0.8095238095238095,
            "F1": 0.8096403204843236
        },
        "2": {
            "accuracy": 0.8333333333333334,
            "precision": 0.8466443487964292,
            "recall": 0.8333333333333334,
            "F1": 0.834227686069689
        },
        "3": {
            "accuracy": 0.8333333333333334,
            "precision": 0.8356146437541786,
            "recall": 0.8333333333333334,
            "F1": 0.8338934770003321
        },
        "4": {
            "accuracy": 0.8333333333333334,
            "precision": 0.8356146437541786,
            "recall": 0.8333333333333334,