{
    "0": {
        "accuracy": 0.2805755395683453,
        "precision": 0.27198293313401223,
        "recall": 0.2805755395683453,
        "F1": 0.2629898693034602
    },
    "1": {
        "accuracy": 0.2805755395683453,
        "precision": 0.2552198241406875,
        "recall": 0.2805755395683453,
        "F1": 0.24182221935298184
    },
    "2": {
        "accuracy": 0.2805755395683453,
        "precision": 0.2552198241406875,
        "recall": 0.2805755395683453,
        "F1": 0.24182221935298184
    },
    "3": {
        "accuracy": 0.2805755395683453,
        "precision": 0.2552198241406875,
        "recall": 0.2805755395683453,
        "F1": 0.24182221935298184
    },
    "4": {
        "accuracy": 0.2805755395683453,
        "precision": 0.2552198241406875,
        "recall": 0.2805755395683453,
        "F1": 0.24182221935298184
    },
    "5": {
        "accuracy": 0.2805755395683453,
        "precision": 0.2552198241406875,
        "recall": 0.2805755395683453,
        "F1": 0.24182221935298184
    }
}