{
    "Breakthrough": {
        "0": {
            "accuracy": 0.3333333333333333,
            "precision": 0.33902323376007587,
            "recall": 0.3333333333333333,
            "F1": 0.3286274509803922
        },
        "1": {
            "accuracy": 0.4838709677419355,
            "precision": 0.512018819222209,
            "recall": 0.4838709677419355,
            "F1": 0.48373091854640016
        },
        "2": {
            "accuracy": 0.4946236559139785,
            "precision": 0.5408592900331168,
            "recall": 0.4946236559139785,
            "F1": 0.4960481972038264
        }
    },
    "Cups": {
        "0": {
            "accuracy": 0.2805755395683453,
            "precision": 0.27198293313401223,
            "recall": 0.2805755395683453,
            "F1": 0.2629898693034602
        },
        "1": {
            "accuracy": 0.5827338129496403,
            "precision": 0.5903720632516544,
            "recall": 0.5827338129496403,
            "F1": 0.582657762155008
        },
        "2": {
            "accuracy": 0.5251798561151079,
            "precision": 0.5249251783983149,
            "recall": 0.5251798561151079,
            "F1": 0.5245099563847426
        }
    },
    "Empire Builder": {
        "0": {
            "accuracy": 0.29850746268656714,
            "precision": 0.3009848686412675,
            "recall": 0.29850746268656714,
            "F1": 0.29870701159850377
        },
        "1": {
            "accuracy": 0.3582089552238806,
            "precision": 0.38464507700225664,
            "recall": 0.3582089552238806,
            "F1": 0.35789998531602063
        },
        "2": {
            "accuracy": 0.4253731343283582,
            "precision": 0.4178976416504754,
            "recall": 0.4253731343283582,
            "F1": 0.4085653471634957
        }
    },
    "Eson xorgol": {
        "0": {
            "accuracy": 0.4666666666666667,
            "precision": 0.48968332781639634,
            "recall": 0.4666666666666667,
            "F1": 0.44664371772805506
        },
        "1": {
            "accuracy": 0.26666666666666666,
            "precision": 0.26325121313923106,
            "recall": 0.26666666666666666,
            "F1": 0.25465539751254035
        },
        "2": {
            "accuracy": 0.3111111111111111,
            "precision": 0.3182503770739065,
            "recall": 0.3111111111111111,
            "F1": 0.3052150786308973
        }
    },
    "Hex": {
        "0": {
            "accuracy": 0.2717391304347826,
            "precision": 0.23201499802819678,
            "recall": 0.2717391304347826,
            "F1": 0.24091166636177003
        },
        "1": {
            "accuracy": 0.30978260869565216,
            "precision": 0.3018156884133094,
            "recall": 0.30978260869565216,
            "F1": 0.2967483078904202
        },
        "2": {
            "accuracy": 0.33695652173913043,
            "precision": 0.3378129512763156,
            "recall": 0.33695652173913043,
            "F1": 0.3288243123336291
        }
    },
    "Internet Diplomacy": {
        "0": {
            "accuracy": 0.37662337662337664,
            "precision": 0.36427298192004076,
            "recall": 0.37662337662337664,
            "F1": 0.31770394108056443
        },
        "1": {
            "accuracy": 0.5974025974025974,
            "precision": 0.5984478484478484,
            "recall": 0.5974025974025974,
            "F1": 0.59745448779855
        },
        "2": {
            "accuracy": 0.6363636363636364,
            "precision": 0.6408575551432694,
            "recall": 0.6363636363636364,
            "F1": 0.6275477678002221
        }
    },
    "Jacob\u2019s Ladder": {
        "0": {
            "accuracy": 0.5642857142857143,
            "precision": 0.6037650987224158,
            "recall": 0.5642857142857143,
            "F1": 0.5532287184573428
        },
        "1": {
            "accuracy": 0.7,
            "precision": 0.7149211587663873,
            "recall": 0.7,
            "F1": 0.7025358667114613
        },
        "2": {
            "accuracy": 0.5857142857142857,
            "precision": 0.5993088912394225,
            "recall": 0.5857142857142857,
            "F1": 0.5828244861466055
        }
    },
    "La Memoria De Nuestra Tierra (Calif. 1996)": {
        "0": {
            "accuracy": 0.373015873015873,
            "precision": 0.36871270247229326,
            "recall": 0.373015873015873,
            "F1": 0.35096108254003
        },
        "1": {
            "accuracy": 0.7857142857142857,
            "precision": 0.7966336782126254,
            "recall": 0.7857142857142857,
            "F1": 0.785915621022004
        },
        "2": {
            "accuracy": 0.8253968253968254,
            "precision": 0.8365664040964688,
            "recall": 0.8253968253968254,
            "F1": 0.8255215072069004
        }
    },
    "Lamentation over the Dead Christ": {
        "0": {
            "accuracy": 0.32786885245901637,
            "precision": 0.2831021437578814,
            "recall": 0.32786885245901637,
            "F1": 0.22350420257058673
        },
        "1": {
            "accuracy": 0.7540983606557377,
            "precision": 0.7671038251366121,
            "recall": 0.7540983606557377,
            "F1": 0.7426618285492127
        },
        "2": {
            "accuracy": 0.8360655737704918,
            "precision": 0.8450337512054001,
            "recall": 0.8360655737704918,
            "F1": 0.8363750322966637
        }
    },
    "Last Supper": {
        "0": {
            "accuracy": 0.36666666666666664,
            "precision": 0.375,
            "recall": 0.36666666666666664,
            "F1": 0.3529202279202279
        },
        "1": {
            "accuracy": 0.7888888888888889,
            "precision": 0.7894922071392659,
            "recall": 0.7888888888888889,
            "F1": 0.7868055555555555
        },
        "2": {
            "accuracy": 0.9222222222222223,
            "precision": 0.9273378950798304,
            "recall": 0.9222222222222223,
            "F1": 0.922413045363865
        }
    },
    "Leda and the Swan": {
        "0": {
            "accuracy": 0.2851063829787234,
            "precision": 0.27321126972114546,
            "recall": 0.2851063829787234,
            "F1": 0.266612239814331
        },
        "1": {
            "accuracy": 0.5234042553191489,
            "precision": 0.5258932651560762,
            "recall": 0.5234042553191489,
            "F1": 0.5234054337970474
        },
        "2": {
            "accuracy": 0.6085106382978723,
            "precision": 0.6102785393417514,
            "recall": 0.6085106382978723,
            "F1": 0.6085690981666373
        }
    },
    "Lovejoy Columns": {
        "0": {
            "accuracy": 0.3233082706766917,
            "precision": 0.2897337328283114,
            "recall": 0.3233082706766917,
            "F1": 0.2798514048732619
        },
        "1": {
            "accuracy": 0.5488721804511278,
            "precision": 0.5651382951653332,
            "recall": 0.5488721804511278,
            "F1": 0.5470112532768067
        },
        "2": {
            "accuracy": 0.46616541353383456,
            "precision": 0.4781839656612796,
            "recall": 0.46616541353383456,
            "F1": 0.4642910511443522
        }
    },
    "Madonna of the Yarnwinder": {
        "0": {
            "accuracy": 0.3660130718954248,
            "precision": 0.3727183254941005,
            "recall": 0.3660130718954248,
            "F1": 0.3614634932141275
        },
        "1": {
            "accuracy": 0.6862745098039216,
            "precision": 0.6935692082081151,
            "recall": 0.6862745098039216,
            "F1": 0.6867536544216035
        },
        "2": {
            "accuracy": 0.7254901960784313,
            "precision": 0.7379396932566474,
            "recall": 0.7254901960784313,
            "F1": 0.7274736950880804
        }
    },