{
    "Breakthrough": {
        "0": {
            "accuracy": 0.3333333333333333,
            "precision": 0.33902323376007587,
            "recall": 0.3333333333333333,
            "F1": 0.3286274509803922
        },
        "1": {
            "accuracy": 0.2849462365591398,
            "precision": 0.28634554500226145,
            "recall": 0.2849462365591398,
            "F1": 0.2821420017814902
        },
        "2": {
            "accuracy": 0.3387096774193548,
            "precision": 0.34812030075187966,
            "recall": 0.3387096774193548,
            "F1": 0.3366788085458162
        },
        "3": {
            "accuracy": 0.3548387096774194,
            "precision": 0.36733618233618226,
            "recall": 0.3548387096774194,
            "F1": 0.35315976308383645
        },
        "4": {
            "accuracy": 0.3548387096774194,
            "precision": 0.36733618233618226,
            "recall": 0.3548387096774194,
            "F1": 0.35315976308383645
        }
    },
    "Cups": {
        "0": {
            "accuracy": 0.2805755395683453,
            "precision": 0.27198293313401223,
            "recall": 0.2805755395683453,
            "F1": 0.2629898693034602
        },
        "1": {
            "accuracy": 0.5035971223021583,
            "precision": 0.5025845989874766,
            "recall": 0.5035971223021583,
            "F1": 0.5014137627306591
        },
        "2": {
            "accuracy": 0.41007194244604317,
            "precision": 0.409946796359507,
            "recall": 0.41007194244604317,
            "F1": 0.4090274366334897
        },
        "3": {
            "accuracy": 0.38848920863309355,
            "precision": 0.38753380810910565,
            "recall": 0.38848920863309355,
            "F1": 0.3853872246457617
        },
        "4": {
            "accuracy": 0.38848920863309355,
            "precision": 0.38753380810910565,
            "recall": 0.38848920863309355,
            "F1": 0.3853872246457617
        }
    },
    "Empire Builder": {
        "0": {
            "accuracy": 0.29850746268656714,
            "precision": 0.3009848686412675,
            "recall": 0.29850746268656714,
            "F1": 0.29870701159850377
        },
        "1": {
            "accuracy": 0.582089552238806,
            "precision": 0.5845125024229502,
            "recall": 0.582089552238806,
            "F1": 0.5738404750441342
        },
        "2": {
            "accuracy": 0.5223880597014925,
            "precision": 0.5279728004713276,
            "recall": 0.5223880597014925,
            "F1": 0.5178722563087865
        },
        "3": {
            "accuracy": 0.5074626865671642,
            "precision": 0.5009518251182272,
            "recall": 0.5074626865671642,
            "F1": 0.5022095717016493
        },
        "4": {
            "accuracy": 0.5074626865671642,
            "precision": 0.5009518251182272,
            "recall": 0.5074626865671642,
            "F1": 0.5022095717016493
        }
    },
    "Eson xorgol": {
        "0": {
            "accuracy": 0.4666666666666667,
            "precision": 0.48968332781639634,
            "recall": 0.4666666666666667,
            "F1": 0.44664371772805506
        },
        "1": {
            "accuracy": 0.37777777777777777,
            "precision": 0.3886635113815642,
            "recall": 0.37777777777777777,
            "F1": 0.3466401604699477
        },
        "2": {
            "accuracy": 0.45555555555555555,
            "precision": 0.4175627240143369,
            "recall": 0.45555555555555555,
            "F1": 0.38085314641154366
        },
        "3": {
            "accuracy": 0.4,
            "precision": 0.3552036199095022,
            "recall": 0.4,
            "F1": 0.3361728837876614
        },
        "4": {
            "accuracy": 0.4,
            "precision": 0.3552036199095022,
            "recall": 0.4,
            "F1": 0.3361728837876614
        }
    },
    "Hex": {
        "0": {
            "accuracy": 0.2717391304347826,
            "precision": 0.23201499802819678,
            "recall": 0.2717391304347826,
            "F1": 0.24091166636177003
        },
        "1": {
            "accuracy": 0.2826086956521739,
            "precision": 0.2340448100698905,
            "recall": 0.2826086956521739,
            "F1": 0.23359427692250187
        },
        "2": {
            "accuracy": 0.29347826086956524,
            "precision": 0.2420238074231669,
            "recall": 0.29347826086956524,
            "F1": 0.2557541251964379
        },
        "3": {
            "accuracy": 0.21739130434782608,
            "precision": 0.18224289588706064,
            "recall": 0.21739130434782608,
            "F1": 0.19313082961081077
        },
        "4": {
            "accuracy": 0.21739130434782608,
            "precision": 0.18224289588706064,
            "recall": 0.21739130434782608,
            "F1": 0.19313082961081077
        }
    },
    "Internet Diplomacy": {
        "0": {
            "accuracy": 0.37662337662337664,
            "precision": 0.36427298192004076,
            "recall": 0.37662337662337664,
            "F1": 0.31770394108056443
        },
        "1": {
            "accuracy": 0.6623376623376623,
            "precision": 0.67569573283859,
            "recall": 0.6623376623376623,
            "F1": 0.6597627513142899
        },
        "2": {
            "accuracy": 0.6753246753246753,
            "precision": 0.6890807288634941,
            "recall": 0.6753246753246753,
            "F1": 0.6697763907066233
        },
        "3": {
            "accuracy": 0.6883116883116883,
            "precision": 0.6873688924505621,
            "recall": 0.6883116883116883,
            "F1": 0.6809130263675719
        },
        "4": {
            "accuracy": 0.6883116883116883,
            "precision": 0.6873688924505621,
            "recall": 0.6883116883116883,
            "F1": 0.6809130263675719
        }
    },
    "Jacob\u2019s Ladder": {
        "0": {
            "accuracy": 0.5642857142857143,
            "precision": 0.6037650987224158,
            "recall": 0.5642857142857143,
            "F1": 0.5532287184573428
        },
        "1": {
            "accuracy": 0.5928571428571429,
            "precision": 0.6086991802016907,
            "recall": 0.5928571428571429,
            "F1": 0.584543432107318
        },
        "2": {
            "accuracy": 0.7428571428571429,
            "precision": 0.7552465986394558,
            "recall": 0.7428571428571429,
            "F1": 0.7414487303044646
        },
        "3": {
            "accuracy": 0.6,
            "precision": 0.6025783071701439,
            "recall": 0.6,
            "F1": 0.5974443711825533
        },
        "4": {
            "accuracy": 0.6,
            "precision": 0.6025783071701439,
            "recall": 0.6,
            "F1": 0.5974443711825533
        }
    },
    "La Memoria De Nuestra Tierra (Calif. 1996)": {
        "0": {
            "accuracy": 0.373015873015873,
            "precision": 0.36871270247229326,
            "recall": 0.373015873015873,
            "F1": 0.35096108254003
        },
        "1": {
            "accuracy": 0.5238095238095238,
            "precision": 0.5347281444842421,
            "recall": 0.5238095238095238,
            "F1": 0.5246973710444615
        },
        "2": {
            "accuracy": 0.5317460317460317,
            "precision": 0.5456099456099456,
            "recall": 0.5317460317460317,
            "F1": 0.5315254641083438
        },
        "3": {
            "accuracy": 0.5714285714285714,
            "precision": 0.5877865872856857,
            "recall": 0.5714285714285714,
            "F1": 0.573457364553255
        },
        "4": {
            "accuracy": 0.5714285714285714,
            "precision": 0.5877865872856857,
            "recall": 0.5714285714285714,
            "F1": 0.573457364553255
        }
    },