{
    "Breakthrough": {
        "0": {
            "accuracy": 0.3333333333333333,
            "precision": 0.33902323376007587,
            "recall": 0.3333333333333333,
            "F1": 0.3286274509803922
        },
        "1": {
            "accuracy": 0.3870967741935484,
            "precision": 0.4013157894736842,
            "recall": 0.3870967741935484,
            "F1": 0.3847631408176509
        },
        "2": {
            "accuracy": 0.3870967741935484,
            "precision": 0.39710691480155585,
            "recall": 0.3870967741935484,
            "F1": 0.38637643352506396
        },
        "3": {
            "accuracy": 0.3387096774193548,
            "precision": 0.33990405951463337,
            "recall": 0.3387096774193548,
            "F1": 0.33687071802126883
        },
        "4": {
            "accuracy": 0.3387096774193548,
            "precision": 0.33990405951463337,
            "recall": 0.3387096774193548,
            "F1": 0.33687071802126883
        }
    },
    "Cups": {
        "0": {
            "accuracy": 0.2805755395683453,
            "precision": 0.27198293313401223,
            "recall": 0.2805755395683453,
            "F1": 0.2629898693034602
        },
        "1": {
            "accuracy": 0.6474820143884892,
            "precision": 0.6496315322160306,
            "recall": 0.6474820143884892,
            "F1": 0.6471971513698133
        },
        "2": {
            "accuracy": 0.6546762589928058,
            "precision": 0.6658223651493551,
            "recall": 0.6546762589928058,
            "F1": 0.6512861807671831
        },
        "3": {
            "accuracy": 0.7050359712230215,
            "precision": 0.7150279776179057,
            "recall": 0.7050359712230215,
            "F1": 0.7041923684317086
        },
        "4": {
            "accuracy": 0.7050359712230215,
            "precision": 0.7150279776179057,
            "recall": 0.7050359712230215,
            "F1": 0.7041923684317086
        }
    },
    "Empire Builder": {
        "0": {
            "accuracy": 0.29850746268656714,
            "precision": 0.3009848686412675,
            "recall": 0.29850746268656714,
            "F1": 0.29870701159850377
        },
        "1": {
            "accuracy": 0.3582089552238806,
            "precision": 0.33792738435482167,
            "recall": 0.3582089552238806,
            "F1": 0.34090001497529077
        },
        "2": {
            "accuracy": 0.2835820895522388,
            "precision": 0.2713930348258706,
            "recall": 0.2835820895522388,
            "F1": 0.2738589451196628
        },
        "3": {
            "accuracy": 0.34328358208955223,
            "precision": 0.3330290039165873,
            "recall": 0.34328358208955223,
            "F1": 0.32999835984910614
        },
        "4": {
            "accuracy": 0.34328358208955223,
            "precision": 0.3330290039165873,
            "recall": 0.34328358208955223,
            "F1": 0.32999835984910614
        }
    },
    "Eson xorgol": {
        "0": {
            "accuracy": 0.4666666666666667,
            "precision": 0.48968332781639634,
            "recall": 0.4666666666666667,
            "F1": 0.44664371772805506
        },
        "1": {
            "accuracy": 0.7222222222222222,
            "precision": 0.7674763832658569,
            "recall": 0.7222222222222222,
            "F1": 0.7212925170068026
        },
        "2": {
            "accuracy": 0.7222222222222222,
            "precision": 0.7297340340818602,
            "recall": 0.7222222222222222,
            "F1": 0.7171697170282784
        },
        "3": {
            "accuracy": 0.7222222222222222,
            "precision": 0.7429801894918174,
            "recall": 0.7222222222222222,
            "F1": 0.7146551309781302
        },
        "4": {
            "accuracy": 0.7222222222222222,
            "precision": 0.7429801894918174,
            "recall": 0.7222222222222222,
            "F1": 0.7146551309781302
        }
    },
    "Hex": {
        "0": {
            "accuracy": 0.2717391304347826,
            "precision": 0.23201499802819678,
            "recall": 0.2717391304347826,
            "F1": 0.24091166636177003
        },
        "1": {
            "accuracy": 0.4782608695652174,
            "precision": 0.47165676934698675,
            "recall": 0.4782608695652174,
            "F1": 0.4676839423072742
        },
        "2": {
            "accuracy": 0.44565217391304346,
            "precision": 0.4370958751393534,
            "recall": 0.44565217391304346,
            "F1": 0.4327401121706082
        },
        "3": {
            "accuracy": 0.483695652173913,
            "precision": 0.4821627647714604,
            "recall": 0.483695652173913,
            "F1": 0.4720175699821322
        },
        "4": {
            "accuracy": 0.483695652173913,
            "precision": 0.4821627647714604,
            "recall": 0.483695652173913,
            "F1": 0.4720175699821322
        }
    },
    "Internet Diplomacy": {
        "0": {
            "accuracy": 0.37662337662337664,
            "precision": 0.36427298192004076,
            "recall": 0.37662337662337664,
            "F1": 0.31770394108056443
        },
        "1": {
            "accuracy": 0.7272727272727273,
            "precision": 0.7352294170475988,
            "recall": 0.7272727272727273,
            "F1": 0.7200531424223983
        },
        "2": {
            "accuracy": 0.7012987012987013,
            "precision": 0.7152419009561867,
            "recall": 0.7012987012987013,
            "F1": 0.6911569396760194
        },
        "3": {
            "accuracy": 0.7532467532467533,
            "precision": 0.7655569404795413,
            "recall": 0.7532467532467533,
            "F1": 0.7490237653502959
        },
        "4": {
            "accuracy": 0.7532467532467533,
            "precision": 0.7655569404795413,
            "recall": 0.7532467532467533,
            "F1": 0.7490237653502959
        }
    },
    "Jacob\u2019s Ladder": {
        "0": {
            "accuracy": 0.5642857142857143,
            "precision": 0.6037650987224158,
            "recall": 0.5642857142857143,
            "F1": 0.5532287184573428
        },
        "1": {
            "accuracy": 0.7214285714285714,
            "precision": 0.737280701754386,
            "recall": 0.7214285714285714,
            "F1": 0.7223660244305935
        },
        "2": {
            "accuracy": 0.7714285714285715,
            "precision": 0.7813820889432884,
            "recall": 0.7714285714285715,
            "F1": 0.7712492759630356
        },
        "3": {
            "accuracy": 0.75,
            "precision": 0.7687001852503943,
            "recall": 0.75,
            "F1": 0.7480384565750419
        },
        "4": {
            "accuracy": 0.75,
            "precision": 0.7687001852503943,
            "recall": 0.75,
            "F1": 0.7480384565750419
        }
    },
    "La Memoria De Nuestra Tierra (Calif. 1996)": {
        "0": {
            "accuracy": 0.373015873015873,
            "precision": 0.36871270247229326,
            "recall": 0.373015873015873,
            "F1": 0.35096108254003
        },
        "1": {
            "accuracy": 0.8412698412698413,
            "precision": 0.8432670781557313,
            "recall": 0.8412698412698413,
            "F1": 0.8412629192415002
        },
        "2": {
            "accuracy": 0.7698412698412699,
            "precision": 0.7793650793650793,
            "recall": 0.7698412698412699,
            "F1": 0.7708402708402707
        },
        "3": {
            "accuracy": 0.8174603174603174,
            "precision": 0.8184599070070968,
            "recall": 0.8174603174603174,
            "F1": 0.8169682095384908
        },
        "4": {
            "accuracy": 0.8174603174603174,
            "precision": 0.8184599070070968,
            "recall": 0.8174603174603174,
            "F1": 0.8169682095384908
        }
    },