{
    "Breakthrough": {
        "0": {
            "accuracy": 0.3333333333333333,
            "precision": 0.33902323376007587,
            "recall": 0.3333333333333333,
            "F1": 0.3286274509803922
        },
        "1": {
            "accuracy": 0.489247311827957,
            "precision": 0.5018219329783522,
            "recall": 0.489247311827957,
            "F1": 0.4884720218053551
        },
        "2": {
            "accuracy": 0.42473118279569894,
            "precision": 0.4303159938712663,
            "recall": 0.42473118279569894,
            "F1": 0.4217091550424884
        }
    },
    "Cups": {
        "0": {
            "accuracy": 0.2805755395683453,
            "precision": 0.27198293313401223,
            "recall": 0.2805755395683453,
            "F1": 0.2629898693034602
        },
        "1": {
            "accuracy": 0.5107913669064749,
            "precision": 0.5231532631038026,
            "recall": 0.5107913669064749,
            "F1": 0.5089457311865432
        },
        "2": {
            "accuracy": 0.539568345323741,
            "precision": 0.5426309173920633,
            "recall": 0.539568345323741,
            "F1": 0.5380118478809915
        }
    },
    "Empire Builder": {
        "0": {
            "accuracy": 0.29850746268656714,
            "precision": 0.3009848686412675,
            "recall": 0.29850746268656714,
            "F1": 0.29870701159850377
        },
        "1": {
            "accuracy": 0.6492537313432836,
            "precision": 0.6501486113300172,
            "recall": 0.6492537313432836,
            "F1": 0.6380542132141279
        },
        "2": {
            "accuracy": 0.7164179104477612,
            "precision": 0.7212556489000356,
            "recall": 0.7164179104477612,
            "F1": 0.7153195357130749
        }
    },
    "Eson xorgol": {
        "0": {
            "accuracy": 0.4666666666666667,
            "precision": 0.48968332781639634,
            "recall": 0.4666666666666667,
            "F1": 0.44664371772805506
        },
        "1": {
            "accuracy": 0.5,
            "precision": 0.5087554721701063,
            "recall": 0.5,
            "F1": 0.4781387408311746
        },
        "2": {
            "accuracy": 0.5555555555555556,
            "precision": 0.5616114359974009,
            "recall": 0.5555555555555556,
            "F1": 0.5537605153704225
        }
    },
    "Hex": {
        "0": {
            "accuracy": 0.2717391304347826,
            "precision": 0.23201499802819678,
            "recall": 0.2717391304347826,
            "F1": 0.24091166636177003
        },
        "1": {
            "accuracy": 0.3532608695652174,
            "precision": 0.3318291313957246,
            "recall": 0.3532608695652174,
            "F1": 0.3380764385050979
        },
        "2": {
            "accuracy": 0.3804347826086957,
            "precision": 0.36628692579311406,
            "recall": 0.3804347826086957,
            "F1": 0.3621788661376762
        }
    },
    "Internet Diplomacy": {
        "0": {
            "accuracy": 0.37662337662337664,
            "precision": 0.36427298192004076,
            "recall": 0.37662337662337664,
            "F1": 0.31770394108056443
        },
        "1": {
            "accuracy": 0.6883116883116883,
            "precision": 0.6901938641069075,
            "recall": 0.6883116883116883,
            "F1": 0.687269635126778
        },
        "2": {
            "accuracy": 0.5974025974025974,
            "precision": 0.5977118119975262,
            "recall": 0.5974025974025974,
            "F1": 0.5939109246652766
        }
    },
    "Jacob\u2019s Ladder": {
        "0": {
            "accuracy": 0.5642857142857143,
            "precision": 0.6037650987224158,
            "recall": 0.5642857142857143,
            "F1": 0.5532287184573428
        },
        "1": {
            "accuracy": 0.5642857142857143,
            "precision": 0.5691322058969117,
            "recall": 0.5642857142857143,
            "F1": 0.5629980563654033
        },
        "2": {
            "accuracy": 0.6571428571428571,
            "precision": 0.6672090457804744,
            "recall": 0.6571428571428571,
            "F1": 0.656592637054822
        }
    },
    "La Memoria De Nuestra Tierra (Calif. 1996)": {
        "0": {
            "accuracy": 0.373015873015873,
            "precision": 0.36871270247229326,
            "recall": 0.373015873015873,
            "F1": 0.35096108254003
        },
        "1": {
            "accuracy": 0.7380952380952381,
            "precision": 0.7466413782203255,
            "recall": 0.7380952380952381,
            "F1": 0.7384533369629327
        },
        "2": {
            "accuracy": 0.8015873015873016,
            "precision": 0.828227775808421,
            "recall": 0.8015873015873016,
            "F1": 0.8026532107854134
        }
    },
    "Lamentation over the Dead Christ": {
        "0": {
            "accuracy": 0.32786885245901637,
            "precision": 0.2831021437578814,
            "recall": 0.32786885245901637,
            "F1": 0.22350420257058673
        },
        "1": {
            "accuracy": 0.8852459016393442,
            "precision": 0.8885004821600773,
            "recall": 0.8852459016393442,
            "F1": 0.8835622507753655
        },
        "2": {
            "accuracy": 0.9016393442622951,
            "precision": 0.908375374308481,
            "recall": 0.9016393442622951,
            "F1": 0.9005368656117053
        }
    },
    "Last Supper": {
        "0": {
            "accuracy": 0.36666666666666664,
            "precision": 0.375,
            "recall": 0.36666666666666664,
            "F1": 0.3529202279202279
        },
        "1": {
            "accuracy": 0.9888888888888889,
            "precision": 0.989247311827957,
            "recall": 0.9888888888888889,
            "F1": 0.9888858016115588
        },
        "2": {
            "accuracy": 0.9777777777777777,
            "precision": 0.9791666666666666,
            "recall": 0.9777777777777777,
            "F1": 0.9777530589543938
        }
    },
    "Leda and the Swan": {
        "0": {
            "accuracy": 0.2851063829787234,
            "precision": 0.27321126972114546,
            "recall": 0.2851063829787234,
            "F1": 0.266612239814331
        },
        "1": {
            "accuracy": 0.7361702127659574,
            "precision": 0.7370992871818676,
            "recall": 0.7361702127659574,
            "F1": 0.7362387110152842
        },
        "2": {
            "accuracy": 0.7404255319148936,
            "precision": 0.741160512554389,
            "recall": 0.7404255319148936,
            "F1": 0.7405332435183044
        }
    },
    "Lovejoy Columns": {
        "0": {
            "accuracy": 0.3233082706766917,
            "precision": 0.2897337328283114,
            "recall": 0.3233082706766917,
            "F1": 0.2798514048732619
        },
        "1": {
            "accuracy": 0.5864661654135338,
            "precision": 0.5988313174239948,
            "recall": 0.5864661654135338,
            "F1": 0.5856090003300134
        },
        "2": {
            "accuracy": 0.6240601503759399,
            "precision": 0.6335318567381751,
            "recall": 0.6240601503759399,
            "F1": 0.6181438617806083
        }
    },
    "Madonna of the Yarnwinder": {
        "0": {
            "accuracy": 0.3660130718954248,
            "precision": 0.3727183254941005,
            "recall": 0.3660130718954248,
            "F1": 0.3614634932141275
        },
        "1": {
            "accuracy": 0.6209150326797386,
            "precision": 0.6377062875768656,
            "recall": 0.6209150326797386,
            "F1": 0.6197602641401091
        },
        "2": {
            "accuracy": 0.6339869281045751,
            "precision": 0.6494708994708995,
            "recall": 0.6339869281045751,
            "F1": 0.6327946302537955
        }
    },