{
    "Breakthrough": {
        "0": {
            "accuracy": 0.3333333333333333,
            "precision": 0.33902323376007587,
            "recall": 0.3333333333333333,
            "F1": 0.3286274509803922
        },
        "1": {
            "accuracy": 0.46774193548387094,
            "precision": 0.46953046668489656,
            "recall": 0.46774193548387094,
            "F1": 0.467215610660682
        },
        "2": {
            "accuracy": 0.5053763440860215,
            "precision": 0.5107079163630115,
            "recall": 0.5053763440860215,
            "F1": 0.5033206577139565
        },
        "3": {
            "accuracy": 0.553763440860215,
            "precision": 0.5558520343003103,
            "recall": 0.553763440860215,
            "F1": 0.5530848581949013
        },
        "4": {
            "accuracy": 0.553763440860215,
            "precision": 0.5558520343003103,
            "recall": 0.553763440860215,
            "F1": 0.5530848581949013
        }
    },
    "Cups": {
        "0": {
            "accuracy": 0.2805755395683453,
            "precision": 0.27198293313401223,
            "recall": 0.2805755395683453,
            "F1": 0.2629898693034602
        },
        "1": {
            "accuracy": 0.6618705035971223,
            "precision": 0.6647104761669714,
            "recall": 0.6618705035971223,
            "F1": 0.6615027658193127
        },
        "2": {
            "accuracy": 0.6187050359712231,
            "precision": 0.6192897641248394,
            "recall": 0.6187050359712231,
            "F1": 0.6166463620547412
        },
        "3": {
            "accuracy": 0.6258992805755396,
            "precision": 0.6289275445709698,
            "recall": 0.6258992805755396,
            "F1": 0.624727768805364
        },
        "4": {
            "accuracy": 0.6258992805755396,
            "precision": 0.6289275445709698,
            "recall": 0.6258992805755396,
            "F1": 0.624727768805364
        }
    },
    "Empire Builder": {
        "0": {
            "accuracy": 0.29850746268656714,
            "precision": 0.3009848686412675,
            "recall": 0.29850746268656714,
            "F1": 0.29870701159850377
        },
        "1": {
            "accuracy": 0.6567164179104478,
            "precision": 0.66846813697307,
            "recall": 0.6567164179104478,
            "F1": 0.6523515409483961
        },
        "2": {
            "accuracy": 0.5671641791044776,
            "precision": 0.570362473347548,
            "recall": 0.5671641791044776,
            "F1": 0.56357293989821
        },
        "3": {
            "accuracy": 0.5671641791044776,
            "precision": 0.5700844399173034,
            "recall": 0.5671641791044776,
            "F1": 0.5606161436345024
        },
        "4": {
            "accuracy": 0.5671641791044776,
            "precision": 0.5700844399173034,
            "recall": 0.5671641791044776,
            "F1": 0.5606161436345024
        }
    },
    "Eson xorgol": {
        "0": {
            "accuracy": 0.4666666666666667,
            "precision": 0.48968332781639634,
            "recall": 0.4666666666666667,
            "F1": 0.44664371772805506
        },
        "1": {
            "accuracy": 0.37777777777777777,
            "precision": 0.3862283549783549,
            "recall": 0.37777777777777777,
            "F1": 0.36234181395471715
        },
        "2": {
            "accuracy": 0.5555555555555556,
            "precision": 0.5619593952927286,
            "recall": 0.5555555555555556,
            "F1": 0.5551783688075912
        },
        "3": {
            "accuracy": 0.4111111111111111,
            "precision": 0.41549810680245464,
            "recall": 0.4111111111111111,
            "F1": 0.40953409055352175
        },
        "4": {
            "accuracy": 0.4111111111111111,
            "precision": 0.41549810680245464,
            "recall": 0.4111111111111111,
            "F1": 0.40953409055352175
        }
    },
    "Hex": {
        "0": {
            "accuracy": 0.2717391304347826,
            "precision": 0.23201499802819678,
            "recall": 0.2717391304347826,
            "F1": 0.24091166636177003
        },
        "1": {
            "accuracy": 0.44565217391304346,
            "precision": 0.4415823600041634,
            "recall": 0.44565217391304346,
            "F1": 0.42929624590265325
        },
        "2": {
            "accuracy": 0.3532608695652174,
            "precision": 0.3176559243371625,
            "recall": 0.3532608695652174,
            "F1": 0.31731672213923173
        },
        "3": {
            "accuracy": 0.3641304347826087,
            "precision": 0.3378124043557907,
            "recall": 0.3641304347826087,
            "F1": 0.3393386329223448
        },
        "4": {
            "accuracy": 0.3641304347826087,
            "precision": 0.3378124043557907,
            "recall": 0.3641304347826087,
            "F1": 0.3393386329223448
        }
    },
    "Internet Diplomacy": {
        "0": {
            "accuracy": 0.37662337662337664,
            "precision": 0.36427298192004076,
            "recall": 0.37662337662337664,
            "F1": 0.31770394108056443
        },
        "1": {
            "accuracy": 0.6493506493506493,
            "precision": 0.6491729189676404,
            "recall": 0.6493506493506493,
            "F1": 0.6459585884934971
        },
        "2": {
            "accuracy": 0.6363636363636364,
            "precision": 0.6393011750154608,
            "recall": 0.6363636363636364,
            "F1": 0.6345510504482805
        },
        "3": {
            "accuracy": 0.6103896103896104,
            "precision": 0.6407625910674691,
            "recall": 0.6103896103896104,
            "F1": 0.6014980255653876
        },
        "4": {
            "accuracy": 0.6103896103896104,
            "precision": 0.6407625910674691,
            "recall": 0.6103896103896104,
            "F1": 0.6014980255653876
        }
    },
    "Jacob\u2019s Ladder": {
        "0": {
            "accuracy": 0.5642857142857143,
            "precision": 0.6037650987224158,
            "recall": 0.5642857142857143,
            "F1": 0.5532287184573428
        },
        "1": {
            "accuracy": 0.6785714285714286,
            "precision": 0.6935882877059348,
            "recall": 0.6785714285714286,
            "F1": 0.6813168124392615
        },
        "2": {
            "accuracy": 0.7214285714285714,
            "precision": 0.7397883597883598,
            "recall": 0.7214285714285714,
            "F1": 0.7244728205608857
        },
        "3": {
            "accuracy": 0.7285714285714285,
            "precision": 0.7480048335123524,
            "recall": 0.7285714285714285,
            "F1": 0.7303963485917302
        },
        "4": {
            "accuracy": 0.7285714285714285,
            "precision": 0.7480048335123524,
            "recall": 0.7285714285714285,
            "F1": 0.7303963485917302
        }
    },
    "La Memoria De Nuestra Tierra (Calif. 1996)": {
        "0": {
            "accuracy": 0.373015873015873,
            "precision": 0.36871270247229326,
            "recall": 0.373015873015873,
            "F1": 0.35096108254003
        },
        "1": {
            "accuracy": 0.7857142857142857,
            "precision": 0.7911893259719347,
            "recall": 0.7857142857142857,
            "F1": 0.7854281733592078
        },
        "2": {
            "accuracy": 0.8095238095238095,
            "precision": 0.8162136066547832,
            "recall": 0.8095238095238095,
            "F1": 0.8085497982682806
        },
        "3": {
            "accuracy": 0.8412698412698413,
            "precision": 0.8659611992945326,
            "recall": 0.8412698412698413,
            "F1": 0.8412698412698413
        },
        "4": {
            "accuracy": 0.8412698412698413,
            "precision": 0.8659611992945326,
            "recall": 0.8412698412698413,