{
    "Breakthrough": {
        "0": {
            "accuracy": 0.3333333333333333,
            "precision": 0.33902323376007587,
            "recall": 0.3333333333333333,
            "F1": 0.3286274509803922
        },
        "1": {
            "accuracy": 0.2849462365591398,
            "precision": 0.2891005655505801,
            "recall": 0.2849462365591398,
            "F1": 0.28452861309321553
        },
        "2": {
            "accuracy": 0.3172043010752688,
            "precision": 0.3233465608465609,
            "recall": 0.3172043010752688,
            "F1": 0.3176872373368724
        },
        "3": {
            "accuracy": 0.2849462365591398,
            "precision": 0.2893939393939394,
            "recall": 0.2849462365591398,
            "F1": 0.283663159331985
        },
        "4": {
            "accuracy": 0.2849462365591398,
            "precision": 0.2893939393939394,
            "recall": 0.2849462365591398,
            "F1": 0.283663159331985
        }
    },
    "Cups": {
        "0": {
            "accuracy": 0.2805755395683453,
            "precision": 0.27198293313401223,
            "recall": 0.2805755395683453,
            "F1": 0.2629898693034602
        },
        "1": {
            "accuracy": 0.5611510791366906,
            "precision": 0.5879150415756424,
            "recall": 0.5611510791366906,
            "F1": 0.5615750458826234
        },
        "2": {
            "accuracy": 0.5467625899280576,
            "precision": 0.5713417443385194,
            "recall": 0.5467625899280576,
            "F1": 0.541205447091343
        },
        "3": {
            "accuracy": 0.5683453237410072,
            "precision": 0.5866509088281742,
            "recall": 0.5683453237410072,
            "F1": 0.5678302837692567
        },
        "4": {
            "accuracy": 0.5683453237410072,
            "precision": 0.5866509088281742,
            "recall": 0.5683453237410072,
            "F1": 0.5678302837692567
        }
    },
    "Empire Builder": {
        "0": {
            "accuracy": 0.29850746268656714,
            "precision": 0.3009848686412675,
            "recall": 0.29850746268656714,
            "F1": 0.29870701159850377
        },
        "1": {
            "accuracy": 0.48507462686567165,
            "precision": 0.48464048511839114,
            "recall": 0.48507462686567165,
            "F1": 0.47332609579724305
        },
        "2": {
            "accuracy": 0.5522388059701493,
            "precision": 0.5588284316962356,
            "recall": 0.5522388059701493,
            "F1": 0.5498272878018645
        },
        "3": {
            "accuracy": 0.5522388059701493,
            "precision": 0.5592709529276694,
            "recall": 0.5522388059701493,
            "F1": 0.5466956454839206
        },
        "4": {
            "accuracy": 0.5522388059701493,
            "precision": 0.5592709529276694,
            "recall": 0.5522388059701493,
            "F1": 0.5466956454839206
        }
    },
    "Eson xorgol": {
        "0": {
            "accuracy": 0.4666666666666667,
            "precision": 0.48968332781639634,
            "recall": 0.4666666666666667,
            "F1": 0.44664371772805506
        },
        "1": {
            "accuracy": 0.6666666666666666,
            "precision": 0.6779448621553885,
            "recall": 0.6666666666666666,
            "F1": 0.6661032228983548
        },
        "2": {
            "accuracy": 0.5666666666666667,
            "precision": 0.5842490842490843,
            "recall": 0.5666666666666667,
            "F1": 0.5656436487638534
        },
        "3": {
            "accuracy": 0.7111111111111111,
            "precision": 0.7112135176651307,
            "recall": 0.7111111111111111,
            "F1": 0.7107593744111551
        },
        "4": {
            "accuracy": 0.7111111111111111,
            "precision": 0.7112135176651307,
            "recall": 0.7111111111111111,
            "F1": 0.7107593744111551
        }
    },
    "Hex": {
        "0": {
            "accuracy": 0.2717391304347826,
            "precision": 0.23201499802819678,
            "recall": 0.2717391304347826,
            "F1": 0.24091166636177003
        },
        "1": {
            "accuracy": 0.375,
            "precision": 0.35853187775613654,
            "recall": 0.375,
            "F1": 0.3543829487764911
        },
        "2": {
            "accuracy": 0.3695652173913043,
            "precision": 0.372271827256977,
            "recall": 0.3695652173913043,
            "F1": 0.35848412122565165
        },
        "3": {
            "accuracy": 0.40217391304347827,
            "precision": 0.40347250004931345,
            "recall": 0.40217391304347827,
            "F1": 0.3856617468857545
        },
        "4": {
            "accuracy": 0.40217391304347827,
            "precision": 0.40347250004931345,
            "recall": 0.40217391304347827,
            "F1": 0.3856617468857545
        }
    },
    "Internet Diplomacy": {
        "0": {
            "accuracy": 0.37662337662337664,
            "precision": 0.36427298192004076,
            "recall": 0.37662337662337664,
            "F1": 0.31770394108056443
        },
        "1": {
            "accuracy": 0.3116883116883117,
            "precision": 0.3104858104858105,
            "recall": 0.3116883116883117,
            "F1": 0.31080919080919084
        },
        "2": {
            "accuracy": 0.42857142857142855,
            "precision": 0.4235941192462931,
            "recall": 0.42857142857142855,
            "F1": 0.4254761411095643
        },
        "3": {
            "accuracy": 0.36363636363636365,
            "precision": 0.37095088819226746,
            "recall": 0.36363636363636365,
            "F1": 0.36632996632996634
        },
        "4": {
            "accuracy": 0.36363636363636365,
            "precision": 0.37095088819226746,
            "recall": 0.36363636363636365,
            "F1": 0.36632996632996634
        }
    },
    "Jacob\u2019s Ladder": {
        "0": {
            "accuracy": 0.5642857142857143,
            "precision": 0.6037650987224158,
            "recall": 0.5642857142857143,
            "F1": 0.5532287184573428
        },
        "1": {
            "accuracy": 0.7,
            "precision": 0.7153679855667537,
            "recall": 0.7,
            "F1": 0.7014128474194544
        },
        "2": {
            "accuracy": 0.7642857142857142,
            "precision": 0.7712295556520481,
            "recall": 0.7642857142857142,
            "F1": 0.7664557129225635
        },
        "3": {
            "accuracy": 0.7285714285714285,
            "precision": 0.7303604558706601,
            "recall": 0.7285714285714285,
            "F1": 0.7289283648682144
        },
        "4": {
            "accuracy": 0.7285714285714285,
            "precision": 0.7303604558706601,
            "recall": 0.7285714285714285,
            "F1": 0.7289283648682144
        }
    },
    "La Memoria De Nuestra Tierra (Calif. 1996)": {
        "0": {
            "accuracy": 0.373015873015873,
            "precision": 0.36871270247229326,
            "recall": 0.373015873015873,
            "F1": 0.35096108254003
        },
        "1": {
            "accuracy": 0.6349206349206349,
            "precision": 0.6478338734436295,
            "recall": 0.6349206349206349,
            "F1": 0.6358745620780997
        },
        "2": {
            "accuracy": 0.5873015873015873,
            "precision": 0.6018582046883934,
            "recall": 0.5873015873015873,
            "F1": 0.588686350021395
        },
        "3": {
            "accuracy": 0.6111111111111112,
            "precision": 0.6220038837202562,
            "recall": 0.6111111111111112,
            "F1": 0.6089332921344457
        },
        "4": {
            "accuracy": 0.6111111111111112,
            "precision": 0.6220038837202562,
            "recall": 0.6111111111111112,
            "F1": 0.6089332921344457
        }
    },