{
    "Breakthrough": {
        "0": {
            "accuracy": 0.3333333333333333,
            "precision": 0.33902323376007587,
            "recall": 0.3333333333333333,
            "F1": 0.3286274509803922
        },
        "1": {
            "accuracy": 0.43548387096774194,
            "precision": 0.44023448420464073,
            "recall": 0.43548387096774194,
            "F1": 0.43479670146336813
        },
        "2": {
            "accuracy": 0.41935483870967744,
            "precision": 0.4229273920253803,
            "recall": 0.41935483870967744,
            "F1": 0.4189332843025369
        },
        "3": {
            "accuracy": 0.41935483870967744,
            "precision": 0.4213208091504599,
            "recall": 0.41935483870967744,
            "F1": 0.41956892721987127
        },
        "4": {
            "accuracy": 0.41935483870967744,
            "precision": 0.4213208091504599,
            "recall": 0.41935483870967744,
            "F1": 0.41956892721987127
        }
    },
    "Cups": {
        "0": {
            "accuracy": 0.2805755395683453,
            "precision": 0.27198293313401223,
            "recall": 0.2805755395683453,
            "F1": 0.2629898693034602
        },
        "1": {
            "accuracy": 0.5107913669064749,
            "precision": 0.5188912797874665,
            "recall": 0.5107913669064749,
            "F1": 0.5100738524322571
        },
        "2": {
            "accuracy": 0.48201438848920863,
            "precision": 0.48578284542177574,
            "recall": 0.48201438848920863,
            "F1": 0.480563143605855
        },
        "3": {
            "accuracy": 0.4316546762589928,
            "precision": 0.43051279724687874,
            "recall": 0.4316546762589928,
            "F1": 0.43085535196344554
        },
        "4": {
            "accuracy": 0.4316546762589928,
            "precision": 0.43051279724687874,
            "recall": 0.4316546762589928,
            "F1": 0.43085535196344554
        }
    },
    "Empire Builder": {
        "0": {
            "accuracy": 0.29850746268656714,
            "precision": 0.3009848686412675,
            "recall": 0.29850746268656714,
            "F1": 0.29870701159850377
        },
        "1": {
            "accuracy": 0.4552238805970149,
            "precision": 0.4643496887147399,
            "recall": 0.4552238805970149,
            "F1": 0.4421620203232075
        },
        "2": {
            "accuracy": 0.34328358208955223,
            "precision": 0.3386955729728205,
            "recall": 0.34328358208955223,
            "F1": 0.3239449292812028
        },
        "3": {
            "accuracy": 0.29850746268656714,
            "precision": 0.3135905733113499,
            "recall": 0.29850746268656714,
            "F1": 0.27928635366657123
        },
        "4": {
            "accuracy": 0.29850746268656714,
            "precision": 0.3135905733113499,
            "recall": 0.29850746268656714,
            "F1": 0.27928635366657123
        }
    },
    "Eson xorgol": {
        "0": {
            "accuracy": 0.4666666666666667,
            "precision": 0.48968332781639634,
            "recall": 0.4666666666666667,
            "F1": 0.44664371772805506
        },
        "1": {
            "accuracy": 0.6333333333333333,
            "precision": 0.6342172320433191,
            "recall": 0.6333333333333333,
            "F1": 0.6263754914995332
        },
        "2": {
            "accuracy": 0.6333333333333333,
            "precision": 0.6529896402642957,
            "recall": 0.6333333333333333,
            "F1": 0.6328537261303671
        },
        "3": {
            "accuracy": 0.6777777777777778,
            "precision": 0.6868777635144773,
            "recall": 0.6777777777777778,
            "F1": 0.667168087892434
        },
        "4": {
            "accuracy": 0.6777777777777778,
            "precision": 0.6868777635144773,
            "recall": 0.6777777777777778,
            "F1": 0.667168087892434
        }
    },
    "Hex": {
        "0": {
            "accuracy": 0.2717391304347826,
            "precision": 0.23201499802819678,
            "recall": 0.2717391304347826,
            "F1": 0.24091166636177003
        },
        "1": {
            "accuracy": 0.29891304347826086,
            "precision": 0.284082848605023,
            "recall": 0.29891304347826086,
            "F1": 0.2809373135344458
        },
        "2": {
            "accuracy": 0.32065217391304346,
            "precision": 0.3063228001383923,
            "recall": 0.32065217391304346,
            "F1": 0.30651488444966707
        },
        "3": {
            "accuracy": 0.40217391304347827,
            "precision": 0.3920571740527252,
            "recall": 0.40217391304347827,
            "F1": 0.3795805626598465
        },
        "4": {
            "accuracy": 0.40217391304347827,
            "precision": 0.3920571740527252,
            "recall": 0.40217391304347827,
            "F1": 0.3795805626598465
        }
    },
    "Internet Diplomacy": {
        "0": {
            "accuracy": 0.37662337662337664,
            "precision": 0.36427298192004076,
            "recall": 0.37662337662337664,
            "F1": 0.31770394108056443
        },
        "1": {
            "accuracy": 0.7272727272727273,
            "precision": 0.7384370015948962,
            "recall": 0.7272727272727273,
            "F1": 0.7236774524910118
        },
        "2": {
            "accuracy": 0.6883116883116883,
            "precision": 0.6914381914381914,
            "recall": 0.6883116883116883,
            "F1": 0.6891708291708292
        },
        "3": {
            "accuracy": 0.6623376623376623,
            "precision": 0.671897546897547,
            "recall": 0.6623376623376623,
            "F1": 0.6567256281980485
        },
        "4": {
            "accuracy": 0.6623376623376623,
            "precision": 0.671897546897547,
            "recall": 0.6623376623376623,
            "F1": 0.6567256281980485
        }
    },
    "Jacob\u2019s Ladder": {
        "0": {
            "accuracy": 0.5642857142857143,
            "precision": 0.6037650987224158,
            "recall": 0.5642857142857143,
            "F1": 0.5532287184573428
        },
        "1": {
            "accuracy": 0.7214285714285714,
            "precision": 0.7390507658140141,
            "recall": 0.7214285714285714,
            "F1": 0.7209949723236515
        },
        "2": {
            "accuracy": 0.7642857142857142,
            "precision": 0.7691933066933067,
            "recall": 0.7642857142857142,
            "F1": 0.7652612693429021
        },
        "3": {
            "accuracy": 0.7428571428571429,
            "precision": 0.7457405981260429,
            "recall": 0.7428571428571429,
            "F1": 0.7422001436657031
        },
        "4": {
            "accuracy": 0.7428571428571429,
            "precision": 0.7457405981260429,
            "recall": 0.7428571428571429,
            "F1": 0.7422001436657031
        }
    },
    "La Memoria De Nuestra Tierra (Calif. 1996)": {
        "0": {
            "accuracy": 0.373015873015873,
            "precision": 0.36871270247229326,
            "recall": 0.373015873015873,
            "F1": 0.35096108254003
        },
        "1": {
            "accuracy": 0.6904761904761905,
            "precision": 0.7310806477473143,
            "recall": 0.6904761904761905,
            "F1": 0.6964193429309709
        },
        "2": {
            "accuracy": 0.7698412698412699,
            "precision": 0.7883449883449883,
            "recall": 0.7698412698412699,
            "F1": 0.7688850404090384
        },
        "3": {
            "accuracy": 0.753968253968254,
            "precision": 0.7752656690522663,
            "recall": 0.753968253968254,
            "F1": 0.7525769878348016
        },
        "4": {
            "accuracy": 0.753968253968254,
            "precision": 0.7752656690522663,
            "recall": 0.753968253968254,