{
    "0": {
        "accuracy": 0.2717391304347826,
        "precision": 0.23201499802819678,
        "recall": 0.2717391304347826,
        "F1": 0.24091166636177003
    },
    "1": {
        "accuracy": 0.30978260869565216,
        "precision": 0.26326074489835494,
        "recall": 0.30978260869565216,
        "F1": 0.26071758128426425
    },
    "2": {
        "accuracy": 0.30978260869565216,
        "precision": 0.26326074489835494,
        "recall": 0.30978260869565216,
        "F1": 0.26071758128426425
    },
    "3": {
        "accuracy": 0.30978260869565216,
        "precision": 0.26326074489835494,
        "recall": 0.30978260869565216,
        "F1": 0.26071758128426425
    },
    "4": {
        "accuracy": 0.30978260869565216,
        "precision": 0.26326074489835494,
        "recall": 0.30978260869565216,
        "F1": 0.26071758128426425
    },
    "5": {
        "accuracy": 0.30978260869565216,
        "precision": 0.26326074489835494,
        "recall": 0.30978260869565216,
        "F1": 0.26071758128426425
    }
}