{
    "Breakthrough": {
        "0": {
            "accuracy": 0.3333333333333333,
            "precision": 0.33902323376007587,
            "recall": 0.3333333333333333,
            "F1": 0.3286274509803922
        },
        "1": {
            "accuracy": 0.34946236559139787,
            "precision": 0.34872408293460927,
            "recall": 0.34946236559139787,
            "F1": 0.34695899913291217
        },
        "2": {
            "accuracy": 0.3978494623655914,
            "precision": 0.4044992008102676,
            "recall": 0.3978494623655914,
            "F1": 0.39266685695257125
        },
        "3": {
            "accuracy": 0.3709677419354839,
            "precision": 0.372159366913083,
            "recall": 0.3709677419354839,
            "F1": 0.3684250764525994
        },
        "4": {
            "accuracy": 0.3709677419354839,
            "precision": 0.372159366913083,
            "recall": 0.3709677419354839,
            "F1": 0.3684250764525994
        }
    },
    "Cups": {
        "0": {
            "accuracy": 0.2805755395683453,
            "precision": 0.27198293313401223,
            "recall": 0.2805755395683453,
            "F1": 0.2629898693034602
        },
        "1": {
            "accuracy": 0.38848920863309355,
            "precision": 0.3881170925328703,
            "recall": 0.38848920863309355,
            "F1": 0.3847468902390818
        },
        "2": {
            "accuracy": 0.48201438848920863,
            "precision": 0.48316546762589924,
            "recall": 0.48201438848920863,
            "F1": 0.48198713756267714
        },
        "3": {
            "accuracy": 0.5899280575539568,
            "precision": 0.5890195961055227,
            "recall": 0.5899280575539568,
            "F1": 0.5891582312258203
        },
        "4": {
            "accuracy": 0.5899280575539568,
            "precision": 0.5890195961055227,
            "recall": 0.5899280575539568,
            "F1": 0.5891582312258203
        }
    },
    "Empire Builder": {
        "0": {
            "accuracy": 0.29850746268656714,
            "precision": 0.3009848686412675,
            "recall": 0.29850746268656714,
            "F1": 0.29870701159850377
        },
        "1": {
            "accuracy": 0.5597014925373134,
            "precision": 0.5776585820895522,
            "recall": 0.5597014925373134,
            "F1": 0.5569719759591708
        },
        "2": {
            "accuracy": 0.582089552238806,
            "precision": 0.5994296793526451,
            "recall": 0.582089552238806,
            "F1": 0.5799431283527141
        },
        "3": {
            "accuracy": 0.5447761194029851,
            "precision": 0.5694802811575507,
            "recall": 0.5447761194029851,
            "F1": 0.5470092974043808
        },
        "4": {
            "accuracy": 0.5447761194029851,
            "precision": 0.5694802811575507,
            "recall": 0.5447761194029851,
            "F1": 0.5470092974043808
        }
    },
    "Eson xorgol": {
        "0": {
            "accuracy": 0.4666666666666667,
            "precision": 0.48968332781639634,
            "recall": 0.4666666666666667,
            "F1": 0.44664371772805506
        },
        "1": {
            "accuracy": 0.37777777777777777,
            "precision": 0.37857832988267764,
            "recall": 0.37777777777777777,
            "F1": 0.3709040086398577
        },
        "2": {
            "accuracy": 0.5444444444444444,
            "precision": 0.5536130536130537,
            "recall": 0.5444444444444444,
            "F1": 0.5387667887667889
        },
        "3": {
            "accuracy": 0.37777777777777777,
            "precision": 0.4170815661687873,
            "recall": 0.37777777777777777,
            "F1": 0.38096444803981766
        },
        "4": {
            "accuracy": 0.37777777777777777,
            "precision": 0.4170815661687873,
            "recall": 0.37777777777777777,
            "F1": 0.38096444803981766
        }
    },
    "Hex": {
        "0": {
            "accuracy": 0.2717391304347826,
            "precision": 0.23201499802819678,
            "recall": 0.2717391304347826,
            "F1": 0.24091166636177003
        },
        "1": {
            "accuracy": 0.33695652173913043,
            "precision": 0.3166267340180383,
            "recall": 0.33695652173913043,
            "F1": 0.32104847086790694
        },
        "2": {
            "accuracy": 0.29891304347826086,
            "precision": 0.2830392433653303,
            "recall": 0.29891304347826086,
            "F1": 0.28242753623188405
        },
        "3": {
            "accuracy": 0.358695652173913,
            "precision": 0.34078702627295976,
            "recall": 0.358695652173913,
            "F1": 0.33579281847510706
        },
        "4": {
            "accuracy": 0.358695652173913,
            "precision": 0.34078702627295976,
            "recall": 0.358695652173913,
            "F1": 0.33579281847510706
        }
    },
    "Internet Diplomacy": {
        "0": {
            "accuracy": 0.37662337662337664,
            "precision": 0.36427298192004076,
            "recall": 0.37662337662337664,
            "F1": 0.31770394108056443
        },
        "1": {
            "accuracy": 0.5454545454545454,
            "precision": 0.5585649871364158,
            "recall": 0.5454545454545454,
            "F1": 0.5298446651387828
        },
        "2": {
            "accuracy": 0.5714285714285714,
            "precision": 0.5975056689342403,
            "recall": 0.5714285714285714,
            "F1": 0.5588288765403799
        },
        "3": {
            "accuracy": 0.5714285714285714,
            "precision": 0.5655742554138276,
            "recall": 0.5714285714285714,
            "F1": 0.558624662684576
        },
        "4": {
            "accuracy": 0.5714285714285714,
            "precision": 0.5655742554138276,
            "recall": 0.5714285714285714,
            "F1": 0.558624662684576
        }
    },
    "Jacob\u2019s Ladder": {
        "0": {
            "accuracy": 0.5642857142857143,
            "precision": 0.6037650987224158,
            "recall": 0.5642857142857143,
            "F1": 0.5532287184573428
        },
        "1": {
            "accuracy": 0.7285714285714285,
            "precision": 0.7455449539123009,
            "recall": 0.7285714285714285,
            "F1": 0.7304031010889385
        },
        "2": {
            "accuracy": 0.7357142857142858,
            "precision": 0.7495786558455021,
            "recall": 0.7357142857142858,
            "F1": 0.7354638412856431
        },
        "3": {
            "accuracy": 0.55,
            "precision": 0.5668173826907812,
            "recall": 0.55,
            "F1": 0.5435584465172094
        },
        "4": {
            "accuracy": 0.55,
            "precision": 0.5668173826907812,
            "recall": 0.55,
            "F1": 0.5435584465172094
        }
    },
    "La Memoria De Nuestra Tierra (Calif. 1996)": {
        "0": {
            "accuracy": 0.373015873015873,
            "precision": 0.36871270247229326,
            "recall": 0.373015873015873,
            "F1": 0.35096108254003
        },
        "1": {
            "accuracy": 0.7857142857142857,
            "precision": 0.7889833278849296,
            "recall": 0.7857142857142857,
            "F1": 0.786147186147186
        },
        "2": {
            "accuracy": 0.8174603174603174,
            "precision": 0.8226495726495727,
            "recall": 0.8174603174603174,
            "F1": 0.8181069958847738
        },
        "3": {
            "accuracy": 0.7698412698412699,
            "precision": 0.7744271685761047,
            "recall": 0.7698412698412699,
            "F1": 0.7708284698327633
        },
        "4": {
            "accuracy": 0.7698412698412699,
            "precision": 0.7744271685761047,
            "recall": 0.7698412698412699,
            "F1": 0.7708284698327633
        }
    },