{
    "0": {
        "accuracy": 0.37662337662337664,
        "precision": 0.36427298192004076,
        "recall": 0.37662337662337664,
        "F1": 0.31770394108056443
    },
    "1": {
        "accuracy": 0.3116883116883117,
        "precision": 0.26853339896818157,
        "recall": 0.3116883116883117,
        "F1": 0.2703694497952871
    },
    "2": {
        "accuracy": 0.3116883116883117,
        "precision": 0.26853339896818157,
        "recall": 0.3116883116883117,
        "F1": 0.2703694497952871
    },
    "3": {
        "accuracy": 0.3116883116883117,
        "precision": 0.26853339896818157,
        "recall": 0.3116883116883117,
        "F1": 0.2703694497952871
    },
    "4": {
        "accuracy": 0.3116883116883117,
        "precision": 0.26853339896818157,
        "recall": 0.3116883116883117,
        "F1": 0.2703694497952871
    },
    "5": {
        "accuracy": 0.3116883116883117,
        "precision": 0.26853339896818157,
        "recall": 0.3116883116883117,
        "F1": 0.2703694497952871
    }
}