{
    "Breakthrough": {
        "0": {
            "accuracy": 0.3333333333333333,
            "precision": 0.33902323376007587,
            "recall": 0.3333333333333333,
            "F1": 0.3286274509803922
        },
        "1": {
            "accuracy": 0.3817204301075269,
            "precision": 0.3856762606762607,
            "recall": 0.3817204301075269,
            "F1": 0.37442718823584287
        },
        "2": {
            "accuracy": 0.3924731182795699,
            "precision": 0.39969528056484577,
            "recall": 0.3924731182795699,
            "F1": 0.391866922960664
        },
        "3": {
            "accuracy": 0.3924731182795699,
            "precision": 0.3978574644212306,
            "recall": 0.3924731182795699,
            "F1": 0.38921734535769625
        },
        "4": {
            "accuracy": 0.3924731182795699,
            "precision": 0.3978574644212306,
            "recall": 0.3924731182795699,
            "F1": 0.38921734535769625
        }
    },
    "Cups": {
        "0": {
            "accuracy": 0.2805755395683453,
            "precision": 0.27198293313401223,
            "recall": 0.2805755395683453,
            "F1": 0.2629898693034602
        },
        "1": {
            "accuracy": 0.460431654676259,
            "precision": 0.465233974566175,
            "recall": 0.460431654676259,
            "F1": 0.4603680450864773
        },
        "2": {
            "accuracy": 0.5683453237410072,
            "precision": 0.5683598176403932,
            "recall": 0.5683453237410072,
            "F1": 0.5674641106295782
        },
        "3": {
            "accuracy": 0.48201438848920863,
            "precision": 0.4813460467638883,
            "recall": 0.48201438848920863,
            "F1": 0.4798988167762847
        },
        "4": {
            "accuracy": 0.48201438848920863,
            "precision": 0.4813460467638883,
            "recall": 0.48201438848920863,
            "F1": 0.4798988167762847
        }
    },
    "Empire Builder": {
        "0": {
            "accuracy": 0.29850746268656714,
            "precision": 0.3009848686412675,
            "recall": 0.29850746268656714,
            "F1": 0.29870701159850377
        },
        "1": {
            "accuracy": 0.5223880597014925,
            "precision": 0.5311254287568369,
            "recall": 0.5223880597014925,
            "F1": 0.5142311923747214
        },
        "2": {
            "accuracy": 0.3880597014925373,
            "precision": 0.38836208415045154,
            "recall": 0.3880597014925373,
            "F1": 0.37997680501747505
        },
        "3": {
            "accuracy": 0.41044776119402987,
            "precision": 0.4135574054902603,
            "recall": 0.41044776119402987,
            "F1": 0.3973141085317878
        },
        "4": {
            "accuracy": 0.41044776119402987,
            "precision": 0.4135574054902603,
            "recall": 0.41044776119402987,
            "F1": 0.3973141085317878
        }
    },
    "Eson xorgol": {
        "0": {
            "accuracy": 0.4666666666666667,
            "precision": 0.48968332781639634,
            "recall": 0.4666666666666667,
            "F1": 0.44664371772805506
        },
        "1": {
            "accuracy": 0.6444444444444445,
            "precision": 0.6851851851851852,
            "recall": 0.6444444444444445,
            "F1": 0.6410818713450293
        },
        "2": {
            "accuracy": 0.6666666666666666,
            "precision": 0.6889057579847054,
            "recall": 0.6666666666666666,
            "F1": 0.6628629946602298
        },
        "3": {
            "accuracy": 0.6,
            "precision": 0.6159722222222223,
            "recall": 0.6,
            "F1": 0.5924731182795698
        },
        "4": {
            "accuracy": 0.6,
            "precision": 0.6159722222222223,
            "recall": 0.6,
            "F1": 0.5924731182795698
        }
    },
    "Hex": {
        "0": {
            "accuracy": 0.2717391304347826,
            "precision": 0.23201499802819678,
            "recall": 0.2717391304347826,
            "F1": 0.24091166636177003
        },
        "1": {
            "accuracy": 0.30434782608695654,
            "precision": 0.29399353684537544,
            "recall": 0.30434782608695654,
            "F1": 0.29599574280765756
        },
        "2": {
            "accuracy": 0.23369565217391305,
            "precision": 0.22665372670807454,
            "recall": 0.23369565217391305,
            "F1": 0.2288109376270422
        },
        "3": {
            "accuracy": 0.2608695652173913,
            "precision": 0.24809733669693224,
            "recall": 0.2608695652173913,
            "F1": 0.24962606408731175
        },
        "4": {
            "accuracy": 0.2608695652173913,
            "precision": 0.24809733669693224,
            "recall": 0.2608695652173913,
            "F1": 0.24962606408731175
        }
    },
    "Internet Diplomacy": {
        "0": {
            "accuracy": 0.37662337662337664,
            "precision": 0.36427298192004076,
            "recall": 0.37662337662337664,
            "F1": 0.31770394108056443
        },
        "1": {
            "accuracy": 0.44155844155844154,
            "precision": 0.4538619275461381,
            "recall": 0.44155844155844154,
            "F1": 0.4298701298701299
        },
        "2": {
            "accuracy": 0.44155844155844154,
            "precision": 0.4429888951628082,
            "recall": 0.44155844155844154,
            "F1": 0.4273994298384542
        },
        "3": {
            "accuracy": 0.4675324675324675,
            "precision": 0.4673114673114673,
            "recall": 0.4675324675324675,
            "F1": 0.4484642341785199
        },
        "4": {
            "accuracy": 0.4675324675324675,
            "precision": 0.4673114673114673,
            "recall": 0.4675324675324675,
            "F1": 0.4484642341785199
        }
    },
    "Jacob\u2019s Ladder": {
        "0": {
            "accuracy": 0.5642857142857143,
            "precision": 0.6037650987224158,
            "recall": 0.5642857142857143,
            "F1": 0.5532287184573428
        },
        "1": {
            "accuracy": 0.8,
            "precision": 0.8073511904761905,
            "recall": 0.8,
            "F1": 0.8008523066991898
        },
        "2": {
            "accuracy": 0.8142857142857143,
            "precision": 0.8179693009660891,
            "recall": 0.8142857142857143,
            "F1": 0.8148316362350284
        },
        "3": {
            "accuracy": 0.8714285714285714,
            "precision": 0.8777330330125362,
            "recall": 0.8714285714285714,
            "F1": 0.8725092646699854
        },
        "4": {
            "accuracy": 0.8714285714285714,
            "precision": 0.8777330330125362,
            "recall": 0.8714285714285714,
            "F1": 0.8725092646699854
        }
    },
    "La Memoria De Nuestra Tierra (Calif. 1996)": {
        "0": {
            "accuracy": 0.373015873015873,
            "precision": 0.36871270247229326,
            "recall": 0.373015873015873,
            "F1": 0.35096108254003
        },
        "1": {
            "accuracy": 0.7777777777777778,
            "precision": 0.7902713817347964,
            "recall": 0.7777777777777778,
            "F1": 0.7772172377453074
        },
        "2": {
            "accuracy": 0.8095238095238095,
            "precision": 0.8155279503105589,
            "recall": 0.8095238095238095,
            "F1": 0.8094118525153008
        },
        "3": {
            "accuracy": 0.8174603174603174,
            "precision": 0.8361465366341585,
            "recall": 0.8174603174603174,
            "F1": 0.8172350140872439
        },
        "4": {
            "accuracy": 0.8174603174603174,
            "precision": 0.8361465366341585,
            "recall": 0.8174603174603174,
            "F1": 0.8172350140872439
        }
    },