{
    "similarity_matrix": {
        "sport": {
            "sport": 0.9987014532089233,
            "board game": 0.9984836578369141,
            "Painting": 0.9985288381576538,
            "Noble family": 0.9980297088623047,
            "Band": 0.9982789754867554
        },
        "board game": {
            "sport": 0.9984836578369141,
            "board game": 0.9987565875053406,
            "Painting": 0.9986270666122437,
            "Noble family": 0.9984411597251892,
            "Band": 0.9985184669494629
        },
        "Painting": {
            "sport": 0.9985288381576538,
            "board game": 0.9986270666122437,
            "Painting": 0.9988697171211243,
            "Noble family": 0.9985287189483643,
            "Band": 0.9985734820365906
        },
        "Noble family": {
            "sport": 0.9980297088623047,
            "board game": 0.9984411597251892,
            "Painting": 0.9985287189483643,
            "Noble family": 0.9989513158798218,
            "Band": 0.9984230995178223
        },
        "Band": {
            "sport": 0.9982789754867554,
            "board game": 0.9985184669494629,
            "Painting": 0.9985734820365906,
            "Noble family": 0.9984230995178223,
            "Band": 0.9987713098526001
        }
    },
    "classification": {
        "sport": {
            "near": [
                [
                    "Painting",
                    0.9985288381576538
                ]
            ],
            "middle": [
                [
                    "board game",
                    0.9984836578369141
                ],
                [
                    "Band",
                    0.9982789754867554
                ]
            ],
            "far": [
                [
                    "Noble family",
                    0.9980297088623047
                ]
            ]
        },
        "board game": {
            "near": [
                [
                    "Painting",
                    0.9986270666122437
                ]
            ],
            "middle": [
                [
                    "Band",
                    0.9985184669494629
                ],
                [
                    "sport",
                    0.9984836578369141
                ]
            ],
            "far": [
                [
                    "Noble family",
                    0.9984411597251892
                ]
            ]
        },
        "Painting": {
            "near": [
                [
                    "board game",
                    0.9986270666122437
                ]
            ],
            "middle": [
                [
                    "Band",
                    0.9985734820365906
                ],
                [
                    "sport",
                    0.9985288381576538
                ]
            ],
            "far": [
                [
                    "Noble family",
                    0.9985287189483643
                ]
            ]
        },
        "Noble family": {
            "near": [
                [
                    "Painting",
                    0.9985287189483643
                ]
            ],
            "middle": [
                [
                    "board game",
                    0.9984411597251892
                ],
                [
                    "Band",
                    0.9984230995178223
                ]
            ],
            "far": [
                [
                    "sport",
                    0.9980297088623047
                ]
            ]
        },
        "Band": {
            "near": [
                [
                    "Painting",
                    0.9985734820365906
                ]
            ],
            "middle": [
                [
                    "board game",
                    0.9985184669494629
                ],
                [
                    "Noble family",
                    0.9984230995178223
                ]
            ],
            "far": [
                [
                    "sport",
                    0.9982789754867554
                ]
            ]
        }
    }
}