{
    "Breakthrough": {
        "0": {
            "accuracy": 0.3333333333333333,
            "precision": 0.33902323376007587,
            "recall": 0.3333333333333333,
            "F1": 0.3286274509803922
        },
        "1": {
            "accuracy": 0.3118279569892473,
            "precision": 0.3147243107769424,
            "recall": 0.3118279569892473,
            "F1": 0.30762871683587795
        },
        "2": {
            "accuracy": 0.41935483870967744,
            "precision": 0.4216463414634146,
            "recall": 0.41935483870967744,
            "F1": 0.41203703703703703
        },
        "3": {
            "accuracy": 0.5268817204301075,
            "precision": 0.5499333999334,
            "recall": 0.5268817204301075,
            "F1": 0.522540640187699
        },
        "4": {
            "accuracy": 0.5268817204301075,
            "precision": 0.5499333999334,
            "recall": 0.5268817204301075,
            "F1": 0.522540640187699
        }
    },
    "Cups": {
        "0": {
            "accuracy": 0.2805755395683453,
            "precision": 0.27198293313401223,
            "recall": 0.2805755395683453,
            "F1": 0.2629898693034602
        },
        "1": {
            "accuracy": 0.4316546762589928,
            "precision": 0.4404063955658501,
            "recall": 0.4316546762589928,
            "F1": 0.4249939761109773
        },
        "2": {
            "accuracy": 0.5611510791366906,
            "precision": 0.5652134513587287,
            "recall": 0.5611510791366906,
            "F1": 0.5555281101779683
        },
        "3": {
            "accuracy": 0.5467625899280576,
            "precision": 0.5601700457815566,
            "recall": 0.5467625899280576,
            "F1": 0.5447696006474346
        },
        "4": {
            "accuracy": 0.5467625899280576,
            "precision": 0.5601700457815566,
            "recall": 0.5467625899280576,
            "F1": 0.5447696006474346
        }
    },
    "Empire Builder": {
        "0": {
            "accuracy": 0.29850746268656714,
            "precision": 0.3009848686412675,
            "recall": 0.29850746268656714,
            "F1": 0.29870701159850377
        },
        "1": {
            "accuracy": 0.31343283582089554,
            "precision": 0.31262502721066676,
            "recall": 0.31343283582089554,
            "F1": 0.31179230526245455
        },
        "2": {
            "accuracy": 0.3880597014925373,
            "precision": 0.4103205563093623,
            "recall": 0.3880597014925373,
            "F1": 0.37665584457832896
        },
        "3": {
            "accuracy": 0.3582089552238806,
            "precision": 0.3595814033281866,
            "recall": 0.3582089552238806,
            "F1": 0.3457030821180944
        },
        "4": {
            "accuracy": 0.3582089552238806,
            "precision": 0.3595814033281866,
            "recall": 0.3582089552238806,
            "F1": 0.3457030821180944
        }
    },
    "Eson xorgol": {
        "0": {
            "accuracy": 0.4666666666666667,
            "precision": 0.48968332781639634,
            "recall": 0.4666666666666667,
            "F1": 0.44664371772805506
        },
        "1": {
            "accuracy": 0.7333333333333333,
            "precision": 0.7694291754756871,
            "recall": 0.7333333333333333,
            "F1": 0.7355781205096273
        },
        "2": {
            "accuracy": 0.6777777777777778,
            "precision": 0.6860818713450292,
            "recall": 0.6777777777777778,
            "F1": 0.6761234637395628
        },
        "3": {
            "accuracy": 0.6777777777777778,
            "precision": 0.7201631701631702,
            "recall": 0.6777777777777778,
            "F1": 0.6795109395109395
        },
        "4": {
            "accuracy": 0.6777777777777778,
            "precision": 0.7201631701631702,
            "recall": 0.6777777777777778,
            "F1": 0.6795109395109395
        }
    },
    "Hex": {
        "0": {
            "accuracy": 0.2717391304347826,
            "precision": 0.23201499802819678,
            "recall": 0.2717391304347826,
            "F1": 0.24091166636177003
        },
        "1": {
            "accuracy": 0.2717391304347826,
            "precision": 0.24594449934123847,
            "recall": 0.2717391304347826,
            "F1": 0.24896482374218226
        },
        "2": {
            "accuracy": 0.3532608695652174,
            "precision": 0.33419199201419697,
            "recall": 0.3532608695652174,
            "F1": 0.3261816836545098
        },
        "3": {
            "accuracy": 0.391304347826087,
            "precision": 0.3930677267526524,
            "recall": 0.391304347826087,
            "F1": 0.3872193716806193
        },
        "4": {
            "accuracy": 0.391304347826087,
            "precision": 0.3930677267526524,
            "recall": 0.391304347826087,
            "F1": 0.3872193716806193
        }
    },
    "Internet Diplomacy": {
        "0": {
            "accuracy": 0.37662337662337664,
            "precision": 0.36427298192004076,
            "recall": 0.37662337662337664,
            "F1": 0.31770394108056443
        },
        "1": {
            "accuracy": 0.6883116883116883,
            "precision": 0.7015131411416241,
            "recall": 0.6883116883116883,
            "F1": 0.6847601378213624
        },
        "2": {
            "accuracy": 0.7402597402597403,
            "precision": 0.7486691936452703,
            "recall": 0.7402597402597403,
            "F1": 0.7351236334287181
        },
        "3": {
            "accuracy": 0.6883116883116883,
            "precision": 0.6888292866553736,
            "recall": 0.6883116883116883,
            "F1": 0.6864564007421151
        },
        "4": {
            "accuracy": 0.6883116883116883,
            "precision": 0.6888292866553736,
            "recall": 0.6883116883116883,
            "F1": 0.6864564007421151
        }
    },
    "Jacob\u2019s Ladder": {
        "0": {
            "accuracy": 0.5642857142857143,
            "precision": 0.6037650987224158,
            "recall": 0.5642857142857143,
            "F1": 0.5532287184573428
        },
        "1": {
            "accuracy": 0.8357142857142857,
            "precision": 0.838687975190076,
            "recall": 0.8357142857142857,
            "F1": 0.8346937364523201
        },
        "2": {
            "accuracy": 0.7285714285714285,
            "precision": 0.7360865968008826,
            "recall": 0.7285714285714285,
            "F1": 0.7266206482593036
        },
        "3": {
            "accuracy": 0.6785714285714286,
            "precision": 0.6897608041675838,
            "recall": 0.6785714285714286,
            "F1": 0.6738099713569639
        },
        "4": {
            "accuracy": 0.6785714285714286,
            "precision": 0.6897608041675838,
            "recall": 0.6785714285714286,
            "F1": 0.6738099713569639
        }
    },
    "La Memoria De Nuestra Tierra (Calif. 1996)": {
        "0": {
            "accuracy": 0.373015873015873,
            "precision": 0.36871270247229326,
            "recall": 0.373015873015873,
            "F1": 0.35096108254003
        },
        "1": {
            "accuracy": 0.8888888888888888,
            "precision": 0.8909420289855072,
            "recall": 0.8888888888888888,
            "F1": 0.888950480413895
        },
        "2": {
            "accuracy": 0.8968253968253969,
            "precision": 0.8986975986975988,
            "recall": 0.8968253968253969,
            "F1": 0.8970078452837074
        },
        "3": {
            "accuracy": 0.8968253968253969,
            "precision": 0.8977994227994228,
            "recall": 0.8968253968253969,
            "F1": 0.8969739531282357
        },
        "4": {
            "accuracy": 0.8968253968253969,
            "precision": 0.8977994227994228,
            "recall": 0.8968253968253969,