{
    "Breakthrough": {
        "0": {
            "accuracy": 0.3333333333333333,
            "precision": 0.33902323376007587,
            "recall": 0.3333333333333333,
            "F1": 0.3286274509803922
        },
        "1": {
            "accuracy": 0.44086021505376344,
            "precision": 0.45066549723799415,
            "recall": 0.44086021505376344,
            "F1": 0.43879578902137717
        },
        "2": {
            "accuracy": 0.42473118279569894,
            "precision": 0.42572242572242563,
            "recall": 0.42473118279569894,
            "F1": 0.41984868713840673
        },
        "3": {
            "accuracy": 0.5161290322580645,
            "precision": 0.5183306055646482,
            "recall": 0.5161290322580645,
            "F1": 0.5127554380850803
        },
        "4": {
            "accuracy": 0.5161290322580645,
            "precision": 0.5183306055646482,
            "recall": 0.5161290322580645,
            "F1": 0.5127554380850803
        }
    },
    "Cups": {
        "0": {
            "accuracy": 0.2805755395683453,
            "precision": 0.27198293313401223,
            "recall": 0.2805755395683453,
            "F1": 0.2629898693034602
        },
        "1": {
            "accuracy": 0.5467625899280576,
            "precision": 0.5571573510422431,
            "recall": 0.5467625899280576,
            "F1": 0.5470875666599184
        },
        "2": {
            "accuracy": 0.4244604316546763,
            "precision": 0.42842304450810514,
            "recall": 0.4244604316546763,
            "F1": 0.4213366582194887
        },
        "3": {
            "accuracy": 0.4460431654676259,
            "precision": 0.4517655521191676,
            "recall": 0.4460431654676259,
            "F1": 0.4447687501172555
        },
        "4": {
            "accuracy": 0.4460431654676259,
            "precision": 0.4517655521191676,
            "recall": 0.4460431654676259,
            "F1": 0.4447687501172555
        }
    },
    "Empire Builder": {
        "0": {
            "accuracy": 0.29850746268656714,
            "precision": 0.3009848686412675,
            "recall": 0.29850746268656714,
            "F1": 0.29870701159850377
        },
        "1": {
            "accuracy": 0.5671641791044776,
            "precision": 0.5934516606158398,
            "recall": 0.5671641791044776,
            "F1": 0.5567836363752483
        },
        "2": {
            "accuracy": 0.6268656716417911,
            "precision": 0.6421328629370965,
            "recall": 0.6268656716417911,
            "F1": 0.6266853517960902
        },
        "3": {
            "accuracy": 0.5149253731343284,
            "precision": 0.5272114383360478,
            "recall": 0.5149253731343284,
            "F1": 0.5026040812862937
        },
        "4": {
            "accuracy": 0.5149253731343284,
            "precision": 0.5272114383360478,
            "recall": 0.5149253731343284,
            "F1": 0.5026040812862937
        }
    },
    "Eson xorgol": {
        "0": {
            "accuracy": 0.4666666666666667,
            "precision": 0.48968332781639634,
            "recall": 0.4666666666666667,
            "F1": 0.44664371772805506
        },
        "1": {
            "accuracy": 0.6222222222222222,
            "precision": 0.6805166511048863,
            "recall": 0.6222222222222222,
            "F1": 0.6167695473251029
        },
        "2": {
            "accuracy": 0.5666666666666667,
            "precision": 0.584896584896585,
            "recall": 0.5666666666666667,
            "F1": 0.5674108027049204
        },
        "3": {
            "accuracy": 0.7666666666666667,
            "precision": 0.7727272727272727,
            "recall": 0.7666666666666667,
            "F1": 0.7654320987654321
        },
        "4": {
            "accuracy": 0.7666666666666667,
            "precision": 0.7727272727272727,
            "recall": 0.7666666666666667,
            "F1": 0.7654320987654321
        }
    },
    "Hex": {
        "0": {
            "accuracy": 0.2717391304347826,
            "precision": 0.23201499802819678,
            "recall": 0.2717391304347826,
            "F1": 0.24091166636177003
        },
        "1": {
            "accuracy": 0.3967391304347826,
            "precision": 0.3844324761748113,
            "recall": 0.3967391304347826,
            "F1": 0.37533394884763205
        },
        "2": {
            "accuracy": 0.33152173913043476,
            "precision": 0.30858897687671144,
            "recall": 0.33152173913043476,
            "F1": 0.30248631033221085
        },
        "3": {
            "accuracy": 0.42391304347826086,
            "precision": 0.42197564412238325,
            "recall": 0.42391304347826086,
            "F1": 0.41135637703159433
        },
        "4": {
            "accuracy": 0.42391304347826086,
            "precision": 0.42197564412238325,
            "recall": 0.42391304347826086,
            "F1": 0.41135637703159433
        }
    },
    "Internet Diplomacy": {
        "0": {
            "accuracy": 0.37662337662337664,
            "precision": 0.36427298192004076,
            "recall": 0.37662337662337664,
            "F1": 0.31770394108056443
        },
        "1": {
            "accuracy": 0.7142857142857143,
            "precision": 0.7109896682265103,
            "recall": 0.7142857142857143,
            "F1": 0.7048099072439843
        },
        "2": {
            "accuracy": 0.6753246753246753,
            "precision": 0.6955001139211666,
            "recall": 0.6753246753246753,
            "F1": 0.6624164474152031
        },
        "3": {
            "accuracy": 0.7272727272727273,
            "precision": 0.7263282172373081,
            "recall": 0.7272727272727273,
            "F1": 0.724025974025974
        },
        "4": {
            "accuracy": 0.7272727272727273,
            "precision": 0.7263282172373081,
            "recall": 0.7272727272727273,
            "F1": 0.724025974025974
        }
    },
    "Jacob\u2019s Ladder": {
        "0": {
            "accuracy": 0.5642857142857143,
            "precision": 0.6037650987224158,
            "recall": 0.5642857142857143,
            "F1": 0.5532287184573428
        },
        "1": {
            "accuracy": 0.8857142857142857,
            "precision": 0.8876275358628299,
            "recall": 0.8857142857142857,
            "F1": 0.8858935085421332
        },
        "2": {
            "accuracy": 0.7571428571428571,
            "precision": 0.769327122153209,
            "recall": 0.7571428571428571,
            "F1": 0.7598724508713385
        },
        "3": {
            "accuracy": 0.7,
            "precision": 0.7216439909297053,
            "recall": 0.7,
            "F1": 0.7012668892363364
        },
        "4": {
            "accuracy": 0.7,
            "precision": 0.7216439909297053,
            "recall": 0.7,
            "F1": 0.7012668892363364
        }
    },
    "La Memoria De Nuestra Tierra (Calif. 1996)": {
        "0": {
            "accuracy": 0.373015873015873,
            "precision": 0.36871270247229326,
            "recall": 0.373015873015873,
            "F1": 0.35096108254003
        },
        "1": {
            "accuracy": 0.7857142857142857,
            "precision": 0.7905569785269032,
            "recall": 0.7857142857142857,
            "F1": 0.785546963324741
        },
        "2": {
            "accuracy": 0.8174603174603174,
            "precision": 0.818030118030118,
            "recall": 0.8174603174603174,
            "F1": 0.8170346043909262
        },
        "3": {
            "accuracy": 0.8174603174603174,
            "precision": 0.8182900432900432,
            "recall": 0.8174603174603174,
            "F1": 0.8175728601139831
        },
        "4": {
            "accuracy": 0.8174603174603174,
            "precision": 0.8182900432900432,
            "recall": 0.8174603174603174,
            "F1": 0.8175728601139831
        }
    },