{
    "0": {
        "accuracy": 0.29850746268656714,
        "precision": 0.3009848686412675,
        "recall": 0.29850746268656714,
        "F1": 0.29870701159850377
    },
    "1": {
        "accuracy": 0.21641791044776118,
        "precision": 0.19795972617642163,
        "recall": 0.21641791044776118,
        "F1": 0.19005767729977563
    },
    "2": {
        "accuracy": 0.21641791044776118,
        "precision": 0.19795972617642163,
        "recall": 0.21641791044776118,
        "F1": 0.19005767729977563
    },
    "3": {
        "accuracy": 0.21641791044776118,
        "precision": 0.19795972617642163,
        "recall": 0.21641791044776118,
        "F1": 0.19005767729977563
    },
    "4": {
        "accuracy": 0.21641791044776118,
        "precision": 0.19795972617642163,
        "recall": 0.21641791044776118,
        "F1": 0.19005767729977563
    },
    "5": {
        "accuracy": 0.21641791044776118,
        "precision": 0.19795972617642163,
        "recall": 0.21641791044776118,
        "F1": 0.19005767729977563
    }
}