{
    "Breakthrough": {
        "0": {
            "accuracy": 0.3333333333333333,
            "precision": 0.33902323376007587,
            "recall": 0.3333333333333333,
            "F1": 0.3286274509803922
        },
        "1": {
            "accuracy": 0.3655913978494624,
            "precision": 0.3758326944373456,
            "recall": 0.3655913978494624,
            "F1": 0.35821798744925626
        },
        "2": {
            "accuracy": 0.41397849462365593,
            "precision": 0.42289190718732317,
            "recall": 0.41397849462365593,
            "F1": 0.4145834218765495
        },
        "3": {
            "accuracy": 0.41935483870967744,
            "precision": 0.4285441223319529,
            "recall": 0.41935483870967744,
            "F1": 0.4179573512906846
        },
        "4": {
            "accuracy": 0.41935483870967744,
            "precision": 0.4285441223319529,
            "recall": 0.41935483870967744,
            "F1": 0.4179573512906846
        }
    },
    "Cups": {
        "0": {
            "accuracy": 0.2805755395683453,
            "precision": 0.27198293313401223,
            "recall": 0.2805755395683453,
            "F1": 0.2629898693034602
        },
        "1": {
            "accuracy": 0.4892086330935252,
            "precision": 0.4877975636165048,
            "recall": 0.4892086330935252,
            "F1": 0.48749656454611595
        },
        "2": {
            "accuracy": 0.5467625899280576,
            "precision": 0.5469380878448973,
            "recall": 0.5467625899280576,
            "F1": 0.5460806431463614
        },
        "3": {
            "accuracy": 0.45323741007194246,
            "precision": 0.45214137185742626,
            "recall": 0.45323741007194246,
            "F1": 0.4523771639105038
        },
        "4": {
            "accuracy": 0.45323741007194246,
            "precision": 0.45214137185742626,
            "recall": 0.45323741007194246,
            "F1": 0.4523771639105038
        }
    },
    "Empire Builder": {
        "0": {
            "accuracy": 0.29850746268656714,
            "precision": 0.3009848686412675,
            "recall": 0.29850746268656714,
            "F1": 0.29870701159850377
        },
        "1": {
            "accuracy": 0.4253731343283582,
            "precision": 0.4315628545867155,
            "recall": 0.4253731343283582,
            "F1": 0.4224858360705891
        },
        "2": {
            "accuracy": 0.5671641791044776,
            "precision": 0.5779483954948097,
            "recall": 0.5671641791044776,
            "F1": 0.5632125597415426
        },
        "3": {
            "accuracy": 0.6119402985074627,
            "precision": 0.6259333980817997,
            "recall": 0.6119402985074627,
            "F1": 0.6110989847046745
        },
        "4": {
            "accuracy": 0.6119402985074627,
            "precision": 0.6259333980817997,
            "recall": 0.6119402985074627,
            "F1": 0.6110989847046745
        }
    },
    "Eson xorgol": {
        "0": {
            "accuracy": 0.4666666666666667,
            "precision": 0.48968332781639634,
            "recall": 0.4666666666666667,
            "F1": 0.44664371772805506
        },
        "1": {
            "accuracy": 0.5666666666666667,
            "precision": 0.57,
            "recall": 0.5666666666666667,
            "F1": 0.561038961038961
        },
        "2": {
            "accuracy": 0.45555555555555555,
            "precision": 0.4710163652024117,
            "recall": 0.45555555555555555,
            "F1": 0.4514011055034847
        },
        "3": {
            "accuracy": 0.4777777777777778,
            "precision": 0.4899228012131238,
            "recall": 0.4777777777777778,
            "F1": 0.47485230062564343
        },
        "4": {
            "accuracy": 0.4777777777777778,
            "precision": 0.4899228012131238,
            "recall": 0.4777777777777778,
            "F1": 0.47485230062564343
        }
    },
    "Hex": {
        "0": {
            "accuracy": 0.2717391304347826,
            "precision": 0.23201499802819678,
            "recall": 0.2717391304347826,
            "F1": 0.24091166636177003
        },
        "1": {
            "accuracy": 0.34782608695652173,
            "precision": 0.3126391574038795,
            "recall": 0.34782608695652173,
            "F1": 0.31941034717428307
        },
        "2": {
            "accuracy": 0.32608695652173914,
            "precision": 0.3127024174237086,
            "recall": 0.32608695652173914,
            "F1": 0.3134002009830306
        },
        "3": {
            "accuracy": 0.33695652173913043,
            "precision": 0.314521620701396,
            "recall": 0.33695652173913043,
            "F1": 0.31582485353068146
        },
        "4": {
            "accuracy": 0.33695652173913043,
            "precision": 0.314521620701396,
            "recall": 0.33695652173913043,
            "F1": 0.31582485353068146
        }
    },
    "Internet Diplomacy": {
        "0": {
            "accuracy": 0.37662337662337664,
            "precision": 0.36427298192004076,
            "recall": 0.37662337662337664,
            "F1": 0.31770394108056443
        },
        "1": {
            "accuracy": 0.5584415584415584,
            "precision": 0.5587212787212787,
            "recall": 0.5584415584415584,
            "F1": 0.5584415584415584
        },
        "2": {
            "accuracy": 0.5714285714285714,
            "precision": 0.57143475572047,
            "recall": 0.5714285714285714,
            "F1": 0.571008201260302
        },
        "3": {
            "accuracy": 0.4935064935064935,
            "precision": 0.5028269144648455,
            "recall": 0.4935064935064935,
            "F1": 0.4884590445871889
        },
        "4": {
            "accuracy": 0.4935064935064935,
            "precision": 0.5028269144648455,
            "recall": 0.4935064935064935,
            "F1": 0.4884590445871889
        }
    },
    "Jacob\u2019s Ladder": {
        "0": {
            "accuracy": 0.5642857142857143,
            "precision": 0.6037650987224158,
            "recall": 0.5642857142857143,
            "F1": 0.5532287184573428
        },
        "1": {
            "accuracy": 0.7,
            "precision": 0.7334581786024291,
            "recall": 0.7,
            "F1": 0.6971371395899698
        },
        "2": {
            "accuracy": 0.6285714285714286,
            "precision": 0.642606978275181,
            "recall": 0.6285714285714286,
            "F1": 0.6179228713249332
        },
        "3": {
            "accuracy": 0.7285714285714285,
            "precision": 0.7537504502714049,
            "recall": 0.7285714285714285,
            "F1": 0.7272861452273217
        },
        "4": {
            "accuracy": 0.7285714285714285,
            "precision": 0.7537504502714049,
            "recall": 0.7285714285714285,
            "F1": 0.7272861452273217
        }
    },
    "La Memoria De Nuestra Tierra (Calif. 1996)": {
        "0": {
            "accuracy": 0.373015873015873,
            "precision": 0.36871270247229326,
            "recall": 0.373015873015873,
            "F1": 0.35096108254003
        },
        "1": {
            "accuracy": 0.6825396825396826,
            "precision": 0.7083435872195563,
            "recall": 0.6825396825396826,
            "F1": 0.6801874372937581
        },
        "2": {
            "accuracy": 0.7222222222222222,
            "precision": 0.7325069562708805,
            "recall": 0.7222222222222222,
            "F1": 0.7231835244219145
        },
        "3": {
            "accuracy": 0.7698412698412699,
            "precision": 0.7715662890081494,
            "recall": 0.7698412698412699,
            "F1": 0.7701688312419427
        },
        "4": {
            "accuracy": 0.7698412698412699,
            "precision": 0.7715662890081494,
            "recall": 0.7698412698412699,