{
    "Breakthrough": {
        "0": {
            "accuracy": 0.3333333333333333,
            "precision": 0.33902323376007587,
            "recall": 0.3333333333333333,
            "F1": 0.3286274509803922
        },
        "1": {
            "accuracy": 0.3118279569892473,
            "precision": 0.3167087542087542,
            "recall": 0.3118279569892473,
            "F1": 0.3119077905924921
        },
        "2": {
            "accuracy": 0.42473118279569894,
            "precision": 0.4358178053830228,
            "recall": 0.42473118279569894,
            "F1": 0.425925925925926
        },
        "3": {
            "accuracy": 0.46236559139784944,
            "precision": 0.47902295900111697,
            "recall": 0.46236559139784944,
            "F1": 0.4615413562128396
        },
        "4": {
            "accuracy": 0.46236559139784944,
            "precision": 0.47902295900111697,
            "recall": 0.46236559139784944,
            "F1": 0.4615413562128396
        }
    },
    "Cups": {
        "0": {
            "accuracy": 0.2805755395683453,
            "precision": 0.27198293313401223,
            "recall": 0.2805755395683453,
            "F1": 0.2629898693034602
        },
        "1": {
            "accuracy": 0.5035971223021583,
            "precision": 0.5030042318397681,
            "recall": 0.5035971223021583,
            "F1": 0.5025617912207517
        },
        "2": {
            "accuracy": 0.5683453237410072,
            "precision": 0.5693808589492042,
            "recall": 0.5683453237410072,
            "F1": 0.5686820756161028
        },
        "3": {
            "accuracy": 0.5755395683453237,
            "precision": 0.5769090222327632,
            "recall": 0.5755395683453237,
            "F1": 0.5750077037668082
        },
        "4": {
            "accuracy": 0.5755395683453237,
            "precision": 0.5769090222327632,
            "recall": 0.5755395683453237,
            "F1": 0.5750077037668082
        }
    },
    "Empire Builder": {
        "0": {
            "accuracy": 0.29850746268656714,
            "precision": 0.3009848686412675,
            "recall": 0.29850746268656714,
            "F1": 0.29870701159850377
        },
        "1": {
            "accuracy": 0.5223880597014925,
            "precision": 0.5211442786069652,
            "recall": 0.5223880597014925,
            "F1": 0.5201431629261388
        },
        "2": {
            "accuracy": 0.5149253731343284,
            "precision": 0.5187554292031903,
            "recall": 0.5149253731343284,
            "F1": 0.5126789521778861
        },
        "3": {
            "accuracy": 0.5597014925373134,
            "precision": 0.5599240638910709,
            "recall": 0.5597014925373134,
            "F1": 0.5465192925419801
        },
        "4": {
            "accuracy": 0.5597014925373134,
            "precision": 0.5599240638910709,
            "recall": 0.5597014925373134,
            "F1": 0.5465192925419801
        }
    },
    "Eson xorgol": {
        "0": {
            "accuracy": 0.4666666666666667,
            "precision": 0.48968332781639634,
            "recall": 0.4666666666666667,
            "F1": 0.44664371772805506
        },
        "1": {
            "accuracy": 0.4,
            "precision": 0.40369725125822686,
            "recall": 0.4,
            "F1": 0.3948455211775499
        },
        "2": {
            "accuracy": 0.6222222222222222,
            "precision": 0.6444606139003421,
            "recall": 0.6222222222222222,
            "F1": 0.6238079931426123
        },
        "3": {
            "accuracy": 0.5,
            "precision": 0.5048568905511402,
            "recall": 0.5,
            "F1": 0.49835190756935266
        },
        "4": {
            "accuracy": 0.5,
            "precision": 0.5048568905511402,
            "recall": 0.5,
            "F1": 0.49835190756935266
        }
    },
    "Hex": {
        "0": {
            "accuracy": 0.2717391304347826,
            "precision": 0.23201499802819678,
            "recall": 0.2717391304347826,
            "F1": 0.24091166636177003
        },
        "1": {
            "accuracy": 0.375,
            "precision": 0.3631426609754484,
            "recall": 0.375,
            "F1": 0.36125107058191075
        },
        "2": {
            "accuracy": 0.3641304347826087,
            "precision": 0.35442793451105475,
            "recall": 0.3641304347826087,
            "F1": 0.3550069811994675
        },
        "3": {
            "accuracy": 0.3967391304347826,
            "precision": 0.3902165593437495,
            "recall": 0.3967391304347826,
            "F1": 0.3863577251552795
        },
        "4": {
            "accuracy": 0.3967391304347826,
            "precision": 0.3902165593437495,
            "recall": 0.3967391304347826,
            "F1": 0.3863577251552795
        }
    },
    "Internet Diplomacy": {
        "0": {
            "accuracy": 0.37662337662337664,
            "precision": 0.36427298192004076,
            "recall": 0.37662337662337664,
            "F1": 0.31770394108056443
        },
        "1": {
            "accuracy": 0.5454545454545454,
            "precision": 0.5527231777231777,
            "recall": 0.5454545454545454,
            "F1": 0.5339105339105339
        },
        "2": {
            "accuracy": 0.5064935064935064,
            "precision": 0.5054060271451576,
            "recall": 0.5064935064935064,
            "F1": 0.5050707859718256
        },
        "3": {
            "accuracy": 0.5844155844155844,
            "precision": 0.5844155844155844,
            "recall": 0.5844155844155844,
            "F1": 0.5844155844155844
        },
        "4": {
            "accuracy": 0.5844155844155844,
            "precision": 0.5844155844155844,
            "recall": 0.5844155844155844,
            "F1": 0.5844155844155844
        }
    },
    "Jacob\u2019s Ladder": {
        "0": {
            "accuracy": 0.5642857142857143,
            "precision": 0.6037650987224158,
            "recall": 0.5642857142857143,
            "F1": 0.5532287184573428
        },
        "1": {
            "accuracy": 0.7857142857142857,
            "precision": 0.7996874042472953,
            "recall": 0.7857142857142857,
            "F1": 0.7858791208791209
        },
        "2": {
            "accuracy": 0.8142857142857143,
            "precision": 0.8342175650004001,
            "recall": 0.8142857142857143,
            "F1": 0.8165612911831399
        },
        "3": {
            "accuracy": 0.7285714285714285,
            "precision": 0.7618846075015372,
            "recall": 0.7285714285714285,
            "F1": 0.730691622358289
        },
        "4": {
            "accuracy": 0.7285714285714285,
            "precision": 0.7618846075015372,
            "recall": 0.7285714285714285,
            "F1": 0.730691622358289
        }
    },
    "La Memoria De Nuestra Tierra (Calif. 1996)": {
        "0": {
            "accuracy": 0.373015873015873,
            "precision": 0.36871270247229326,
            "recall": 0.373015873015873,
            "F1": 0.35096108254003
        },
        "1": {
            "accuracy": 0.5634920634920635,
            "precision": 0.5683555152248437,
            "recall": 0.5634920634920635,
            "F1": 0.5553704918184479
        },
        "2": {
            "accuracy": 0.5873015873015873,
            "precision": 0.5928785928785929,
            "recall": 0.5873015873015873,
            "F1": 0.5820190016935044
        },
        "3": {
            "accuracy": 0.6428571428571429,
            "precision": 0.6739254154508392,
            "recall": 0.6428571428571429,
            "F1": 0.6426307180982649
        },
        "4": {
            "accuracy": 0.6428571428571429,
            "precision": 0.6739254154508392,
            "recall": 0.6428571428571429,
            "F1": 0.6426307180982649
        }
    },