{
    "Breakthrough": {
        "0": {
            "accuracy": 0.3333333333333333,
            "precision": 0.33902323376007587,
            "recall": 0.3333333333333333,
            "F1": 0.3286274509803922
        },
        "1": {
            "accuracy": 0.3172043010752688,
            "precision": 0.3185428451991062,
            "recall": 0.3172043010752688,
            "F1": 0.3138377955883578
        },
        "2": {
            "accuracy": 0.27419354838709675,
            "precision": 0.26899150232483565,
            "recall": 0.27419354838709675,
            "F1": 0.2695926371193054
        },
        "3": {
            "accuracy": 0.25806451612903225,
            "precision": 0.2611023518591512,
            "recall": 0.25806451612903225,
            "F1": 0.2547255152485538
        },
        "4": {
            "accuracy": 0.3763440860215054,
            "precision": 0.3782445370296656,
            "recall": 0.3763440860215054,
            "F1": 0.37394742345139487
        }
    },
    "Cups": {
        "0": {
            "accuracy": 0.2805755395683453,
            "precision": 0.27198293313401223,
            "recall": 0.2805755395683453,
            "F1": 0.2629898693034602
        },
        "1": {
            "accuracy": 0.41007194244604317,
            "precision": 0.40817060637204516,
            "recall": 0.41007194244604317,
            "F1": 0.38999494397690926
        },
        "2": {
            "accuracy": 0.4244604316546763,
            "precision": 0.448117435601421,
            "recall": 0.4244604316546763,
            "F1": 0.41604690273755024
        },
        "3": {
            "accuracy": 0.39568345323741005,
            "precision": 0.39901547915182917,
            "recall": 0.39568345323741005,
            "F1": 0.38735630291631923
        },
        "4": {
            "accuracy": 0.5683453237410072,
            "precision": 0.5717296198620953,
            "recall": 0.5683453237410072,
            "F1": 0.5680391484610702
        }
    },
    "Empire Builder": {
        "0": {
            "accuracy": 0.29850746268656714,
            "precision": 0.3009848686412675,
            "recall": 0.29850746268656714,
            "F1": 0.29870701159850377
        },
        "1": {
            "accuracy": 0.48507462686567165,
            "precision": 0.48631840796019893,
            "recall": 0.48507462686567165,
            "F1": 0.4775669650027949
        },
        "2": {
            "accuracy": 0.5373134328358209,
            "precision": 0.5356033684391892,
            "recall": 0.5373134328358209,
            "F1": 0.5301260540533085
        },
        "3": {
            "accuracy": 0.6716417910447762,
            "precision": 0.6889692164179105,
            "recall": 0.6716417910447762,
            "F1": 0.6640506510696843
        },
        "4": {
            "accuracy": 0.39552238805970147,
            "precision": 0.39601565771439423,
            "recall": 0.39552238805970147,
            "F1": 0.38970406075071523
        }
    },
    "Eson xorgol": {
        "0": {
            "accuracy": 0.4666666666666667,
            "precision": 0.48968332781639634,
            "recall": 0.4666666666666667,
            "F1": 0.44664371772805506
        },
        "1": {
            "accuracy": 0.36666666666666664,
            "precision": 0.3630769230769231,
            "recall": 0.36666666666666664,
            "F1": 0.36094485224920003
        },
        "2": {
            "accuracy": 0.4,
            "precision": 0.4075067750677506,
            "recall": 0.4,
            "F1": 0.3976351938793253
        },
        "3": {
            "accuracy": 0.43333333333333335,
            "precision": 0.4351851851851852,
            "recall": 0.43333333333333335,
            "F1": 0.4315375982042648
        },
        "4": {
            "accuracy": 0.35555555555555557,
            "precision": 0.31957998059692977,
            "recall": 0.35555555555555557,
            "F1": 0.3015461442427735
        }
    },
    "Hex": {
        "0": {
            "accuracy": 0.2717391304347826,
            "precision": 0.23201499802819678,
            "recall": 0.2717391304347826,
            "F1": 0.24091166636177003
        },
        "1": {
            "accuracy": 0.44021739130434784,
            "precision": 0.4425286636933113,
            "recall": 0.44021739130434784,
            "F1": 0.4324283391140852
        },
        "2": {
            "accuracy": 0.5652173913043478,
            "precision": 0.570104884568479,
            "recall": 0.5652173913043478,
            "F1": 0.56361403720717
        },
        "3": {
            "accuracy": 0.391304347826087,
            "precision": 0.3904103143233579,
            "recall": 0.391304347826087,
            "F1": 0.3839440157486614
        },
        "4": {
            "accuracy": 0.358695652173913,
            "precision": 0.3549929124390459,
            "recall": 0.358695652173913,
            "F1": 0.3490852862884285
        }
    },
    "Internet Diplomacy": {
        "0": {
            "accuracy": 0.37662337662337664,
            "precision": 0.36427298192004076,
            "recall": 0.37662337662337664,
            "F1": 0.31770394108056443
        },
        "1": {
            "accuracy": 0.2987012987012987,
            "precision": 0.26955266955266954,
            "recall": 0.2987012987012987,
            "F1": 0.27497275222249945
        },
        "2": {
            "accuracy": 0.2987012987012987,
            "precision": 0.27472686044114614,
            "recall": 0.2987012987012987,
            "F1": 0.2812334930146992
        },
        "3": {
            "accuracy": 0.36363636363636365,
            "precision": 0.3441938178780284,
            "recall": 0.36363636363636365,
            "F1": 0.34438683845798473
        },
        "4": {
            "accuracy": 0.6233766233766234,
            "precision": 0.6276269185360095,
            "recall": 0.6233766233766234,
            "F1": 0.6229128014842301
        }
    },
    "Jacob\u2019s Ladder": {
        "0": {
            "accuracy": 0.5642857142857143,
            "precision": 0.6037650987224158,
            "recall": 0.5642857142857143,
            "F1": 0.5532287184573428
        },
        "1": {
            "accuracy": 0.8571428571428571,
            "precision": 0.8774404761904762,
            "recall": 0.8571428571428571,
            "F1": 0.8598109427914042
        },
        "2": {
            "accuracy": 0.7785714285714286,
            "precision": 0.812139230692277,
            "recall": 0.7785714285714286,
            "F1": 0.7814951314951315
        },
        "3": {
            "accuracy": 0.8071428571428572,
            "precision": 0.8331577592277221,
            "recall": 0.8071428571428572,
            "F1": 0.8070213820026554
        },
        "4": {
            "accuracy": 0.7357142857142858,
            "precision": 0.7557525596445475,
            "recall": 0.7357142857142858,
            "F1": 0.73635129701999
        }
    },
    "La Memoria De Nuestra Tierra (Calif. 1996)": {
        "0": {
            "accuracy": 0.373015873015873,
            "precision": 0.36871270247229326,
            "recall": 0.373015873015873,
            "F1": 0.35096108254003
        },
        "1": {
            "accuracy": 0.5317460317460317,
            "precision": 0.544973544973545,
            "recall": 0.5317460317460317,
            "F1": 0.523015873015873
        },
        "2": {
            "accuracy": 0.5317460317460317,
            "precision": 0.5365523365523365,
            "recall": 0.5317460317460317,
            "F1": 0.5153300697225931
        },
        "3": {
            "accuracy": 0.5079365079365079,
            "precision": 0.5761961874647912,
            "recall": 0.5079365079365079,
            "F1": 0.47998537720172807
        },
        "4": {
            "accuracy": 0.6587301587301587,
            "precision": 0.6717703349282297,
            "recall": 0.6587301587301587,