{
    "Breakthrough": {
        "0": {
            "accuracy": 0.3333333333333333,
            "precision": 0.33902323376007587,
            "recall": 0.3333333333333333,
            "F1": 0.3286274509803922
        },
        "1": {
            "accuracy": 0.3172043010752688,
            "precision": 0.31651389820403897,
            "recall": 0.3172043010752688,
            "F1": 0.3136647197148919
        },
        "2": {
            "accuracy": 0.3010752688172043,
            "precision": 0.296924882629108,
            "recall": 0.3010752688172043,
            "F1": 0.2939469038992214
        },
        "3": {
            "accuracy": 0.3602150537634409,
            "precision": 0.35854700854700855,
            "recall": 0.3602150537634409,
            "F1": 0.3559860904123199
        },
        "4": {
            "accuracy": 0.3602150537634409,
            "precision": 0.35854700854700855,
            "recall": 0.3602150537634409,
            "F1": 0.3559860904123199
        }
    },
    "Cups": {
        "0": {
            "accuracy": 0.2805755395683453,
            "precision": 0.27198293313401223,
            "recall": 0.2805755395683453,
            "F1": 0.2629898693034602
        },
        "1": {
            "accuracy": 0.2949640287769784,
            "precision": 0.29504480519873416,
            "recall": 0.2949640287769784,
            "F1": 0.29304759652010315
        },
        "2": {
            "accuracy": 0.5323741007194245,
            "precision": 0.5330253212491516,
            "recall": 0.5323741007194245,
            "F1": 0.5318242693080786
        },
        "3": {
            "accuracy": 0.5179856115107914,
            "precision": 0.5198176342646813,
            "recall": 0.5179856115107914,
            "F1": 0.5165021240014288
        },
        "4": {
            "accuracy": 0.5179856115107914,
            "precision": 0.5198176342646813,
            "recall": 0.5179856115107914,
            "F1": 0.5165021240014288
        }
    },
    "Empire Builder": {
        "0": {
            "accuracy": 0.29850746268656714,
            "precision": 0.3009848686412675,
            "recall": 0.29850746268656714,
            "F1": 0.29870701159850377
        },
        "1": {
            "accuracy": 0.5,
            "precision": 0.5160427807486632,
            "recall": 0.5,
            "F1": 0.49175824175824173
        },
        "2": {
            "accuracy": 0.5447761194029851,
            "precision": 0.5634328358208955,
            "recall": 0.5447761194029851,
            "F1": 0.5353470741530443
        },
        "3": {
            "accuracy": 0.5447761194029851,
            "precision": 0.5503257019984822,
            "recall": 0.5447761194029851,
            "F1": 0.5398935150063503
        },
        "4": {
            "accuracy": 0.5447761194029851,
            "precision": 0.5503257019984822,
            "recall": 0.5447761194029851,
            "F1": 0.5398935150063503
        }
    },
    "Eson xorgol": {
        "0": {
            "accuracy": 0.4666666666666667,
            "precision": 0.48968332781639634,
            "recall": 0.4666666666666667,
            "F1": 0.44664371772805506
        },
        "1": {
            "accuracy": 0.6666666666666666,
            "precision": 0.6809346567411083,
            "recall": 0.6666666666666666,
            "F1": 0.661392254692326
        },
        "2": {
            "accuracy": 0.5111111111111111,
            "precision": 0.5270865839971531,
            "recall": 0.5111111111111111,
            "F1": 0.509937718981455
        },
        "3": {
            "accuracy": 0.4666666666666667,
            "precision": 0.4859845928924876,
            "recall": 0.4666666666666667,
            "F1": 0.4655395585068997
        },
        "4": {
            "accuracy": 0.4666666666666667,
            "precision": 0.4859845928924876,
            "recall": 0.4666666666666667,
            "F1": 0.4655395585068997
        }
    },
    "Hex": {
        "0": {
            "accuracy": 0.2717391304347826,
            "precision": 0.23201499802819678,
            "recall": 0.2717391304347826,
            "F1": 0.24091166636177003
        },
        "1": {
            "accuracy": 0.5108695652173914,
            "precision": 0.508759635221103,
            "recall": 0.5108695652173914,
            "F1": 0.5030642114010624
        },
        "2": {
            "accuracy": 0.4782608695652174,
            "precision": 0.48109933544716155,
            "recall": 0.4782608695652174,
            "F1": 0.47567177509643344
        },
        "3": {
            "accuracy": 0.375,
            "precision": 0.37253720305654847,
            "recall": 0.375,
            "F1": 0.3680332822519367
        },
        "4": {
            "accuracy": 0.375,
            "precision": 0.37253720305654847,
            "recall": 0.375,
            "F1": 0.3680332822519367
        }
    },
    "Internet Diplomacy": {
        "0": {
            "accuracy": 0.37662337662337664,
            "precision": 0.36427298192004076,
            "recall": 0.37662337662337664,
            "F1": 0.31770394108056443
        },
        "1": {
            "accuracy": 0.5584415584415584,
            "precision": 0.5655530009596995,
            "recall": 0.5584415584415584,
            "F1": 0.5516413274820962
        },
        "2": {
            "accuracy": 0.5714285714285714,
            "precision": 0.5987012987012987,
            "recall": 0.5714285714285714,
            "F1": 0.5588183536533607
        },
        "3": {
            "accuracy": 0.5844155844155844,
            "precision": 0.5935131801836607,
            "recall": 0.5844155844155844,
            "F1": 0.5722016079158936
        },
        "4": {
            "accuracy": 0.5844155844155844,
            "precision": 0.5935131801836607,
            "recall": 0.5844155844155844,
            "F1": 0.5722016079158936
        }
    },
    "Jacob\u2019s Ladder": {
        "0": {
            "accuracy": 0.5642857142857143,
            "precision": 0.6037650987224158,
            "recall": 0.5642857142857143,
            "F1": 0.5532287184573428
        },
        "1": {
            "accuracy": 0.8785714285714286,
            "precision": 0.8812425249169435,
            "recall": 0.8785714285714286,
            "F1": 0.8787896825396826
        },
        "2": {
            "accuracy": 0.7857142857142857,
            "precision": 0.8020167186371404,
            "recall": 0.7857142857142857,
            "F1": 0.7872025250928619
        },
        "3": {
            "accuracy": 0.8714285714285714,
            "precision": 0.8823071613887942,
            "recall": 0.8714285714285714,
            "F1": 0.8710544394933586
        },
        "4": {
            "accuracy": 0.8714285714285714,
            "precision": 0.8823071613887942,
            "recall": 0.8714285714285714,
            "F1": 0.8710544394933586
        }
    },
    "La Memoria De Nuestra Tierra (Calif. 1996)": {
        "0": {
            "accuracy": 0.373015873015873,
            "precision": 0.36871270247229326,
            "recall": 0.373015873015873,
            "F1": 0.35096108254003
        },
        "1": {
            "accuracy": 0.8492063492063492,
            "precision": 0.8554145235329904,
            "recall": 0.8492063492063492,
            "F1": 0.8488900657575357
        },
        "2": {
            "accuracy": 0.8333333333333334,
            "precision": 0.8481358717207773,
            "recall": 0.8333333333333334,
            "F1": 0.8342165052358257
        },
        "3": {
            "accuracy": 0.8174603174603174,
            "precision": 0.8214181286549707,
            "recall": 0.8174603174603174,
            "F1": 0.8173667570009033
        },
        "4": {
            "accuracy": 0.8174603174603174,
            "precision": 0.8214181286549707,
            "recall": 0.8174603174603174,
            "F1": 0.8173667570009033
        }
    },