{
    "Breakthrough": {
        "0": {
            "accuracy": 0.3333333333333333,
            "precision": 0.33902323376007587,
            "recall": 0.3333333333333333,
            "F1": 0.3286274509803922
        },
        "1": {
            "accuracy": 0.3548387096774194,
            "precision": 0.35235859602056785,
            "recall": 0.3548387096774194,
            "F1": 0.3501223321685693
        },
        "2": {
            "accuracy": 0.43010752688172044,
            "precision": 0.43061452256854554,
            "recall": 0.43010752688172044,
            "F1": 0.4283975659229209
        },
        "3": {
            "accuracy": 0.42473118279569894,
            "precision": 0.4292193200323881,
            "recall": 0.42473118279569894,
            "F1": 0.42121683030773943
        },
        "4": {
            "accuracy": 0.42473118279569894,
            "precision": 0.4292193200323881,
            "recall": 0.42473118279569894,
            "F1": 0.42121683030773943
        }
    },
    "Cups": {
        "0": {
            "accuracy": 0.2805755395683453,
            "precision": 0.27198293313401223,
            "recall": 0.2805755395683453,
            "F1": 0.2629898693034602
        },
        "1": {
            "accuracy": 0.4748201438848921,
            "precision": 0.47584952705562095,
            "recall": 0.4748201438848921,
            "F1": 0.47291440280661234
        },
        "2": {
            "accuracy": 0.49640287769784175,
            "precision": 0.4981427103215388,
            "recall": 0.49640287769784175,
            "F1": 0.49615542887271524
        },
        "3": {
            "accuracy": 0.5179856115107914,
            "precision": 0.5191313615774047,
            "recall": 0.5179856115107914,
            "F1": 0.5168061000236154
        },
        "4": {
            "accuracy": 0.5179856115107914,
            "precision": 0.5191313615774047,
            "recall": 0.5179856115107914,
            "F1": 0.5168061000236154
        }
    },
    "Empire Builder": {
        "0": {
            "accuracy": 0.29850746268656714,
            "precision": 0.3009848686412675,
            "recall": 0.29850746268656714,
            "F1": 0.29870701159850377
        },
        "1": {
            "accuracy": 0.6865671641791045,
            "precision": 0.7004861558112402,
            "recall": 0.6865671641791045,
            "F1": 0.6847936220425606
        },
        "2": {
            "accuracy": 0.5597014925373134,
            "precision": 0.5769100302682392,
            "recall": 0.5597014925373134,
            "F1": 0.5496950373241493
        },
        "3": {
            "accuracy": 0.6119402985074627,
            "precision": 0.6273819581338589,
            "recall": 0.6119402985074627,
            "F1": 0.6042135853068304
        },
        "4": {
            "accuracy": 0.6119402985074627,
            "precision": 0.6273819581338589,
            "recall": 0.6119402985074627,
            "F1": 0.6042135853068304
        }
    },
    "Eson xorgol": {
        "0": {
            "accuracy": 0.4666666666666667,
            "precision": 0.48968332781639634,
            "recall": 0.4666666666666667,
            "F1": 0.44664371772805506
        },
        "1": {
            "accuracy": 0.5111111111111111,
            "precision": 0.5104166666666666,
            "recall": 0.5111111111111111,
            "F1": 0.5024035420619861
        },
        "2": {
            "accuracy": 0.4666666666666667,
            "precision": 0.4722222222222222,
            "recall": 0.4666666666666667,
            "F1": 0.46031746031746035
        },
        "3": {
            "accuracy": 0.4222222222222222,
            "precision": 0.44316681022107374,
            "recall": 0.4222222222222222,
            "F1": 0.4214403588880878
        },
        "4": {
            "accuracy": 0.4222222222222222,
            "precision": 0.44316681022107374,
            "recall": 0.4222222222222222,
            "F1": 0.4214403588880878
        }
    },
    "Hex": {
        "0": {
            "accuracy": 0.2717391304347826,
            "precision": 0.23201499802819678,
            "recall": 0.2717391304347826,
            "F1": 0.24091166636177003
        },
        "1": {
            "accuracy": 0.45652173913043476,
            "precision": 0.46120711995393726,
            "recall": 0.45652173913043476,
            "F1": 0.4484182270605441
        },
        "2": {
            "accuracy": 0.28804347826086957,
            "precision": 0.2683142063576846,
            "recall": 0.28804347826086957,
            "F1": 0.27363138931461917
        },
        "3": {
            "accuracy": 0.32608695652173914,
            "precision": 0.3152824091784887,
            "recall": 0.32608695652173914,
            "F1": 0.30873687890744284
        },
        "4": {
            "accuracy": 0.32608695652173914,
            "precision": 0.3152824091784887,
            "recall": 0.32608695652173914,
            "F1": 0.30873687890744284
        }
    },
    "Internet Diplomacy": {
        "0": {
            "accuracy": 0.37662337662337664,
            "precision": 0.36427298192004076,
            "recall": 0.37662337662337664,
            "F1": 0.31770394108056443
        },
        "1": {
            "accuracy": 0.6103896103896104,
            "precision": 0.6142655409271146,
            "recall": 0.6103896103896104,
            "F1": 0.6053237542599245
        },
        "2": {
            "accuracy": 0.5844155844155844,
            "precision": 0.5934343434343434,
            "recall": 0.5844155844155844,
            "F1": 0.5734434536277854
        },
        "3": {
            "accuracy": 0.7272727272727273,
            "precision": 0.7364685004436556,
            "recall": 0.7272727272727273,
            "F1": 0.7252202359486889
        },
        "4": {
            "accuracy": 0.7272727272727273,
            "precision": 0.7364685004436556,
            "recall": 0.7272727272727273,
            "F1": 0.7252202359486889
        }
    },
    "Jacob\u2019s Ladder": {
        "0": {
            "accuracy": 0.5642857142857143,
            "precision": 0.6037650987224158,
            "recall": 0.5642857142857143,
            "F1": 0.5532287184573428
        },
        "1": {
            "accuracy": 0.75,
            "precision": 0.7902417027417027,
            "recall": 0.75,
            "F1": 0.7421876193304765
        },
        "2": {
            "accuracy": 0.6928571428571428,
            "precision": 0.7229251700680273,
            "recall": 0.6928571428571428,
            "F1": 0.6904120780922879
        },
        "3": {
            "accuracy": 0.6857142857142857,
            "precision": 0.7059907834101383,
            "recall": 0.6857142857142857,
            "F1": 0.6810744810744811
        },
        "4": {
            "accuracy": 0.6857142857142857,
            "precision": 0.7059907834101383,
            "recall": 0.6857142857142857,
            "F1": 0.6810744810744811
        }
    },
    "La Memoria De Nuestra Tierra (Calif. 1996)": {
        "0": {
            "accuracy": 0.373015873015873,
            "precision": 0.36871270247229326,
            "recall": 0.373015873015873,
            "F1": 0.35096108254003
        },
        "1": {
            "accuracy": 0.8412698412698413,
            "precision": 0.8425039872408293,
            "recall": 0.8412698412698413,
            "F1": 0.8408914728682171
        },
        "2": {
            "accuracy": 0.7380952380952381,
            "precision": 0.748917748917749,
            "recall": 0.7380952380952381,
            "F1": 0.7376958525345622
        },
        "3": {
            "accuracy": 0.8095238095238095,
            "precision": 0.8204506802721088,
            "recall": 0.8095238095238095,
            "F1": 0.8081856012890495
        },
        "4": {
            "accuracy": 0.8095238095238095,
            "precision": 0.8204506802721088,
            "recall": 0.8095238095238095,