{
    "Breakthrough": {
        "0": {
            "accuracy": 0.3333333333333333,
            "precision": 0.33902323376007587,
            "recall": 0.3333333333333333,
            "F1": 0.3286274509803922
        },
        "1": {
            "accuracy": 0.4032258064516129,
            "precision": 0.4065348043226771,
            "recall": 0.4032258064516129,
            "F1": 0.39719005412865804
        },
        "2": {
            "accuracy": 0.40860215053763443,
            "precision": 0.4118852094775947,
            "recall": 0.40860215053763443,
            "F1": 0.4061988210787573
        },
        "3": {
            "accuracy": 0.41935483870967744,
            "precision": 0.4223893514787954,
            "recall": 0.41935483870967744,
            "F1": 0.4163484836382033
        },
        "4": {
            "accuracy": 0.41935483870967744,
            "precision": 0.4223893514787954,
            "recall": 0.41935483870967744,
            "F1": 0.4163484836382033
        }
    },
    "Cups": {
        "0": {
            "accuracy": 0.2805755395683453,
            "precision": 0.27198293313401223,
            "recall": 0.2805755395683453,
            "F1": 0.2629898693034602
        },
        "1": {
            "accuracy": 0.5539568345323741,
            "precision": 0.5594529027940438,
            "recall": 0.5539568345323741,
            "F1": 0.5542047029886701
        },
        "2": {
            "accuracy": 0.49640287769784175,
            "precision": 0.5006226248237291,
            "recall": 0.49640287769784175,
            "F1": 0.4961935556062977
        },
        "3": {
            "accuracy": 0.5611510791366906,
            "precision": 0.5617910341066431,
            "recall": 0.5611510791366906,
            "F1": 0.5611555880341034
        },
        "4": {
            "accuracy": 0.5611510791366906,
            "precision": 0.5617910341066431,
            "recall": 0.5611510791366906,
            "F1": 0.5611555880341034
        }
    },
    "Empire Builder": {
        "0": {
            "accuracy": 0.29850746268656714,
            "precision": 0.3009848686412675,
            "recall": 0.29850746268656714,
            "F1": 0.29870701159850377
        },
        "1": {
            "accuracy": 0.43283582089552236,
            "precision": 0.44442105143364385,
            "recall": 0.43283582089552236,
            "F1": 0.4288013413738076
        },
        "2": {
            "accuracy": 0.44776119402985076,
            "precision": 0.4848547957884994,
            "recall": 0.44776119402985076,
            "F1": 0.4461232797053692
        },
        "3": {
            "accuracy": 0.44029850746268656,
            "precision": 0.46821344405790594,
            "recall": 0.44029850746268656,
            "F1": 0.43122994652406416
        },
        "4": {
            "accuracy": 0.44029850746268656,
            "precision": 0.46821344405790594,
            "recall": 0.44029850746268656,
            "F1": 0.43122994652406416
        }
    },
    "Eson xorgol": {
        "0": {
            "accuracy": 0.4666666666666667,
            "precision": 0.48968332781639634,
            "recall": 0.4666666666666667,
            "F1": 0.44664371772805506
        },
        "1": {
            "accuracy": 0.6333333333333333,
            "precision": 0.6425688509021842,
            "recall": 0.6333333333333333,
            "F1": 0.6309291747888239
        },
        "2": {
            "accuracy": 0.6444444444444445,
            "precision": 0.6602657004830917,
            "recall": 0.6444444444444445,
            "F1": 0.643410412824514
        },
        "3": {
            "accuracy": 0.6444444444444445,
            "precision": 0.6481481481481481,
            "recall": 0.6444444444444445,
            "F1": 0.6432748538011696
        },
        "4": {
            "accuracy": 0.6444444444444445,
            "precision": 0.6481481481481481,
            "recall": 0.6444444444444445,
            "F1": 0.6432748538011696
        }
    },
    "Hex": {
        "0": {
            "accuracy": 0.2717391304347826,
            "precision": 0.23201499802819678,
            "recall": 0.2717391304347826,
            "F1": 0.24091166636177003
        },
        "1": {
            "accuracy": 0.3967391304347826,
            "precision": 0.3929872419002854,
            "recall": 0.3967391304347826,
            "F1": 0.3863106565622283
        },
        "2": {
            "accuracy": 0.5,
            "precision": 0.49958863397656883,
            "recall": 0.5,
            "F1": 0.4907687778297846
        },
        "3": {
            "accuracy": 0.43478260869565216,
            "precision": 0.4468873517786562,
            "recall": 0.43478260869565216,
            "F1": 0.4209795180284739
        },
        "4": {
            "accuracy": 0.43478260869565216,
            "precision": 0.4468873517786562,
            "recall": 0.43478260869565216,
            "F1": 0.4209795180284739
        }
    },
    "Internet Diplomacy": {
        "0": {
            "accuracy": 0.37662337662337664,
            "precision": 0.36427298192004076,
            "recall": 0.37662337662337664,
            "F1": 0.31770394108056443
        },
        "1": {
            "accuracy": 0.38961038961038963,
            "precision": 0.38582953842694107,
            "recall": 0.38961038961038963,
            "F1": 0.3792404771892186
        },
        "2": {
            "accuracy": 0.5324675324675324,
            "precision": 0.5320769456107801,
            "recall": 0.5324675324675324,
            "F1": 0.5185693752887429
        },
        "3": {
            "accuracy": 0.4935064935064935,
            "precision": 0.49493248741369045,
            "recall": 0.4935064935064935,
            "F1": 0.48382634221263676
        },
        "4": {
            "accuracy": 0.4935064935064935,
            "precision": 0.49493248741369045,
            "recall": 0.4935064935064935,
            "F1": 0.48382634221263676
        }
    },
    "Jacob\u2019s Ladder": {
        "0": {
            "accuracy": 0.5642857142857143,
            "precision": 0.6037650987224158,
            "recall": 0.5642857142857143,
            "F1": 0.5532287184573428
        },
        "1": {
            "accuracy": 0.7642857142857142,
            "precision": 0.7946307351633147,
            "recall": 0.7642857142857142,
            "F1": 0.7655978214070438
        },
        "2": {
            "accuracy": 0.85,
            "precision": 0.8573611111111111,
            "recall": 0.85,
            "F1": 0.850472288608171
        },
        "3": {
            "accuracy": 0.75,
            "precision": 0.771476117328652,
            "recall": 0.75,
            "F1": 0.7497474470738313
        },
        "4": {
            "accuracy": 0.75,
            "precision": 0.771476117328652,
            "recall": 0.75,
            "F1": 0.7497474470738313
        }
    },
    "La Memoria De Nuestra Tierra (Calif. 1996)": {
        "0": {
            "accuracy": 0.373015873015873,
            "precision": 0.36871270247229326,
            "recall": 0.373015873015873,
            "F1": 0.35096108254003
        },
        "1": {
            "accuracy": 0.7857142857142857,
            "precision": 0.7882775119617225,
            "recall": 0.7857142857142857,
            "F1": 0.786046511627907
        },
        "2": {
            "accuracy": 0.7619047619047619,
            "precision": 0.778733031674208,
            "recall": 0.7619047619047619,
            "F1": 0.764455248135908
        },
        "3": {
            "accuracy": 0.7857142857142857,
            "precision": 0.7977882432091498,
            "recall": 0.7857142857142857,
            "F1": 0.7864998297582567
        },
        "4": {
            "accuracy": 0.7857142857142857,
            "precision": 0.7977882432091498,
            "recall": 0.7857142857142857,
            "F1": 0.7864998297582567
        }
    },