{
    "Unlock!": {
        "0": {
            "accuracy": 0.24489795918367346,
            "precision": 1.0,
            "recall": 0.24489795918367346,
            "F1": 0.39344262295081966
        },
        "1": {
            "accuracy": 0.7551020408163265,
            "precision": 1.0,
            "recall": 0.7551020408163265,
            "F1": 0.8604651162790697
        },
        "2": {
            "accuracy": 0.7959183673469388,
            "precision": 1.0,
            "recall": 0.7959183673469388,
            "F1": 0.8863636363636364
        },
        "3": {
            "accuracy": 0.7959183673469388,
            "precision": 1.0,
            "recall": 0.7959183673469388,
            "F1": 0.8863636363636364
        },
        "4": {
            "accuracy": 0.7959183673469388,
            "precision": 1.0,
            "recall": 0.7959183673469388,
            "F1": 0.8863636363636364
        },
        "5": {
            "accuracy": 0.7755102040816326,
            "precision": 1.0,
            "recall": 0.7755102040816326,
            "F1": 0.8735632183908046
        },
        "6": {
            "accuracy": 0.7346938775510204,
            "precision": 1.0,
            "recall": 0.7346938775510204,
            "F1": 0.8470588235294118
        },
        "7": {
            "accuracy": 0.7551020408163265,
            "precision": 1.0,
            "recall": 0.7551020408163265,
            "F1": 0.8604651162790697
        },
        "8": {
            "accuracy": 0.7346938775510204,
            "precision": 1.0,
            "recall": 0.7346938775510204,
            "F1": 0.8470588235294118
        },
        "9": {
            "accuracy": 0.8571428571428571,
            "precision": 1.0,
            "recall": 0.8571428571428571,
            "F1": 0.9230769230769231
        },
        "10": {
            "accuracy": 0.8571428571428571,
            "precision": 1.0,
            "recall": 0.8571428571428571,
            "F1": 0.9230769230769231
        }
    }
}