{
    "Breakthrough": {
        "0": {
            "accuracy": 0.3333333333333333,
            "precision": 0.33902323376007587,
            "recall": 0.3333333333333333,
            "F1": 0.3286274509803922
        },
        "1": {
            "accuracy": 0.40860215053763443,
            "precision": 0.42634192634192636,
            "recall": 0.40860215053763443,
            "F1": 0.4063383395499792
        },
        "2": {
            "accuracy": 0.41397849462365593,
            "precision": 0.41344947735191634,
            "recall": 0.41397849462365593,
            "F1": 0.4069799404290228
        },
        "3": {
            "accuracy": 0.3387096774193548,
            "precision": 0.3360455916985576,
            "recall": 0.3387096774193548,
            "F1": 0.33238770685579194
        },
        "4": {
            "accuracy": 0.3387096774193548,
            "precision": 0.3360455916985576,
            "recall": 0.3387096774193548,
            "F1": 0.33238770685579194
        }
    },
    "Cups": {
        "0": {
            "accuracy": 0.2805755395683453,
            "precision": 0.27198293313401223,
            "recall": 0.2805755395683453,
            "F1": 0.2629898693034602
        },
        "1": {
            "accuracy": 0.4748201438848921,
            "precision": 0.4848376760776253,
            "recall": 0.4748201438848921,
            "F1": 0.46878637069135787
        },
        "2": {
            "accuracy": 0.539568345323741,
            "precision": 0.5413193973123388,
            "recall": 0.539568345323741,
            "F1": 0.5389559979923039
        },
        "3": {
            "accuracy": 0.5035971223021583,
            "precision": 0.5066142626207781,
            "recall": 0.5035971223021583,
            "F1": 0.5041014461158346
        },
        "4": {
            "accuracy": 0.5035971223021583,
            "precision": 0.5066142626207781,
            "recall": 0.5035971223021583,
            "F1": 0.5041014461158346
        }
    },
    "Empire Builder": {
        "0": {
            "accuracy": 0.29850746268656714,
            "precision": 0.3009848686412675,
            "recall": 0.29850746268656714,
            "F1": 0.29870701159850377
        },
        "1": {
            "accuracy": 0.6194029850746269,
            "precision": 0.6316970104956171,
            "recall": 0.6194029850746269,
            "F1": 0.6164665009191699
        },
        "2": {
            "accuracy": 0.5149253731343284,
            "precision": 0.5224736846111107,
            "recall": 0.5149253731343284,
            "F1": 0.5154772003416762
        },
        "3": {
            "accuracy": 0.47761194029850745,
            "precision": 0.4853962510678928,
            "recall": 0.47761194029850745,
            "F1": 0.4668900395979287
        },
        "4": {
            "accuracy": 0.47761194029850745,
            "precision": 0.4853962510678928,
            "recall": 0.47761194029850745,
            "F1": 0.4668900395979287
        }
    },
    "Eson xorgol": {
        "0": {
            "accuracy": 0.4666666666666667,
            "precision": 0.48968332781639634,
            "recall": 0.4666666666666667,
            "F1": 0.44664371772805506
        },
        "1": {
            "accuracy": 0.6222222222222222,
            "precision": 0.639738612836439,
            "recall": 0.6222222222222222,
            "F1": 0.6255879644802347
        },
        "2": {
            "accuracy": 0.6111111111111112,
            "precision": 0.6384479717813052,
            "recall": 0.6111111111111112,
            "F1": 0.6116844398578145
        },
        "3": {
            "accuracy": 0.6222222222222222,
            "precision": 0.6410122444605203,
            "recall": 0.6222222222222222,
            "F1": 0.622599499902374
        },
        "4": {
            "accuracy": 0.6222222222222222,
            "precision": 0.6410122444605203,
            "recall": 0.6222222222222222,
            "F1": 0.622599499902374
        }
    },
    "Hex": {
        "0": {
            "accuracy": 0.2717391304347826,
            "precision": 0.23201499802819678,
            "recall": 0.2717391304347826,
            "F1": 0.24091166636177003
        },
        "1": {
            "accuracy": 0.31521739130434784,
            "precision": 0.3044234293109856,
            "recall": 0.31521739130434784,
            "F1": 0.2963627365515237
        },
        "2": {
            "accuracy": 0.33152173913043476,
            "precision": 0.3201857506434415,
            "recall": 0.33152173913043476,
            "F1": 0.3149600702844179
        },
        "3": {
            "accuracy": 0.43478260869565216,
            "precision": 0.4353432856356632,
            "recall": 0.43478260869565216,
            "F1": 0.4270475646745327
        },
        "4": {
            "accuracy": 0.43478260869565216,
            "precision": 0.4353432856356632,
            "recall": 0.43478260869565216,
            "F1": 0.4270475646745327
        }
    },
    "Internet Diplomacy": {
        "0": {
            "accuracy": 0.37662337662337664,
            "precision": 0.36427298192004076,
            "recall": 0.37662337662337664,
            "F1": 0.31770394108056443
        },
        "1": {
            "accuracy": 0.6623376623376623,
            "precision": 0.6591128266005113,
            "recall": 0.6623376623376623,
            "F1": 0.6575575295111079
        },
        "2": {
            "accuracy": 0.5844155844155844,
            "precision": 0.5843036274070756,
            "recall": 0.5844155844155844,
            "F1": 0.5833563838758644
        },
        "3": {
            "accuracy": 0.4935064935064935,
            "precision": 0.49633237133237135,
            "recall": 0.4935064935064935,
            "F1": 0.4947866919372503
        },
        "4": {
            "accuracy": 0.4935064935064935,
            "precision": 0.49633237133237135,
            "recall": 0.4935064935064935,
            "F1": 0.4947866919372503
        }
    },
    "Jacob\u2019s Ladder": {
        "0": {
            "accuracy": 0.5642857142857143,
            "precision": 0.6037650987224158,
            "recall": 0.5642857142857143,
            "F1": 0.5532287184573428
        },
        "1": {
            "accuracy": 0.6928571428571428,
            "precision": 0.7082939491586109,
            "recall": 0.6928571428571428,
            "F1": 0.693034099796374
        },
        "2": {
            "accuracy": 0.6928571428571428,
            "precision": 0.7052709359605911,
            "recall": 0.6928571428571428,
            "F1": 0.6908067542213884
        },
        "3": {
            "accuracy": 0.75,
            "precision": 0.7761267048363822,
            "recall": 0.75,
            "F1": 0.7493932597193468
        },
        "4": {
            "accuracy": 0.75,
            "precision": 0.7761267048363822,
            "recall": 0.75,
            "F1": 0.7493932597193468
        }
    },
    "La Memoria De Nuestra Tierra (Calif. 1996)": {
        "0": {
            "accuracy": 0.373015873015873,
            "precision": 0.36871270247229326,
            "recall": 0.373015873015873,
            "F1": 0.35096108254003
        },
        "1": {
            "accuracy": 0.7380952380952381,
            "precision": 0.76734706481796,
            "recall": 0.7380952380952381,
            "F1": 0.7346436149859116
        },
        "2": {
            "accuracy": 0.7936507936507936,
            "precision": 0.8125733356416026,
            "recall": 0.7936507936507936,
            "F1": 0.793918196832799
        },
        "3": {
            "accuracy": 0.8174603174603174,
            "precision": 0.8338675213675214,
            "recall": 0.8174603174603174,
            "F1": 0.8175515941473389
        },
        "4": {
            "accuracy": 0.8174603174603174,
            "precision": 0.8338675213675214,
            "recall": 0.8174603174603174,
            "F1": 0.8175515941473389
        }
    },