{
    "Breakthrough": {
        "0": {
            "accuracy": 0.3333333333333333,
            "precision": 0.33902323376007587,
            "recall": 0.3333333333333333,
            "F1": 0.3286274509803922
        },
        "1": {
            "accuracy": 0.3978494623655914,
            "precision": 0.40835948074320166,
            "recall": 0.3978494623655914,
            "F1": 0.396206572769953
        },
        "2": {
            "accuracy": 0.42473118279569894,
            "precision": 0.44121822170602665,
            "recall": 0.42473118279569894,
            "F1": 0.42387630348795396
        },
        "3": {
            "accuracy": 0.3709677419354839,
            "precision": 0.3849532896044524,
            "recall": 0.3709677419354839,
            "F1": 0.37201599800025
        },
        "4": {
            "accuracy": 0.3709677419354839,
            "precision": 0.3849532896044524,
            "recall": 0.3709677419354839,
            "F1": 0.37201599800025
        }
    },
    "Cups": {
        "0": {
            "accuracy": 0.2805755395683453,
            "precision": 0.27198293313401223,
            "recall": 0.2805755395683453,
            "F1": 0.2629898693034602
        },
        "1": {
            "accuracy": 0.5899280575539568,
            "precision": 0.5897675293417797,
            "recall": 0.5899280575539568,
            "F1": 0.589002105493824
        },
        "2": {
            "accuracy": 0.6474820143884892,
            "precision": 0.6576884389145219,
            "recall": 0.6474820143884892,
            "F1": 0.6475538214635415
        },
        "3": {
            "accuracy": 0.6474820143884892,
            "precision": 0.6465163105633812,
            "recall": 0.6474820143884892,
            "F1": 0.6459274613407274
        },
        "4": {
            "accuracy": 0.6474820143884892,
            "precision": 0.6465163105633812,
            "recall": 0.6474820143884892,
            "F1": 0.6459274613407274
        }
    },
    "Empire Builder": {
        "0": {
            "accuracy": 0.29850746268656714,
            "precision": 0.3009848686412675,
            "recall": 0.29850746268656714,
            "F1": 0.29870701159850377
        },
        "1": {
            "accuracy": 0.2537313432835821,
            "precision": 0.24238116775430205,
            "recall": 0.2537313432835821,
            "F1": 0.24153835725290382
        },
        "2": {
            "accuracy": 0.417910447761194,
            "precision": 0.4148888898441051,
            "recall": 0.417910447761194,
            "F1": 0.4119775222023245
        },
        "3": {
            "accuracy": 0.3880597014925373,
            "precision": 0.3819694630296792,
            "recall": 0.3880597014925373,
            "F1": 0.37605107710973734
        },
        "4": {
            "accuracy": 0.3880597014925373,
            "precision": 0.3819694630296792,
            "recall": 0.3880597014925373,
            "F1": 0.37605107710973734
        }
    },
    "Eson xorgol": {
        "0": {
            "accuracy": 0.4666666666666667,
            "precision": 0.48968332781639634,
            "recall": 0.4666666666666667,
            "F1": 0.44664371772805506
        },
        "1": {
            "accuracy": 0.32222222222222224,
            "precision": 0.3200956937799043,
            "recall": 0.32222222222222224,
            "F1": 0.3171945701357466
        },
        "2": {
            "accuracy": 0.4111111111111111,
            "precision": 0.42170985214463474,
            "recall": 0.4111111111111111,
            "F1": 0.40486050636994037
        },
        "3": {
            "accuracy": 0.35555555555555557,
            "precision": 0.3585978835978835,
            "recall": 0.35555555555555557,
            "F1": 0.34628903413217144
        },
        "4": {
            "accuracy": 0.35555555555555557,
            "precision": 0.3585978835978835,
            "recall": 0.35555555555555557,
            "F1": 0.34628903413217144
        }
    },
    "Hex": {
        "0": {
            "accuracy": 0.2717391304347826,
            "precision": 0.23201499802819678,
            "recall": 0.2717391304347826,
            "F1": 0.24091166636177003
        },
        "1": {
            "accuracy": 0.45652173913043476,
            "precision": 0.4581417588244205,
            "recall": 0.45652173913043476,
            "F1": 0.44969849886097635
        },
        "2": {
            "accuracy": 0.5434782608695652,
            "precision": 0.5460068407588787,
            "recall": 0.5434782608695652,
            "F1": 0.5368657058433335
        },
        "3": {
            "accuracy": 0.4891304347826087,
            "precision": 0.4961656406513247,
            "recall": 0.4891304347826087,
            "F1": 0.4846140808922832
        },
        "4": {
            "accuracy": 0.4891304347826087,
            "precision": 0.4961656406513247,
            "recall": 0.4891304347826087,
            "F1": 0.4846140808922832
        }
    },
    "Internet Diplomacy": {
        "0": {
            "accuracy": 0.37662337662337664,
            "precision": 0.36427298192004076,
            "recall": 0.37662337662337664,
            "F1": 0.31770394108056443
        },
        "1": {
            "accuracy": 0.45454545454545453,
            "precision": 0.46279602750190985,
            "recall": 0.45454545454545453,
            "F1": 0.4494655173267449
        },
        "2": {
            "accuracy": 0.4805194805194805,
            "precision": 0.48940940012368583,
            "recall": 0.4805194805194805,
            "F1": 0.47647474032096443
        },
        "3": {
            "accuracy": 0.5064935064935064,
            "precision": 0.5151988802243471,
            "recall": 0.5064935064935064,
            "F1": 0.5051340472393104
        },
        "4": {
            "accuracy": 0.5064935064935064,
            "precision": 0.5151988802243471,
            "recall": 0.5064935064935064,
            "F1": 0.5051340472393104
        }
    },
    "Jacob\u2019s Ladder": {
        "0": {
            "accuracy": 0.5642857142857143,
            "precision": 0.6037650987224158,
            "recall": 0.5642857142857143,
            "F1": 0.5532287184573428
        },
        "1": {
            "accuracy": 0.85,
            "precision": 0.8630148600320632,
            "recall": 0.85,
            "F1": 0.8496686125947087
        },
        "2": {
            "accuracy": 0.8071428571428572,
            "precision": 0.8195881261595547,
            "recall": 0.8071428571428572,
            "F1": 0.8054557798729248
        },
        "3": {
            "accuracy": 0.7428571428571429,
            "precision": 0.7691028225806451,
            "recall": 0.7428571428571429,
            "F1": 0.7418866234218692
        },
        "4": {
            "accuracy": 0.7428571428571429,
            "precision": 0.7691028225806451,
            "recall": 0.7428571428571429,
            "F1": 0.7418866234218692
        }
    },
    "La Memoria De Nuestra Tierra (Calif. 1996)": {
        "0": {
            "accuracy": 0.373015873015873,
            "precision": 0.36871270247229326,
            "recall": 0.373015873015873,
            "F1": 0.35096108254003
        },
        "1": {
            "accuracy": 0.7857142857142857,
            "precision": 0.8077602952602952,
            "recall": 0.7857142857142857,
            "F1": 0.786582688071806
        },
        "2": {
            "accuracy": 0.8809523809523809,
            "precision": 0.8969668542839274,
            "recall": 0.8809523809523809,
            "F1": 0.8813022301973853
        },
        "3": {
            "accuracy": 0.873015873015873,
            "precision": 0.8856481481481482,
            "recall": 0.873015873015873,
            "F1": 0.8734099616858237
        },
        "4": {
            "accuracy": 0.873015873015873,
            "precision": 0.8856481481481482,
            "recall": 0.873015873015873,