{
    "0": {
        "accuracy": 0.3333333333333333,
        "precision": 0.33902323376007587,
        "recall": 0.3333333333333333,
        "F1": 0.3286274509803922
    },
    "1": {
        "accuracy": 0.23118279569892472,
        "precision": 0.22842129642162126,
        "recall": 0.23118279569892472,
        "F1": 0.2269519615806649
    },
    "2": {
        "accuracy": 0.27956989247311825,
        "precision": 0.27255050505050504,
        "recall": 0.27956989247311825,
        "F1": 0.27021645021645024
    },
    "3": {
        "accuracy": 0.2903225806451613,
        "precision": 0.2888370273319503,
        "recall": 0.2903225806451613,
        "F1": 0.28593124602551157
    },
    "4": {
        "accuracy": 0.3333333333333333,
        "precision": 0.3352272727272727,
        "recall": 0.3333333333333333,
        "F1": 0.3318082881049299
    },
    "5": {
        "accuracy": 0.3333333333333333,
        "precision": 0.3352272727272727,
        "recall": 0.3333333333333333,
        "F1": 0.3318082881049299
    }
}