{
    "Breakthrough": {
        "0": {
            "accuracy": 0.3333333333333333,
            "precision": 0.33902323376007587,
            "recall": 0.3333333333333333,
            "F1": 0.3286274509803922
        },
        "1": {
            "accuracy": 0.3010752688172043,
            "precision": 0.30393374741200824,
            "recall": 0.3010752688172043,
            "F1": 0.2996632996632997
        },
        "2": {
            "accuracy": 0.42473118279569894,
            "precision": 0.43638196019148395,
            "recall": 0.42473118279569894,
            "F1": 0.4256035103492731
        },
        "3": {
            "accuracy": 0.3709677419354839,
            "precision": 0.3832332332332332,
            "recall": 0.3709677419354839,
            "F1": 0.36969563944980977
        },
        "4": {
            "accuracy": 0.3709677419354839,
            "precision": 0.3832332332332332,
            "recall": 0.3709677419354839,
            "F1": 0.36969563944980977
        }
    },
    "Cups": {
        "0": {
            "accuracy": 0.2805755395683453,
            "precision": 0.27198293313401223,
            "recall": 0.2805755395683453,
            "F1": 0.2629898693034602
        },
        "1": {
            "accuracy": 0.4460431654676259,
            "precision": 0.4465296473429098,
            "recall": 0.4460431654676259,
            "F1": 0.43438925950844504
        },
        "2": {
            "accuracy": 0.49640287769784175,
            "precision": 0.5009417214539825,
            "recall": 0.49640287769784175,
            "F1": 0.49452719128299416
        },
        "3": {
            "accuracy": 0.5107913669064749,
            "precision": 0.5104031491787702,
            "recall": 0.5107913669064749,
            "F1": 0.5073502630679418
        },
        "4": {
            "accuracy": 0.5107913669064749,
            "precision": 0.5104031491787702,
            "recall": 0.5107913669064749,
            "F1": 0.5073502630679418
        }
    },
    "Empire Builder": {
        "0": {
            "accuracy": 0.29850746268656714,
            "precision": 0.3009848686412675,
            "recall": 0.29850746268656714,
            "F1": 0.29870701159850377
        },
        "1": {
            "accuracy": 0.40298507462686567,
            "precision": 0.40884099268167157,
            "recall": 0.40298507462686567,
            "F1": 0.4011296118586275
        },
        "2": {
            "accuracy": 0.35074626865671643,
            "precision": 0.3533182211308396,
            "recall": 0.35074626865671643,
            "F1": 0.346828443594385
        },
        "3": {
            "accuracy": 0.43283582089552236,
            "precision": 0.4375334802454523,
            "recall": 0.43283582089552236,
            "F1": 0.4304968230990295
        },
        "4": {
            "accuracy": 0.43283582089552236,
            "precision": 0.4375334802454523,
            "recall": 0.43283582089552236,
            "F1": 0.4304968230990295
        }
    },
    "Eson xorgol": {
        "0": {
            "accuracy": 0.4666666666666667,
            "precision": 0.48968332781639634,
            "recall": 0.4666666666666667,
            "F1": 0.44664371772805506
        },
        "1": {
            "accuracy": 0.6555555555555556,
            "precision": 0.6563620071684587,
            "recall": 0.6555555555555556,
            "F1": 0.6550882759516453
        },
        "2": {
            "accuracy": 0.6444444444444445,
            "precision": 0.6452732974910395,
            "recall": 0.6444444444444445,
            "F1": 0.6439830406264206
        },
        "3": {
            "accuracy": 0.6,
            "precision": 0.6151260504201681,
            "recall": 0.6,
            "F1": 0.5992835595776772
        },
        "4": {
            "accuracy": 0.6,
            "precision": 0.6151260504201681,
            "recall": 0.6,
            "F1": 0.5992835595776772
        }
    },
    "Hex": {
        "0": {
            "accuracy": 0.2717391304347826,
            "precision": 0.23201499802819678,
            "recall": 0.2717391304347826,
            "F1": 0.24091166636177003
        },
        "1": {
            "accuracy": 0.3695652173913043,
            "precision": 0.37035122951947147,
            "recall": 0.3695652173913043,
            "F1": 0.3615384615384616
        },
        "2": {
            "accuracy": 0.358695652173913,
            "precision": 0.35034551675198466,
            "recall": 0.358695652173913,
            "F1": 0.34367825048049455
        },
        "3": {
            "accuracy": 0.358695652173913,
            "precision": 0.34460124104614365,
            "recall": 0.358695652173913,
            "F1": 0.33531456958369416
        },
        "4": {
            "accuracy": 0.358695652173913,
            "precision": 0.34460124104614365,
            "recall": 0.358695652173913,
            "F1": 0.33531456958369416
        }
    },
    "Internet Diplomacy": {
        "0": {
            "accuracy": 0.37662337662337664,
            "precision": 0.36427298192004076,
            "recall": 0.37662337662337664,
            "F1": 0.31770394108056443
        },
        "1": {
            "accuracy": 0.45454545454545453,
            "precision": 0.4692874692874693,
            "recall": 0.45454545454545453,
            "F1": 0.4478121571209129
        },
        "2": {
            "accuracy": 0.5844155844155844,
            "precision": 0.5991179300002829,
            "recall": 0.5844155844155844,
            "F1": 0.5768041482327196
        },
        "3": {
            "accuracy": 0.5064935064935064,
            "precision": 0.532051532051532,
            "recall": 0.5064935064935064,
            "F1": 0.4949635473068218
        },
        "4": {
            "accuracy": 0.5064935064935064,
            "precision": 0.532051532051532,
            "recall": 0.5064935064935064,
            "F1": 0.4949635473068218
        }
    },
    "Jacob\u2019s Ladder": {
        "0": {
            "accuracy": 0.5642857142857143,
            "precision": 0.6037650987224158,
            "recall": 0.5642857142857143,
            "F1": 0.5532287184573428
        },
        "1": {
            "accuracy": 0.8714285714285714,
            "precision": 0.8751204140192662,
            "recall": 0.8714285714285714,
            "F1": 0.871307188252477
        },
        "2": {
            "accuracy": 0.85,
            "precision": 0.850987554112554,
            "recall": 0.85,
            "F1": 0.8500203396028064
        },
        "3": {
            "accuracy": 0.8071428571428572,
            "precision": 0.8101190476190476,
            "recall": 0.8071428571428572,
            "F1": 0.8071185368938179
        },
        "4": {
            "accuracy": 0.8071428571428572,
            "precision": 0.8101190476190476,
            "recall": 0.8071428571428572,
            "F1": 0.8071185368938179
        }
    },
    "La Memoria De Nuestra Tierra (Calif. 1996)": {
        "0": {
            "accuracy": 0.373015873015873,
            "precision": 0.36871270247229326,
            "recall": 0.373015873015873,
            "F1": 0.35096108254003
        },
        "1": {
            "accuracy": 0.7619047619047619,
            "precision": 0.7648832225491263,
            "recall": 0.7619047619047619,
            "F1": 0.7622655122655123
        },
        "2": {
            "accuracy": 0.7936507936507936,
            "precision": 0.8012886478468456,
            "recall": 0.7936507936507936,
            "F1": 0.7933572145525898
        },
        "3": {
            "accuracy": 0.7301587301587301,
            "precision": 0.7584126984126984,
            "recall": 0.7301587301587301,
            "F1": 0.7310328962502876
        },
        "4": {
            "accuracy": 0.7301587301587301,
            "precision": 0.7584126984126984,
            "recall": 0.7301587301587301,
            "F1": 0.7310328962502876
        }
    },