{
    "Breakthrough": {
        "0": {
            "accuracy": 0.3333333333333333,
            "precision": 0.33902323376007587,
            "recall": 0.3333333333333333,
            "F1": 0.3286274509803922
        },
        "1": {
            "accuracy": 0.44086021505376344,
            "precision": 0.4652882205513785,
            "recall": 0.44086021505376344,
            "F1": 0.4434240099201736
        },
        "2": {
            "accuracy": 0.46236559139784944,
            "precision": 0.4707321945859555,
            "recall": 0.46236559139784944,
            "F1": 0.4626025190003944
        },
        "3": {
            "accuracy": 0.45161290322580644,
            "precision": 0.4542036910457963,
            "recall": 0.45161290322580644,
            "F1": 0.4495701095028444
        },
        "4": {
            "accuracy": 0.45161290322580644,
            "precision": 0.4542036910457963,
            "recall": 0.45161290322580644,
            "F1": 0.4495701095028444
        }
    },
    "Cups": {
        "0": {
            "accuracy": 0.2805755395683453,
            "precision": 0.27198293313401223,
            "recall": 0.2805755395683453,
            "F1": 0.2629898693034602
        },
        "1": {
            "accuracy": 0.5539568345323741,
            "precision": 0.5546514008305551,
            "recall": 0.5539568345323741,
            "F1": 0.5534649059537797
        },
        "2": {
            "accuracy": 0.48201438848920863,
            "precision": 0.4834250246861334,
            "recall": 0.48201438848920863,
            "F1": 0.4821278413261969
        },
        "3": {
            "accuracy": 0.5035971223021583,
            "precision": 0.5014218485576737,
            "recall": 0.5035971223021583,
            "F1": 0.5005762717235643
        },
        "4": {
            "accuracy": 0.5035971223021583,
            "precision": 0.5014218485576737,
            "recall": 0.5035971223021583,
            "F1": 0.5005762717235643
        }
    },
    "Empire Builder": {
        "0": {
            "accuracy": 0.29850746268656714,
            "precision": 0.3009848686412675,
            "recall": 0.29850746268656714,
            "F1": 0.29870701159850377
        },
        "1": {
            "accuracy": 0.43283582089552236,
            "precision": 0.43612325942610003,
            "recall": 0.43283582089552236,
            "F1": 0.4228684038843766
        },
        "2": {
            "accuracy": 0.5223880597014925,
            "precision": 0.5332866915422886,
            "recall": 0.5223880597014925,
            "F1": 0.506114700144551
        },
        "3": {
            "accuracy": 0.5522388059701493,
            "precision": 0.5736940298507462,
            "recall": 0.5522388059701493,
            "F1": 0.5403589340745665
        },
        "4": {
            "accuracy": 0.5522388059701493,
            "precision": 0.5736940298507462,
            "recall": 0.5522388059701493,
            "F1": 0.5403589340745665
        }
    },
    "Eson xorgol": {
        "0": {
            "accuracy": 0.4666666666666667,
            "precision": 0.48968332781639634,
            "recall": 0.4666666666666667,
            "F1": 0.44664371772805506
        },
        "1": {
            "accuracy": 0.9111111111111111,
            "precision": 0.9117785193424792,
            "recall": 0.9111111111111111,
            "F1": 0.9112778240869378
        },
        "2": {
            "accuracy": 0.9,
            "precision": 0.9003089852923001,
            "recall": 0.9,
            "F1": 0.8999845636133494
        },
        "3": {
            "accuracy": 0.8111111111111111,
            "precision": 0.8258771592104925,
            "recall": 0.8111111111111111,
            "F1": 0.8134266013291936
        },
        "4": {
            "accuracy": 0.8111111111111111,
            "precision": 0.8258771592104925,
            "recall": 0.8111111111111111,
            "F1": 0.8134266013291936
        }
    },
    "Hex": {
        "0": {
            "accuracy": 0.2717391304347826,
            "precision": 0.23201499802819678,
            "recall": 0.2717391304347826,
            "F1": 0.24091166636177003
        },
        "1": {
            "accuracy": 0.40217391304347827,
            "precision": 0.4019869652964413,
            "recall": 0.40217391304347827,
            "F1": 0.40008554423561393
        },
        "2": {
            "accuracy": 0.3695652173913043,
            "precision": 0.3666589248110988,
            "recall": 0.3695652173913043,
            "F1": 0.3675378184059696
        },
        "3": {
            "accuracy": 0.391304347826087,
            "precision": 0.388024992605738,
            "recall": 0.391304347826087,
            "F1": 0.38682688166305207
        },
        "4": {
            "accuracy": 0.391304347826087,
            "precision": 0.388024992605738,
            "recall": 0.391304347826087,
            "F1": 0.38682688166305207
        }
    },
    "Internet Diplomacy": {
        "0": {
            "accuracy": 0.37662337662337664,
            "precision": 0.36427298192004076,
            "recall": 0.37662337662337664,
            "F1": 0.31770394108056443
        },
        "1": {
            "accuracy": 0.5714285714285714,
            "precision": 0.5749325103392089,
            "recall": 0.5714285714285714,
            "F1": 0.5625336609550748
        },
        "2": {
            "accuracy": 0.5714285714285714,
            "precision": 0.6037414965986395,
            "recall": 0.5714285714285714,
            "F1": 0.562152133580705
        },
        "3": {
            "accuracy": 0.5844155844155844,
            "precision": 0.5855699855699855,
            "recall": 0.5844155844155844,
            "F1": 0.5680435118659829
        },
        "4": {
            "accuracy": 0.5844155844155844,
            "precision": 0.5855699855699855,
            "recall": 0.5844155844155844,
            "F1": 0.5680435118659829
        }
    },
    "Jacob\u2019s Ladder": {
        "0": {
            "accuracy": 0.5642857142857143,
            "precision": 0.6037650987224158,
            "recall": 0.5642857142857143,
            "F1": 0.5532287184573428
        },
        "1": {
            "accuracy": 0.5857142857142857,
            "precision": 0.6095583951044267,
            "recall": 0.5857142857142857,
            "F1": 0.5862874729590488
        },
        "2": {
            "accuracy": 0.65,
            "precision": 0.6783857907796788,
            "recall": 0.65,
            "F1": 0.6513778562322252
        },
        "3": {
            "accuracy": 0.7571428571428571,
            "precision": 0.7662202111613877,
            "recall": 0.7571428571428571,
            "F1": 0.7585243067326598
        },
        "4": {
            "accuracy": 0.7571428571428571,
            "precision": 0.7662202111613877,
            "recall": 0.7571428571428571,
            "F1": 0.7585243067326598
        }
    },
    "La Memoria De Nuestra Tierra (Calif. 1996)": {
        "0": {
            "accuracy": 0.373015873015873,
            "precision": 0.36871270247229326,
            "recall": 0.373015873015873,
            "F1": 0.35096108254003
        },
        "1": {
            "accuracy": 0.6111111111111112,
            "precision": 0.6315496098104794,
            "recall": 0.6111111111111112,
            "F1": 0.6102192134107027
        },
        "2": {
            "accuracy": 0.6825396825396826,
            "precision": 0.7071895424836602,
            "recall": 0.6825396825396826,
            "F1": 0.6856795616528654
        },
        "3": {
            "accuracy": 0.6190476190476191,
            "precision": 0.6464433441326896,
            "recall": 0.6190476190476191,
            "F1": 0.6190812311294239
        },
        "4": {
            "accuracy": 0.6190476190476191,
            "precision": 0.6464433441326896,
            "recall": 0.6190476190476191,
            "F1": 0.6190812311294239
        }
    },