{
    "Breakthrough": {
        "0": {
            "accuracy": 0.3333333333333333,
            "precision": 0.33902323376007587,
            "recall": 0.3333333333333333,
            "F1": 0.3286274509803922
        },
        "1": {
            "accuracy": 0.46774193548387094,
            "precision": 0.4817452589604488,
            "recall": 0.46774193548387094,
            "F1": 0.4663124147124817
        },
        "2": {
            "accuracy": 0.40860215053763443,
            "precision": 0.413988774821938,
            "recall": 0.40860215053763443,
            "F1": 0.40423206453844657
        },
        "3": {
            "accuracy": 0.44086021505376344,
            "precision": 0.4564980158730159,
            "recall": 0.44086021505376344,
            "F1": 0.4405277820770779
        },
        "4": {
            "accuracy": 0.44086021505376344,
            "precision": 0.4564980158730159,
            "recall": 0.44086021505376344,
            "F1": 0.4405277820770779
        }
    },
    "Cups": {
        "0": {
            "accuracy": 0.2805755395683453,
            "precision": 0.27198293313401223,
            "recall": 0.2805755395683453,
            "F1": 0.2629898693034602
        },
        "1": {
            "accuracy": 0.5611510791366906,
            "precision": 0.5614393100903893,
            "recall": 0.5611510791366906,
            "F1": 0.5593672228452152
        },
        "2": {
            "accuracy": 0.4748201438848921,
            "precision": 0.4774317904167232,
            "recall": 0.4748201438848921,
            "F1": 0.4730584313037375
        },
        "3": {
            "accuracy": 0.60431654676259,
            "precision": 0.6078386530896862,
            "recall": 0.60431654676259,
            "F1": 0.6015849470095843
        },
        "4": {
            "accuracy": 0.60431654676259,
            "precision": 0.6078386530896862,
            "recall": 0.60431654676259,
            "F1": 0.6015849470095843
        }
    },
    "Empire Builder": {
        "0": {
            "accuracy": 0.29850746268656714,
            "precision": 0.3009848686412675,
            "recall": 0.29850746268656714,
            "F1": 0.29870701159850377
        },
        "1": {
            "accuracy": 0.4552238805970149,
            "precision": 0.4566902587613417,
            "recall": 0.4552238805970149,
            "F1": 0.4473420427032584
        },
        "2": {
            "accuracy": 0.43283582089552236,
            "precision": 0.44498859867330015,
            "recall": 0.43283582089552236,
            "F1": 0.419926342314402
        },
        "3": {
            "accuracy": 0.4253731343283582,
            "precision": 0.4350032923617208,
            "recall": 0.4253731343283582,
            "F1": 0.42050646906116396
        },
        "4": {
            "accuracy": 0.4253731343283582,
            "precision": 0.4350032923617208,
            "recall": 0.4253731343283582,
            "F1": 0.42050646906116396
        }
    },
    "Eson xorgol": {
        "0": {
            "accuracy": 0.4666666666666667,
            "precision": 0.48968332781639634,
            "recall": 0.4666666666666667,
            "F1": 0.44664371772805506
        },
        "1": {
            "accuracy": 0.3111111111111111,
            "precision": 0.2966570466570467,
            "recall": 0.3111111111111111,
            "F1": 0.3009648303765951
        },
        "2": {
            "accuracy": 0.3,
            "precision": 0.2972222222222222,
            "recall": 0.3,
            "F1": 0.29652076318742987
        },
        "3": {
            "accuracy": 0.3,
            "precision": 0.29831932773109243,
            "recall": 0.3,
            "F1": 0.29849137931034486
        },
        "4": {
            "accuracy": 0.3,
            "precision": 0.29831932773109243,
            "recall": 0.3,
            "F1": 0.29849137931034486
        }
    },
    "Hex": {
        "0": {
            "accuracy": 0.2717391304347826,
            "precision": 0.23201499802819678,
            "recall": 0.2717391304347826,
            "F1": 0.24091166636177003
        },
        "1": {
            "accuracy": 0.29891304347826086,
            "precision": 0.28529005278209335,
            "recall": 0.29891304347826086,
            "F1": 0.28777034559643255
        },
        "2": {
            "accuracy": 0.32065217391304346,
            "precision": 0.3174980990366061,
            "recall": 0.32065217391304346,
            "F1": 0.3109044777331223
        },
        "3": {
            "accuracy": 0.483695652173913,
            "precision": 0.4819976089653558,
            "recall": 0.483695652173913,
            "F1": 0.4775128529888963
        },
        "4": {
            "accuracy": 0.483695652173913,
            "precision": 0.4819976089653558,
            "recall": 0.483695652173913,
            "F1": 0.4775128529888963
        }
    },
    "Internet Diplomacy": {
        "0": {
            "accuracy": 0.37662337662337664,
            "precision": 0.36427298192004076,
            "recall": 0.37662337662337664,
            "F1": 0.31770394108056443
        },
        "1": {
            "accuracy": 0.6623376623376623,
            "precision": 0.6640383426097711,
            "recall": 0.6623376623376623,
            "F1": 0.6625108225108225
        },
        "2": {
            "accuracy": 0.4935064935064935,
            "precision": 0.4978616985781017,
            "recall": 0.4935064935064935,
            "F1": 0.49131641720256114
        },
        "3": {
            "accuracy": 0.6493506493506493,
            "precision": 0.6597786450003198,
            "recall": 0.6493506493506493,
            "F1": 0.649266997093084
        },
        "4": {
            "accuracy": 0.6493506493506493,
            "precision": 0.6597786450003198,
            "recall": 0.6493506493506493,
            "F1": 0.649266997093084
        }
    },
    "Jacob\u2019s Ladder": {
        "0": {
            "accuracy": 0.5642857142857143,
            "precision": 0.6037650987224158,
            "recall": 0.5642857142857143,
            "F1": 0.5532287184573428
        },
        "1": {
            "accuracy": 0.5214285714285715,
            "precision": 0.5592017483321832,
            "recall": 0.5214285714285715,
            "F1": 0.5149499072356215
        },
        "2": {
            "accuracy": 0.5357142857142857,
            "precision": 0.5448877816802346,
            "recall": 0.5357142857142857,
            "F1": 0.5331965339391082
        },
        "3": {
            "accuracy": 0.5071428571428571,
            "precision": 0.5328095238095238,
            "recall": 0.5071428571428571,
            "F1": 0.5079091331321303
        },
        "4": {
            "accuracy": 0.5071428571428571,
            "precision": 0.5328095238095238,
            "recall": 0.5071428571428571,
            "F1": 0.5079091331321303
        }
    },
    "La Memoria De Nuestra Tierra (Calif. 1996)": {
        "0": {
            "accuracy": 0.373015873015873,
            "precision": 0.36871270247229326,
            "recall": 0.373015873015873,
            "F1": 0.35096108254003
        },
        "1": {
            "accuracy": 0.7936507936507936,
            "precision": 0.7996365267706732,
            "recall": 0.7936507936507936,
            "F1": 0.7943616943159415
        },
        "2": {
            "accuracy": 0.8333333333333334,
            "precision": 0.8369853550704615,
            "recall": 0.8333333333333334,
            "F1": 0.831850929316307
        },
        "3": {
            "accuracy": 0.8253968253968254,
            "precision": 0.8272164986017362,
            "recall": 0.8253968253968254,
            "F1": 0.8245876486382814
        },
        "4": {
            "accuracy": 0.8253968253968254,
            "precision": 0.8272164986017362,
            "recall": 0.8253968253968254,
            "F1": 0.8245876486382814
        }
    },