{
    "Breakthrough": {
        "0": {
            "accuracy": 0.3333333333333333,
            "precision": 0.33902323376007587,
            "recall": 0.3333333333333333,
            "F1": 0.3286274509803922
        },
        "1": {
            "accuracy": 0.3279569892473118,
            "precision": 0.3303804855275444,
            "recall": 0.3279569892473118,
            "F1": 0.3268065268065268
        },
        "2": {
            "accuracy": 0.3010752688172043,
            "precision": 0.30305250305250303,
            "recall": 0.3010752688172043,
            "F1": 0.3006449415062055
        },
        "3": {
            "accuracy": 0.41397849462365593,
            "precision": 0.4190836940836941,
            "recall": 0.41397849462365593,
            "F1": 0.41130246670487375
        },
        "4": {
            "accuracy": 0.41397849462365593,
            "precision": 0.4190836940836941,
            "recall": 0.41397849462365593,
            "F1": 0.41130246670487375
        }
    },
    "Cups": {
        "0": {
            "accuracy": 0.2805755395683453,
            "precision": 0.27198293313401223,
            "recall": 0.2805755395683453,
            "F1": 0.2629898693034602
        },
        "1": {
            "accuracy": 0.39568345323741005,
            "precision": 0.3890271241653294,
            "recall": 0.39568345323741005,
            "F1": 0.38427251864576595
        },
        "2": {
            "accuracy": 0.5107913669064749,
            "precision": 0.5175213839623488,
            "recall": 0.5107913669064749,
            "F1": 0.5079399162045708
        },
        "3": {
            "accuracy": 0.4676258992805755,
            "precision": 0.47870277548453044,
            "recall": 0.4676258992805755,
            "F1": 0.46268724322067184
        },
        "4": {
            "accuracy": 0.4676258992805755,
            "precision": 0.47870277548453044,
            "recall": 0.4676258992805755,
            "F1": 0.46268724322067184
        }
    },
    "Empire Builder": {
        "0": {
            "accuracy": 0.29850746268656714,
            "precision": 0.3009848686412675,
            "recall": 0.29850746268656714,
            "F1": 0.29870701159850377
        },
        "1": {
            "accuracy": 0.5970149253731343,
            "precision": 0.6148567144890884,
            "recall": 0.5970149253731343,
            "F1": 0.5946609868332147
        },
        "2": {
            "accuracy": 0.582089552238806,
            "precision": 0.6001312120715107,
            "recall": 0.582089552238806,
            "F1": 0.5824278333606692
        },
        "3": {
            "accuracy": 0.6044776119402985,
            "precision": 0.6241177001891715,
            "recall": 0.6044776119402985,
            "F1": 0.6066366469266465
        },
        "4": {
            "accuracy": 0.6044776119402985,
            "precision": 0.6241177001891715,
            "recall": 0.6044776119402985,
            "F1": 0.6066366469266465
        }
    },
    "Eson xorgol": {
        "0": {
            "accuracy": 0.4666666666666667,
            "precision": 0.48968332781639634,
            "recall": 0.4666666666666667,
            "F1": 0.44664371772805506
        },
        "1": {
            "accuracy": 0.4444444444444444,
            "precision": 0.4561682573347473,
            "recall": 0.4444444444444444,
            "F1": 0.44336142642015614
        },
        "2": {
            "accuracy": 0.5777777777777777,
            "precision": 0.5793650793650793,
            "recall": 0.5777777777777777,
            "F1": 0.5758352758352758
        },
        "3": {
            "accuracy": 0.6,
            "precision": 0.6142018109144303,
            "recall": 0.6,
            "F1": 0.5976329676170229
        },
        "4": {
            "accuracy": 0.6,
            "precision": 0.6142018109144303,
            "recall": 0.6,
            "F1": 0.5976329676170229
        }
    },
    "Hex": {
        "0": {
            "accuracy": 0.2717391304347826,
            "precision": 0.23201499802819678,
            "recall": 0.2717391304347826,
            "F1": 0.24091166636177003
        },
        "1": {
            "accuracy": 0.3804347826086957,
            "precision": 0.3769872639437857,
            "recall": 0.3804347826086957,
            "F1": 0.3676481781261537
        },
        "2": {
            "accuracy": 0.33695652173913043,
            "precision": 0.32446946169772256,
            "recall": 0.33695652173913043,
            "F1": 0.3188998049052397
        },
        "3": {
            "accuracy": 0.32065217391304346,
            "precision": 0.3300262723863317,
            "recall": 0.32065217391304346,
            "F1": 0.31304794252997575
        },
        "4": {
            "accuracy": 0.32065217391304346,
            "precision": 0.3300262723863317,
            "recall": 0.32065217391304346,
            "F1": 0.31304794252997575
        }
    },
    "Internet Diplomacy": {
        "0": {
            "accuracy": 0.37662337662337664,
            "precision": 0.36427298192004076,
            "recall": 0.37662337662337664,
            "F1": 0.31770394108056443
        },
        "1": {
            "accuracy": 0.6883116883116883,
            "precision": 0.7005772005772005,
            "recall": 0.6883116883116883,
            "F1": 0.682564442344813
        },
        "2": {
            "accuracy": 0.7402597402597403,
            "precision": 0.740586637214203,
            "recall": 0.7402597402597403,
            "F1": 0.7369813314718131
        },
        "3": {
            "accuracy": 0.7272727272727273,
            "precision": 0.7260210803689064,
            "recall": 0.7272727272727273,
            "F1": 0.7243572753776835
        },
        "4": {
            "accuracy": 0.7272727272727273,
            "precision": 0.7260210803689064,
            "recall": 0.7272727272727273,
            "F1": 0.7243572753776835
        }
    },
    "Jacob\u2019s Ladder": {
        "0": {
            "accuracy": 0.5642857142857143,
            "precision": 0.6037650987224158,
            "recall": 0.5642857142857143,
            "F1": 0.5532287184573428
        },
        "1": {
            "accuracy": 0.6,
            "precision": 0.6085021581732107,
            "recall": 0.6,
            "F1": 0.6009001350698274
        },
        "2": {
            "accuracy": 0.6357142857142857,
            "precision": 0.6540779294193653,
            "recall": 0.6357142857142857,
            "F1": 0.6284751163968307
        },
        "3": {
            "accuracy": 0.6285714285714286,
            "precision": 0.6618992368080727,
            "recall": 0.6285714285714286,
            "F1": 0.6163186335484326
        },
        "4": {
            "accuracy": 0.6285714285714286,
            "precision": 0.6618992368080727,
            "recall": 0.6285714285714286,
            "F1": 0.6163186335484326
        }
    },
    "La Memoria De Nuestra Tierra (Calif. 1996)": {
        "0": {
            "accuracy": 0.373015873015873,
            "precision": 0.36871270247229326,
            "recall": 0.373015873015873,
            "F1": 0.35096108254003
        },
        "1": {
            "accuracy": 0.5952380952380952,
            "precision": 0.6126506784781109,
            "recall": 0.5952380952380952,
            "F1": 0.5961608993049825
        },
        "2": {
            "accuracy": 0.6349206349206349,
            "precision": 0.651102114260009,
            "recall": 0.6349206349206349,
            "F1": 0.631687242798354
        },
        "3": {
            "accuracy": 0.746031746031746,
            "precision": 0.7656657462801043,
            "recall": 0.746031746031746,
            "F1": 0.7478768559301218
        },
        "4": {
            "accuracy": 0.746031746031746,
            "precision": 0.7656657462801043,
            "recall": 0.746031746031746,
            "F1": 0.7478768559301218
        }
    },