{
    "Unlock!": {
        "0": {
            "accuracy": 0.24489795918367346,
            "precision": 1.0,
            "recall": 0.24489795918367346,
            "F1": 0.39344262295081966
        },
        "1": {
            "accuracy": 0.8163265306122449,
            "precision": 1.0,
            "recall": 0.8163265306122449,
            "F1": 0.898876404494382
        },
        "2": {
            "accuracy": 0.8367346938775511,
            "precision": 1.0,
            "recall": 0.8367346938775511,
            "F1": 0.9111111111111111
        },
        "3": {
            "accuracy": 0.8163265306122449,
            "precision": 1.0,
            "recall": 0.8163265306122449,
            "F1": 0.898876404494382
        },
        "4": {
            "accuracy": 0.7346938775510204,
            "precision": 1.0,
            "recall": 0.7346938775510204,
            "F1": 0.8470588235294118
        },
        "5": {
            "accuracy": 0.7346938775510204,
            "precision": 1.0,
            "recall": 0.7346938775510204,
            "F1": 0.8470588235294118
        },
        "6": {
            "accuracy": 0.7346938775510204,
            "precision": 1.0,
            "recall": 0.7346938775510204,
            "F1": 0.8470588235294118
        },
        "7": {
            "accuracy": 0.7142857142857143,
            "precision": 1.0,
            "recall": 0.7142857142857143,
            "F1": 0.8333333333333334
        },
        "8": {
            "accuracy": 0.7142857142857143,
            "precision": 1.0,
            "recall": 0.7142857142857143,
            "F1": 0.8333333333333334
        },
        "9": {
            "accuracy": 0.7346938775510204,
            "precision": 1.0,
            "recall": 0.7346938775510204,
            "F1": 0.8470588235294118
        },
        "10": {
            "accuracy": 0.7346938775510204,
            "precision": 1.0,
            "recall": 0.7346938775510204,
            "F1": 0.8470588235294118
        }
    }
}