{
    "0": {
        "accuracy": 0.5642857142857143,
        "precision": 0.6037650987224158,
        "recall": 0.5642857142857143,
        "F1": 0.5532287184573428
    },
    "1": {
        "accuracy": 0.5285714285714286,
        "precision": 0.5794437602627258,
        "recall": 0.5285714285714286,
        "F1": 0.5087537363484389
    },
    "2": {
        "accuracy": 0.5285714285714286,
        "precision": 0.5794437602627258,
        "recall": 0.5285714285714286,
        "F1": 0.5087537363484389
    },
    "3": {
        "accuracy": 0.5285714285714286,
        "precision": 0.5794437602627258,
        "recall": 0.5285714285714286,
        "F1": 0.5087537363484389
    },
    "4": {
        "accuracy": 0.5285714285714286,
        "precision": 0.5794437602627258,
        "recall": 0.5285714285714286,
        "F1": 0.5087537363484389
    },
    "5": {
        "accuracy": 0.5285714285714286,
        "precision": 0.5794437602627258,
        "recall": 0.5285714285714286,
        "F1": 0.5087537363484389
    }
}