{
    "Breakthrough": {
        "0": {
            "accuracy": 0.3333333333333333,
            "precision": 0.33902323376007587,
            "recall": 0.3333333333333333,
            "F1": 0.3286274509803922
        },
        "1": {
            "accuracy": 0.34946236559139787,
            "precision": 0.3524693915124735,
            "recall": 0.34946236559139787,
            "F1": 0.34935421148742063
        },
        "2": {
            "accuracy": 0.3763440860215054,
            "precision": 0.3789173789173789,
            "recall": 0.3763440860215054,
            "F1": 0.37471264367816093
        },
        "3": {
            "accuracy": 0.3602150537634409,
            "precision": 0.36132052229613204,
            "recall": 0.3602150537634409,
            "F1": 0.355106769311842
        },
        "4": {
            "accuracy": 0.3602150537634409,
            "precision": 0.36132052229613204,
            "recall": 0.3602150537634409,
            "F1": 0.355106769311842
        }
    },
    "Cups": {
        "0": {
            "accuracy": 0.2805755395683453,
            "precision": 0.27198293313401223,
            "recall": 0.2805755395683453,
            "F1": 0.2629898693034602
        },
        "1": {
            "accuracy": 0.460431654676259,
            "precision": 0.47756368341352873,
            "recall": 0.460431654676259,
            "F1": 0.4440217176907824
        },
        "2": {
            "accuracy": 0.5611510791366906,
            "precision": 0.5748440149482245,
            "recall": 0.5611510791366906,
            "F1": 0.5529309027200369
        },
        "3": {
            "accuracy": 0.5323741007194245,
            "precision": 0.5465386637625317,
            "recall": 0.5323741007194245,
            "F1": 0.5287689265557882
        },
        "4": {
            "accuracy": 0.5323741007194245,
            "precision": 0.5465386637625317,
            "recall": 0.5323741007194245,
            "F1": 0.5287689265557882
        }
    },
    "Empire Builder": {
        "0": {
            "accuracy": 0.29850746268656714,
            "precision": 0.3009848686412675,
            "recall": 0.29850746268656714,
            "F1": 0.29870701159850377
        },
        "1": {
            "accuracy": 0.5223880597014925,
            "precision": 0.5269856076759062,
            "recall": 0.5223880597014925,
            "F1": 0.5176823439273563
        },
        "2": {
            "accuracy": 0.5746268656716418,
            "precision": 0.575225414244604,
            "recall": 0.5746268656716418,
            "F1": 0.5691967739046176
        },
        "3": {
            "accuracy": 0.4925373134328358,
            "precision": 0.49263478525738646,
            "recall": 0.4925373134328358,
            "F1": 0.4893418545570023
        },
        "4": {
            "accuracy": 0.4925373134328358,
            "precision": 0.49263478525738646,
            "recall": 0.4925373134328358,
            "F1": 0.4893418545570023
        }
    },
    "Eson xorgol": {
        "0": {
            "accuracy": 0.4666666666666667,
            "precision": 0.48968332781639634,
            "recall": 0.4666666666666667,
            "F1": 0.44664371772805506
        },
        "1": {
            "accuracy": 0.3888888888888889,
            "precision": 0.4224896480331263,
            "recall": 0.3888888888888889,
            "F1": 0.3857281885373103
        },
        "2": {
            "accuracy": 0.5333333333333333,
            "precision": 0.5583895636527215,
            "recall": 0.5333333333333333,
            "F1": 0.5285034013605442
        },
        "3": {
            "accuracy": 0.4111111111111111,
            "precision": 0.4385498320268757,
            "recall": 0.4111111111111111,
            "F1": 0.4079571222428365
        },
        "4": {
            "accuracy": 0.4111111111111111,
            "precision": 0.4385498320268757,
            "recall": 0.4111111111111111,
            "F1": 0.4079571222428365
        }
    },
    "Hex": {
        "0": {
            "accuracy": 0.2717391304347826,
            "precision": 0.23201499802819678,
            "recall": 0.2717391304347826,
            "F1": 0.24091166636177003
        },
        "1": {
            "accuracy": 0.5489130434782609,
            "precision": 0.5525619489206446,
            "recall": 0.5489130434782609,
            "F1": 0.5443418337893186
        },
        "2": {
            "accuracy": 0.3858695652173913,
            "precision": 0.37798217745366464,
            "recall": 0.3858695652173913,
            "F1": 0.3777507451545166
        },
        "3": {
            "accuracy": 0.44565217391304346,
            "precision": 0.44455080698287214,
            "recall": 0.44565217391304346,
            "F1": 0.4392943619873755
        },
        "4": {
            "accuracy": 0.44565217391304346,
            "precision": 0.44455080698287214,
            "recall": 0.44565217391304346,
            "F1": 0.4392943619873755
        }
    },
    "Internet Diplomacy": {
        "0": {
            "accuracy": 0.37662337662337664,
            "precision": 0.36427298192004076,
            "recall": 0.37662337662337664,
            "F1": 0.31770394108056443
        },
        "1": {
            "accuracy": 0.6753246753246753,
            "precision": 0.6869122257053292,
            "recall": 0.6753246753246753,
            "F1": 0.6655577591538182
        },
        "2": {
            "accuracy": 0.6363636363636364,
            "precision": 0.6345831587767071,
            "recall": 0.6363636363636364,
            "F1": 0.6221101750835175
        },
        "3": {
            "accuracy": 0.5974025974025974,
            "precision": 0.5984596049112179,
            "recall": 0.5974025974025974,
            "F1": 0.5931499289959378
        },
        "4": {
            "accuracy": 0.5974025974025974,
            "precision": 0.5984596049112179,
            "recall": 0.5974025974025974,
            "F1": 0.5931499289959378
        }
    },
    "Jacob\u2019s Ladder": {
        "0": {
            "accuracy": 0.5642857142857143,
            "precision": 0.6037650987224158,
            "recall": 0.5642857142857143,
            "F1": 0.5532287184573428
        },
        "1": {
            "accuracy": 0.45,
            "precision": 0.4488939393939394,
            "recall": 0.45,
            "F1": 0.4351270524248687
        },
        "2": {
            "accuracy": 0.44285714285714284,
            "precision": 0.46525174236962263,
            "recall": 0.44285714285714284,
            "F1": 0.423388136686009
        },
        "3": {
            "accuracy": 0.5214285714285715,
            "precision": 0.5400819418676562,
            "recall": 0.5214285714285715,
            "F1": 0.5149591234723978
        },
        "4": {
            "accuracy": 0.5214285714285715,
            "precision": 0.5400819418676562,
            "recall": 0.5214285714285715,
            "F1": 0.5149591234723978
        }
    },
    "La Memoria De Nuestra Tierra (Calif. 1996)": {
        "0": {
            "accuracy": 0.373015873015873,
            "precision": 0.36871270247229326,
            "recall": 0.373015873015873,
            "F1": 0.35096108254003
        },
        "1": {
            "accuracy": 0.6984126984126984,
            "precision": 0.7159349826016492,
            "recall": 0.6984126984126984,
            "F1": 0.7007141943850804
        },
        "2": {
            "accuracy": 0.8015873015873016,
            "precision": 0.808862433862434,
            "recall": 0.8015873015873016,
            "F1": 0.8025234025234026
        },
        "3": {
            "accuracy": 0.7936507936507936,
            "precision": 0.8035307146114259,
            "recall": 0.7936507936507936,
            "F1": 0.7940779550686671
        },
        "4": {
            "accuracy": 0.7936507936507936,
            "precision": 0.8035307146114259,
            "recall": 0.7936507936507936,