{
    "Breakthrough": {
        "0": {
            "accuracy": 0.3333333333333333,
            "precision": 0.33902323376007587,
            "recall": 0.3333333333333333,
            "F1": 0.3286274509803922
        },
        "1": {
            "accuracy": 0.3225806451612903,
            "precision": 0.32844932844932845,
            "recall": 0.3225806451612903,
            "F1": 0.320260989010989
        },
        "2": {
            "accuracy": 0.34946236559139787,
            "precision": 0.35511646255703067,
            "recall": 0.34946236559139787,
            "F1": 0.34580277835158024
        }
    },
    "Cups": {
        "0": {
            "accuracy": 0.2805755395683453,
            "precision": 0.27198293313401223,
            "recall": 0.2805755395683453,
            "F1": 0.2629898693034602
        },
        "1": {
            "accuracy": 0.5755395683453237,
            "precision": 0.5790924292681027,
            "recall": 0.5755395683453237,
            "F1": 0.575258265297874
        },
        "2": {
            "accuracy": 0.6330935251798561,
            "precision": 0.637891937856844,
            "recall": 0.6330935251798561,
            "F1": 0.6336641262129443
        }
    },
    "Empire Builder": {
        "0": {
            "accuracy": 0.29850746268656714,
            "precision": 0.3009848686412675,
            "recall": 0.29850746268656714,
            "F1": 0.29870701159850377
        },
        "1": {
            "accuracy": 0.5970149253731343,
            "precision": 0.5991509358395856,
            "recall": 0.5970149253731343,
            "F1": 0.5955611552626477
        },
        "2": {
            "accuracy": 0.5223880597014925,
            "precision": 0.5308323248621756,
            "recall": 0.5223880597014925,
            "F1": 0.5189437428243399
        }
    },
    "Eson xorgol": {
        "0": {
            "accuracy": 0.4666666666666667,
            "precision": 0.48968332781639634,
            "recall": 0.4666666666666667,
            "F1": 0.44664371772805506
        },
        "1": {
            "accuracy": 0.5444444444444444,
            "precision": 0.556704260651629,
            "recall": 0.5444444444444444,
            "F1": 0.5455638193974909
        },
        "2": {
            "accuracy": 0.5444444444444444,
            "precision": 0.5535714285714286,
            "recall": 0.5444444444444444,
            "F1": 0.5438734880925551
        }
    },
    "Hex": {
        "0": {
            "accuracy": 0.2717391304347826,
            "precision": 0.23201499802819678,
            "recall": 0.2717391304347826,
            "F1": 0.24091166636177003
        },
        "1": {
            "accuracy": 0.358695652173913,
            "precision": 0.34790872008774726,
            "recall": 0.358695652173913,
            "F1": 0.3396622177632988
        },
        "2": {
            "accuracy": 0.44021739130434784,
            "precision": 0.43713320054659205,
            "recall": 0.44021739130434784,
            "F1": 0.4194014702358698
        }
    },
    "Internet Diplomacy": {
        "0": {
            "accuracy": 0.37662337662337664,
            "precision": 0.36427298192004076,
            "recall": 0.37662337662337664,
            "F1": 0.31770394108056443
        },
        "1": {
            "accuracy": 0.5064935064935064,
            "precision": 0.5121169679993209,
            "recall": 0.5064935064935064,
            "F1": 0.496527126745906
        },
        "2": {
            "accuracy": 0.6493506493506493,
            "precision": 0.6515205763326064,
            "recall": 0.6493506493506493,
            "F1": 0.6338226990400903
        }
    },
    "Jacob\u2019s Ladder": {
        "0": {
            "accuracy": 0.5642857142857143,
            "precision": 0.6037650987224158,
            "recall": 0.5642857142857143,
            "F1": 0.5532287184573428
        },
        "1": {
            "accuracy": 0.65,
            "precision": 0.6755799247665168,
            "recall": 0.65,
            "F1": 0.6506150434857487
        },
        "2": {
            "accuracy": 0.6357142857142857,
            "precision": 0.6447869674185464,
            "recall": 0.6357142857142857,
            "F1": 0.6351471031637644
        }
    },
    "La Memoria De Nuestra Tierra (Calif. 1996)": {
        "0": {
            "accuracy": 0.373015873015873,
            "precision": 0.36871270247229326,
            "recall": 0.373015873015873,
            "F1": 0.35096108254003
        },
        "1": {
            "accuracy": 0.6428571428571429,
            "precision": 0.6553376906318084,
            "recall": 0.6428571428571429,
            "F1": 0.6409796893667862
        },
        "2": {
            "accuracy": 0.7619047619047619,
            "precision": 0.763019280461141,
            "recall": 0.7619047619047619,
            "F1": 0.7619383785670456
        }
    },
    "Lamentation over the Dead Christ": {
        "0": {
            "accuracy": 0.32786885245901637,
            "precision": 0.2831021437578814,
            "recall": 0.32786885245901637,
            "F1": 0.22350420257058673
        },
        "1": {
            "accuracy": 0.8688524590163934,
            "precision": 0.8697868615901402,
            "recall": 0.8688524590163934,
            "F1": 0.8682167279966838
        },
        "2": {
            "accuracy": 0.8360655737704918,
            "precision": 0.8371680567539067,
            "recall": 0.8360655737704918,
            "F1": 0.8343178248268844
        }
    },
    "Last Supper": {
        "0": {
            "accuracy": 0.36666666666666664,
            "precision": 0.375,
            "recall": 0.36666666666666664,
            "F1": 0.3529202279202279
        },
        "1": {
            "accuracy": 0.5222222222222223,
            "precision": 0.5578250591016549,
            "recall": 0.5222222222222223,
            "F1": 0.5181818181818182
        },
        "2": {
            "accuracy": 0.6333333333333333,
            "precision": 0.6490531885268727,
            "recall": 0.6333333333333333,
            "F1": 0.6279276279276279
        }
    },
    "Leda and the Swan": {
        "0": {
            "accuracy": 0.2851063829787234,
            "precision": 0.27321126972114546,
            "recall": 0.2851063829787234,
            "F1": 0.266612239814331
        },
        "1": {
            "accuracy": 0.7319148936170212,
            "precision": 0.7329582641100457,
            "recall": 0.7319148936170212,
            "F1": 0.7314976075594934
        },
        "2": {
            "accuracy": 0.7021276595744681,
            "precision": 0.7025374667051764,
            "recall": 0.7021276595744681,
            "F1": 0.7015173452768053
        }
    },
    "Lovejoy Columns": {
        "0": {
            "accuracy": 0.3233082706766917,
            "precision": 0.2897337328283114,
            "recall": 0.3233082706766917,
            "F1": 0.2798514048732619
        },
        "1": {
            "accuracy": 0.3609022556390977,
            "precision": 0.36220100058575555,
            "recall": 0.3609022556390977,
            "F1": 0.35341917537975404
        },
        "2": {
            "accuracy": 0.3684210526315789,
            "precision": 0.36013695552937747,
            "recall": 0.3684210526315789,
            "F1": 0.3588557119710456
        }
    },
    "Madonna of the Yarnwinder": {
        "0": {
            "accuracy": 0.3660130718954248,
            "precision": 0.3727183254941005,
            "recall": 0.3660130718954248,
            "F1": 0.3614634932141275
        },
        "1": {
            "accuracy": 0.4444444444444444,
            "precision": 0.5104938271604939,
            "recall": 0.4444444444444444,
            "F1": 0.4028898347556628
        },
        "2": {
            "accuracy": 0.4444444444444444,
            "precision": 0.5466724239102756,
            "recall": 0.4444444444444444,
            "F1": 0.3857086688206233
        }
    },