{
    "0": {
        "accuracy": 0.32786885245901637,
        "precision": 0.2831021437578814,
        "recall": 0.32786885245901637,
        "F1": 0.22350420257058673
    },
    "1": {
        "accuracy": 0.4262295081967213,
        "precision": 0.39946756340198963,
        "recall": 0.4262295081967213,
        "F1": 0.3794011340082567
    },
    "2": {
        "accuracy": 0.4262295081967213,
        "precision": 0.39946756340198963,
        "recall": 0.4262295081967213,
        "F1": 0.3794011340082567
    },
    "3": {
        "accuracy": 0.4262295081967213,
        "precision": 0.39946756340198963,
        "recall": 0.4262295081967213,
        "F1": 0.3794011340082567
    },
    "4": {
        "accuracy": 0.4262295081967213,
        "precision": 0.39946756340198963,
        "recall": 0.4262295081967213,
        "F1": 0.3794011340082567
    },
    "5": {
        "accuracy": 0.4262295081967213,
        "precision": 0.39946756340198963,
        "recall": 0.4262295081967213,
        "F1": 0.3794011340082567
    }
}