{
    "0": {
        "accuracy": 0.4666666666666667,
        "precision": 0.48968332781639634,
        "recall": 0.4666666666666667,
        "F1": 0.44664371772805506
    },
    "1": {
        "accuracy": 0.3,
        "precision": 0.2980769230769231,
        "recall": 0.3,
        "F1": 0.2840022296544036
    },
    "2": {
        "accuracy": 0.3,
        "precision": 0.2980769230769231,
        "recall": 0.3,
        "F1": 0.2840022296544036
    },
    "3": {
        "accuracy": 0.3,
        "precision": 0.2980769230769231,
        "recall": 0.3,
        "F1": 0.2840022296544036
    },
    "4": {
        "accuracy": 0.3,
        "precision": 0.2980769230769231,
        "recall": 0.3,
        "F1": 0.2840022296544036
    },
    "5": {
        "accuracy": 0.3,
        "precision": 0.2980769230769231,
        "recall": 0.3,
        "F1": 0.2840022296544036
    }
}