{
    "Breakthrough": {
        "0": {
            "accuracy": 0.3333333333333333,
            "precision": 0.33902323376007587,
            "recall": 0.3333333333333333,
            "F1": 0.3286274509803922
        },
        "1": {
            "accuracy": 0.3709677419354839,
            "precision": 0.3667018626813948,
            "recall": 0.3709677419354839,
            "F1": 0.364259270141623
        },
        "2": {
            "accuracy": 0.3548387096774194,
            "precision": 0.35455625928532336,
            "recall": 0.3548387096774194,
            "F1": 0.3480010451486962
        },
        "3": {
            "accuracy": 0.45161290322580644,
            "precision": 0.4640832851359167,
            "recall": 0.45161290322580644,
            "F1": 0.447041847041847
        },
        "4": {
            "accuracy": 0.45161290322580644,
            "precision": 0.4640832851359167,
            "recall": 0.45161290322580644,
            "F1": 0.447041847041847
        }
    },
    "Cups": {
        "0": {
            "accuracy": 0.2805755395683453,
            "precision": 0.27198293313401223,
            "recall": 0.2805755395683453,
            "F1": 0.2629898693034602
        },
        "1": {
            "accuracy": 0.5755395683453237,
            "precision": 0.5786106690348815,
            "recall": 0.5755395683453237,
            "F1": 0.5724472401424815
        },
        "2": {
            "accuracy": 0.4748201438848921,
            "precision": 0.4771087281118502,
            "recall": 0.4748201438848921,
            "F1": 0.4727777336500516
        },
        "3": {
            "accuracy": 0.4892086330935252,
            "precision": 0.49252252682903513,
            "recall": 0.4892086330935252,
            "F1": 0.48812539571625874
        },
        "4": {
            "accuracy": 0.4892086330935252,
            "precision": 0.49252252682903513,
            "recall": 0.4892086330935252,
            "F1": 0.48812539571625874
        }
    },
    "Empire Builder": {
        "0": {
            "accuracy": 0.29850746268656714,
            "precision": 0.3009848686412675,
            "recall": 0.29850746268656714,
            "F1": 0.29870701159850377
        },
        "1": {
            "accuracy": 0.6417910447761194,
            "precision": 0.641734375110683,
            "recall": 0.6417910447761194,
            "F1": 0.6410646693166595
        },
        "2": {
            "accuracy": 0.5895522388059702,
            "precision": 0.5913297883054364,
            "recall": 0.5895522388059702,
            "F1": 0.585395136295842
        },
        "3": {
            "accuracy": 0.5671641791044776,
            "precision": 0.5708328984448388,
            "recall": 0.5671641791044776,
            "F1": 0.5655650319829424
        },
        "4": {
            "accuracy": 0.5671641791044776,
            "precision": 0.5708328984448388,
            "recall": 0.5671641791044776,
            "F1": 0.5655650319829424
        }
    },
    "Eson xorgol": {
        "0": {
            "accuracy": 0.4666666666666667,
            "precision": 0.48968332781639634,
            "recall": 0.4666666666666667,
            "F1": 0.44664371772805506
        },
        "1": {
            "accuracy": 0.3333333333333333,
            "precision": 0.3523943756501896,
            "recall": 0.3333333333333333,
            "F1": 0.32458307800773556
        },
        "2": {
            "accuracy": 0.3,
            "precision": 0.29430760810071155,
            "recall": 0.3,
            "F1": 0.29263954169238315
        },
        "3": {
            "accuracy": 0.3111111111111111,
            "precision": 0.3030816170861937,
            "recall": 0.3111111111111111,
            "F1": 0.2965758552224718
        },
        "4": {
            "accuracy": 0.3111111111111111,
            "precision": 0.3030816170861937,
            "recall": 0.3111111111111111,
            "F1": 0.2965758552224718
        }
    },
    "Hex": {
        "0": {
            "accuracy": 0.2717391304347826,
            "precision": 0.23201499802819678,
            "recall": 0.2717391304347826,
            "F1": 0.24091166636177003
        },
        "1": {
            "accuracy": 0.2826086956521739,
            "precision": 0.28455222313917966,
            "recall": 0.2826086956521739,
            "F1": 0.2731276324369712
        },
        "2": {
            "accuracy": 0.266304347826087,
            "precision": 0.2576290711889909,
            "recall": 0.266304347826087,
            "F1": 0.25741576482978173
        },
        "3": {
            "accuracy": 0.27717391304347827,
            "precision": 0.2598697213824542,
            "recall": 0.27717391304347827,
            "F1": 0.25800713958461746
        },
        "4": {
            "accuracy": 0.27717391304347827,
            "precision": 0.2598697213824542,
            "recall": 0.27717391304347827,
            "F1": 0.25800713958461746
        }
    },
    "Internet Diplomacy": {
        "0": {
            "accuracy": 0.37662337662337664,
            "precision": 0.36427298192004076,
            "recall": 0.37662337662337664,
            "F1": 0.31770394108056443
        },
        "1": {
            "accuracy": 0.3246753246753247,
            "precision": 0.3244379276637341,
            "recall": 0.3246753246753247,
            "F1": 0.291774490879291
        },
        "2": {
            "accuracy": 0.4935064935064935,
            "precision": 0.6279809220985691,
            "recall": 0.4935064935064935,
            "F1": 0.47620643565344023
        },
        "3": {
            "accuracy": 0.45454545454545453,
            "precision": 0.6132231404958678,
            "recall": 0.45454545454545453,
            "F1": 0.4072356215213358
        },
        "4": {
            "accuracy": 0.45454545454545453,
            "precision": 0.6132231404958678,
            "recall": 0.45454545454545453,
            "F1": 0.4072356215213358
        }
    },
    "Jacob\u2019s Ladder": {
        "0": {
            "accuracy": 0.5642857142857143,
            "precision": 0.6037650987224158,
            "recall": 0.5642857142857143,
            "F1": 0.5532287184573428
        },
        "1": {
            "accuracy": 0.8142857142857143,
            "precision": 0.8282600215227334,
            "recall": 0.8142857142857143,
            "F1": 0.8128496807644666
        },
        "2": {
            "accuracy": 0.8785714285714286,
            "precision": 0.8863059642461636,
            "recall": 0.8785714285714286,
            "F1": 0.8793629811475152
        },
        "3": {
            "accuracy": 0.9,
            "precision": 0.9076922523766379,
            "recall": 0.9,
            "F1": 0.9007128694174298
        },
        "4": {
            "accuracy": 0.9,
            "precision": 0.9076922523766379,
            "recall": 0.9,
            "F1": 0.9007128694174298
        }
    },
    "La Memoria De Nuestra Tierra (Calif. 1996)": {
        "0": {
            "accuracy": 0.373015873015873,
            "precision": 0.36871270247229326,
            "recall": 0.373015873015873,
            "F1": 0.35096108254003
        },
        "1": {
            "accuracy": 0.6587301587301587,
            "precision": 0.6684095860566449,
            "recall": 0.6587301587301587,
            "F1": 0.6553166069295102
        },
        "2": {
            "accuracy": 0.5952380952380952,
            "precision": 0.6229147331096357,
            "recall": 0.5952380952380952,
            "F1": 0.5814442208808406
        },
        "3": {
            "accuracy": 0.5952380952380952,
            "precision": 0.6308476469766792,
            "recall": 0.5952380952380952,
            "F1": 0.5855082417582418
        },
        "4": {
            "accuracy": 0.5952380952380952,
            "precision": 0.6308476469766792,
            "recall": 0.5952380952380952,
            "F1": 0.5855082417582418
        }
    },