{
    "Breakthrough": {
        "0": {
            "accuracy": 0.3333333333333333,
            "precision": 0.33902323376007587,
            "recall": 0.3333333333333333,
            "F1": 0.3286274509803922
        },
        "1": {
            "accuracy": 0.3817204301075269,
            "precision": 0.3759296822177146,
            "recall": 0.3817204301075269,
            "F1": 0.37156334983738915
        },
        "2": {
            "accuracy": 0.3387096774193548,
            "precision": 0.33331291350159276,
            "recall": 0.3387096774193548,
            "F1": 0.3335372674594297
        },
        "3": {
            "accuracy": 0.3118279569892473,
            "precision": 0.30773809523809526,
            "recall": 0.3118279569892473,
            "F1": 0.30644175789198463
        },
        "4": {
            "accuracy": 0.3118279569892473,
            "precision": 0.30773809523809526,
            "recall": 0.3118279569892473,
            "F1": 0.30644175789198463
        }
    },
    "Cups": {
        "0": {
            "accuracy": 0.2805755395683453,
            "precision": 0.27198293313401223,
            "recall": 0.2805755395683453,
            "F1": 0.2629898693034602
        },
        "1": {
            "accuracy": 0.4892086330935252,
            "precision": 0.49437766859682986,
            "recall": 0.4892086330935252,
            "F1": 0.4896293574751545
        },
        "2": {
            "accuracy": 0.45323741007194246,
            "precision": 0.4532105408110486,
            "recall": 0.45323741007194246,
            "F1": 0.4460431654676259
        },
        "3": {
            "accuracy": 0.4892086330935252,
            "precision": 0.5014523064971951,
            "recall": 0.4892086330935252,
            "F1": 0.49002614830999064
        },
        "4": {
            "accuracy": 0.4892086330935252,
            "precision": 0.5014523064971951,
            "recall": 0.4892086330935252,
            "F1": 0.49002614830999064
        }
    },
    "Empire Builder": {
        "0": {
            "accuracy": 0.29850746268656714,
            "precision": 0.3009848686412675,
            "recall": 0.29850746268656714,
            "F1": 0.29870701159850377
        },
        "1": {
            "accuracy": 0.47761194029850745,
            "precision": 0.4804438531255927,
            "recall": 0.47761194029850745,
            "F1": 0.47331285996256084
        },
        "2": {
            "accuracy": 0.5,
            "precision": 0.5174591234807395,
            "recall": 0.5,
            "F1": 0.4906252873581312
        },
        "3": {
            "accuracy": 0.5223880597014925,
            "precision": 0.5341273836098102,
            "recall": 0.5223880597014925,
            "F1": 0.5201492537313434
        },
        "4": {
            "accuracy": 0.5223880597014925,
            "precision": 0.5341273836098102,
            "recall": 0.5223880597014925,
            "F1": 0.5201492537313434
        }
    },
    "Eson xorgol": {
        "0": {
            "accuracy": 0.4666666666666667,
            "precision": 0.48968332781639634,
            "recall": 0.4666666666666667,
            "F1": 0.44664371772805506
        },
        "1": {
            "accuracy": 0.6444444444444445,
            "precision": 0.6666666666666666,
            "recall": 0.6444444444444445,
            "F1": 0.6441025641025642
        },
        "2": {
            "accuracy": 0.6222222222222222,
            "precision": 0.6471325372254164,
            "recall": 0.6222222222222222,
            "F1": 0.6150155643272041
        },
        "3": {
            "accuracy": 0.6333333333333333,
            "precision": 0.6500831188331188,
            "recall": 0.6333333333333333,
            "F1": 0.6323568747030188
        },
        "4": {
            "accuracy": 0.6333333333333333,
            "precision": 0.6500831188331188,
            "recall": 0.6333333333333333,
            "F1": 0.6323568747030188
        }
    },
    "Hex": {
        "0": {
            "accuracy": 0.2717391304347826,
            "precision": 0.23201499802819678,
            "recall": 0.2717391304347826,
            "F1": 0.24091166636177003
        },
        "1": {
            "accuracy": 0.32608695652173914,
            "precision": 0.3191481294236603,
            "recall": 0.32608695652173914,
            "F1": 0.31808493099062607
        },
        "2": {
            "accuracy": 0.41847826086956524,
            "precision": 0.4167566201186019,
            "recall": 0.41847826086956524,
            "F1": 0.40671538885824604
        },
        "3": {
            "accuracy": 0.4076086956521739,
            "precision": 0.4090878810125894,
            "recall": 0.4076086956521739,
            "F1": 0.40181159420289847
        },
        "4": {
            "accuracy": 0.4076086956521739,
            "precision": 0.4090878810125894,
            "recall": 0.4076086956521739,
            "F1": 0.40181159420289847
        }
    },
    "Internet Diplomacy": {
        "0": {
            "accuracy": 0.37662337662337664,
            "precision": 0.36427298192004076,
            "recall": 0.37662337662337664,
            "F1": 0.31770394108056443
        },
        "1": {
            "accuracy": 0.6623376623376623,
            "precision": 0.6806423306423306,
            "recall": 0.6623376623376623,
            "F1": 0.6578114776872541
        },
        "2": {
            "accuracy": 0.7662337662337663,
            "precision": 0.7654856013551665,
            "recall": 0.7662337662337663,
            "F1": 0.7634508348794063
        },
        "3": {
            "accuracy": 0.6623376623376623,
            "precision": 0.669791883695627,
            "recall": 0.6623376623376623,
            "F1": 0.6585797181541861
        },
        "4": {
            "accuracy": 0.6623376623376623,
            "precision": 0.669791883695627,
            "recall": 0.6623376623376623,
            "F1": 0.6585797181541861
        }
    },
    "Jacob\u2019s Ladder": {
        "0": {
            "accuracy": 0.5642857142857143,
            "precision": 0.6037650987224158,
            "recall": 0.5642857142857143,
            "F1": 0.5532287184573428
        },
        "1": {
            "accuracy": 0.6714285714285714,
            "precision": 0.7004218995290424,
            "recall": 0.6714285714285714,
            "F1": 0.6745621895591924
        },
        "2": {
            "accuracy": 0.6785714285714286,
            "precision": 0.7079110617735407,
            "recall": 0.6785714285714286,
            "F1": 0.6801609105180534
        },
        "3": {
            "accuracy": 0.6,
            "precision": 0.6075170068027211,
            "recall": 0.6,
            "F1": 0.5981570657874006
        },
        "4": {
            "accuracy": 0.6,
            "precision": 0.6075170068027211,
            "recall": 0.6,
            "F1": 0.5981570657874006
        }
    },
    "La Memoria De Nuestra Tierra (Calif. 1996)": {
        "0": {
            "accuracy": 0.373015873015873,
            "precision": 0.36871270247229326,
            "recall": 0.373015873015873,
            "F1": 0.35096108254003
        },
        "1": {
            "accuracy": 0.5952380952380952,
            "precision": 0.6209680065627563,
            "recall": 0.5952380952380952,
            "F1": 0.5873261749691955
        },
        "2": {
            "accuracy": 0.6507936507936508,
            "precision": 0.6798153953326368,
            "recall": 0.6507936507936508,
            "F1": 0.6424853182992718
        },
        "3": {
            "accuracy": 0.6349206349206349,
            "precision": 0.6669554400462038,
            "recall": 0.6349206349206349,
            "F1": 0.6262413584907444
        },
        "4": {
            "accuracy": 0.6349206349206349,
            "precision": 0.6669554400462038,
            "recall": 0.6349206349206349,
            "F1": 0.6262413584907444
        }
    },