{
    "Breakthrough": {
        "0": {
            "accuracy": 0.3333333333333333,
            "precision": 0.33902323376007587,
            "recall": 0.3333333333333333,
            "F1": 0.3286274509803922
        },
        "1": {
            "accuracy": 0.3333333333333333,
            "precision": 0.33272283272283265,
            "recall": 0.3333333333333333,
            "F1": 0.33037112555399795
        },
        "2": {
            "accuracy": 0.34408602150537637,
            "precision": 0.348127048162484,
            "recall": 0.34408602150537637,
            "F1": 0.3415472360078306
        },
        "3": {
            "accuracy": 0.41935483870967744,
            "precision": 0.4275,
            "recall": 0.41935483870967744,
            "F1": 0.4193423251372642
        },
        "4": {
            "accuracy": 0.41935483870967744,
            "precision": 0.4275,
            "recall": 0.41935483870967744,
            "F1": 0.4193423251372642
        }
    },
    "Cups": {
        "0": {
            "accuracy": 0.2805755395683453,
            "precision": 0.27198293313401223,
            "recall": 0.2805755395683453,
            "F1": 0.2629898693034602
        },
        "1": {
            "accuracy": 0.5611510791366906,
            "precision": 0.5619945903742123,
            "recall": 0.5611510791366906,
            "F1": 0.5610320254434751
        },
        "2": {
            "accuracy": 0.5971223021582733,
            "precision": 0.6036715144737173,
            "recall": 0.5971223021582733,
            "F1": 0.5938257688779852
        },
        "3": {
            "accuracy": 0.5539568345323741,
            "precision": 0.556684212146397,
            "recall": 0.5539568345323741,
            "F1": 0.5535242091348146
        },
        "4": {
            "accuracy": 0.5539568345323741,
            "precision": 0.556684212146397,
            "recall": 0.5539568345323741,
            "F1": 0.5535242091348146
        }
    },
    "Empire Builder": {
        "0": {
            "accuracy": 0.29850746268656714,
            "precision": 0.3009848686412675,
            "recall": 0.29850746268656714,
            "F1": 0.29870701159850377
        },
        "1": {
            "accuracy": 0.48507462686567165,
            "precision": 0.488595716763389,
            "recall": 0.48507462686567165,
            "F1": 0.4832089552238806
        },
        "2": {
            "accuracy": 0.5298507462686567,
            "precision": 0.5353180620959375,
            "recall": 0.5298507462686567,
            "F1": 0.5271629271807899
        },
        "3": {
            "accuracy": 0.5223880597014925,
            "precision": 0.5345455230157037,
            "recall": 0.5223880597014925,
            "F1": 0.5219580109030769
        },
        "4": {
            "accuracy": 0.5223880597014925,
            "precision": 0.5345455230157037,
            "recall": 0.5223880597014925,
            "F1": 0.5219580109030769
        }
    },
    "Eson xorgol": {
        "0": {
            "accuracy": 0.4666666666666667,
            "precision": 0.48968332781639634,
            "recall": 0.4666666666666667,
            "F1": 0.44664371772805506
        },
        "1": {
            "accuracy": 0.7,
            "precision": 0.7049382716049383,
            "recall": 0.7,
            "F1": 0.7012252854358118
        },
        "2": {
            "accuracy": 0.6777777777777778,
            "precision": 0.6994498121309716,
            "recall": 0.6777777777777778,
            "F1": 0.6793808420422124
        },
        "3": {
            "accuracy": 0.5555555555555556,
            "precision": 0.5727969348659003,
            "recall": 0.5555555555555556,
            "F1": 0.5542736868758802
        },
        "4": {
            "accuracy": 0.5555555555555556,
            "precision": 0.5727969348659003,
            "recall": 0.5555555555555556,
            "F1": 0.5542736868758802
        }
    },
    "Hex": {
        "0": {
            "accuracy": 0.2717391304347826,
            "precision": 0.23201499802819678,
            "recall": 0.2717391304347826,
            "F1": 0.24091166636177003
        },
        "1": {
            "accuracy": 0.30434782608695654,
            "precision": 0.29616977225672875,
            "recall": 0.30434782608695654,
            "F1": 0.29438988893204115
        },
        "2": {
            "accuracy": 0.375,
            "precision": 0.3760909475423542,
            "recall": 0.375,
            "F1": 0.3703883495145632
        },
        "3": {
            "accuracy": 0.2717391304347826,
            "precision": 0.2699430678802061,
            "recall": 0.2717391304347826,
            "F1": 0.2652272587524386
        },
        "4": {
            "accuracy": 0.2717391304347826,
            "precision": 0.2699430678802061,
            "recall": 0.2717391304347826,
            "F1": 0.2652272587524386
        }
    },
    "Internet Diplomacy": {
        "0": {
            "accuracy": 0.37662337662337664,
            "precision": 0.36427298192004076,
            "recall": 0.37662337662337664,
            "F1": 0.31770394108056443
        },
        "1": {
            "accuracy": 0.6233766233766234,
            "precision": 0.6406926406926406,
            "recall": 0.6233766233766234,
            "F1": 0.6265512911873494
        },
        "2": {
            "accuracy": 0.5064935064935064,
            "precision": 0.5591051122493365,
            "recall": 0.5064935064935064,
            "F1": 0.4977100194491499
        },
        "3": {
            "accuracy": 0.4675324675324675,
            "precision": 0.4720107478728168,
            "recall": 0.4675324675324675,
            "F1": 0.4661940314114227
        },
        "4": {
            "accuracy": 0.4675324675324675,
            "precision": 0.4720107478728168,
            "recall": 0.4675324675324675,
            "F1": 0.4661940314114227
        }
    },
    "Jacob\u2019s Ladder": {
        "0": {
            "accuracy": 0.5642857142857143,
            "precision": 0.6037650987224158,
            "recall": 0.5642857142857143,
            "F1": 0.5532287184573428
        },
        "1": {
            "accuracy": 0.8785714285714286,
            "precision": 0.8792689539583949,
            "recall": 0.8785714285714286,
            "F1": 0.8784579260212242
        },
        "2": {
            "accuracy": 0.8928571428571429,
            "precision": 0.894710763093116,
            "recall": 0.8928571428571429,
            "F1": 0.892522659513759
        },
        "3": {
            "accuracy": 0.9,
            "precision": 0.9016145472538347,
            "recall": 0.9,
            "F1": 0.8998965377083101
        },
        "4": {
            "accuracy": 0.9,
            "precision": 0.9016145472538347,
            "recall": 0.9,
            "F1": 0.8998965377083101
        }
    },
    "La Memoria De Nuestra Tierra (Calif. 1996)": {
        "0": {
            "accuracy": 0.373015873015873,
            "precision": 0.36871270247229326,
            "recall": 0.373015873015873,
            "F1": 0.35096108254003
        },
        "1": {
            "accuracy": 0.5555555555555556,
            "precision": 0.5570972575076543,
            "recall": 0.5555555555555556,
            "F1": 0.5531158212272763
        },
        "2": {
            "accuracy": 0.6190476190476191,
            "precision": 0.6250657108721624,
            "recall": 0.6190476190476191,
            "F1": 0.6156522195523243
        },
        "3": {
            "accuracy": 0.6190476190476191,
            "precision": 0.6295560253699789,
            "recall": 0.6190476190476191,
            "F1": 0.6195566922421142
        },
        "4": {
            "accuracy": 0.6190476190476191,
            "precision": 0.6295560253699789,
            "recall": 0.6190476190476191,
            "F1": 0.6195566922421142
        }
    },
    "Lamentation over the Dead Christ": {
        "0": {
            "accuracy": 0.32786885245901637,