{
    "Unlock!": {
        "0": {
            "accuracy": 0.24489795918367346,
            "precision": 1.0,
            "recall": 0.24489795918367346,
            "F1": 0.39344262295081966
        },
        "1": {
            "accuracy": 0.2653061224489796,
            "precision": 1.0,
            "recall": 0.2653061224489796,
            "F1": 0.4193548387096775
        },
        "2": {
            "accuracy": 0.4489795918367347,
            "precision": 1.0,
            "recall": 0.4489795918367347,
            "F1": 0.6197183098591549
        },
        "3": {
            "accuracy": 0.3877551020408163,
            "precision": 1.0,
            "recall": 0.3877551020408163,
            "F1": 0.5588235294117647
        },
        "4": {
            "accuracy": 0.12244897959183673,
            "precision": 1.0,
            "recall": 0.12244897959183673,
            "F1": 0.21818181818181814
        },
        "5": {
            "accuracy": 0.16326530612244897,
            "precision": 1.0,
            "recall": 0.16326530612244897,
            "F1": 0.2807017543859649
        },
        "6": {
            "accuracy": 0.24489795918367346,
            "precision": 1.0,
            "recall": 0.24489795918367346,
            "F1": 0.39344262295081966
        },
        "7": {
            "accuracy": 0.2653061224489796,
            "precision": 1.0,
            "recall": 0.2653061224489796,
            "F1": 0.4193548387096775
        },
        "8": {
            "accuracy": 0.22448979591836735,
            "precision": 1.0,
            "recall": 0.22448979591836735,
            "F1": 0.36666666666666664
        },
        "9": {
            "accuracy": 0.2653061224489796,
            "precision": 1.0,
            "recall": 0.2653061224489796,
            "F1": 0.4193548387096775
        },
        "10": {
            "accuracy": 0.2653061224489796,
            "precision": 1.0,
            "recall": 0.2653061224489796,
            "F1": 0.4193548387096775
        }
    }
}