{
    "Breakthrough": {
        "0": {
            "accuracy": 0.3333333333333333,
            "precision": 0.33902323376007587,
            "recall": 0.3333333333333333,
            "F1": 0.3286274509803922
        },
        "1": {
            "accuracy": 0.44623655913978494,
            "precision": 0.4536366683425507,
            "recall": 0.44623655913978494,
            "F1": 0.43710607602621104
        },
        "2": {
            "accuracy": 0.3870967741935484,
            "precision": 0.38992765669814944,
            "recall": 0.3870967741935484,
            "F1": 0.38290721748760176
        },
        "3": {
            "accuracy": 0.41397849462365593,
            "precision": 0.4263063063063064,
            "recall": 0.41397849462365593,
            "F1": 0.409461727624029
        },
        "4": {
            "accuracy": 0.41397849462365593,
            "precision": 0.4263063063063064,
            "recall": 0.41397849462365593,
            "F1": 0.409461727624029
        }
    },
    "Cups": {
        "0": {
            "accuracy": 0.2805755395683453,
            "precision": 0.27198293313401223,
            "recall": 0.2805755395683453,
            "F1": 0.2629898693034602
        },
        "1": {
            "accuracy": 0.45323741007194246,
            "precision": 0.45484880207289274,
            "recall": 0.45323741007194246,
            "F1": 0.45221577839769006
        },
        "2": {
            "accuracy": 0.5323741007194245,
            "precision": 0.5408817090471767,
            "recall": 0.5323741007194245,
            "F1": 0.5335257612372492
        },
        "3": {
            "accuracy": 0.49640287769784175,
            "precision": 0.5016280230947207,
            "recall": 0.49640287769784175,
            "F1": 0.4914946314925763
        },
        "4": {
            "accuracy": 0.49640287769784175,
            "precision": 0.5016280230947207,
            "recall": 0.49640287769784175,
            "F1": 0.4914946314925763
        }
    },
    "Empire Builder": {
        "0": {
            "accuracy": 0.29850746268656714,
            "precision": 0.3009848686412675,
            "recall": 0.29850746268656714,
            "F1": 0.29870701159850377
        },
        "1": {
            "accuracy": 0.27611940298507465,
            "precision": 0.27007818052594174,
            "recall": 0.27611940298507465,
            "F1": 0.27068777686515616
        },
        "2": {
            "accuracy": 0.40298507462686567,
            "precision": 0.3912815729047073,
            "recall": 0.40298507462686567,
            "F1": 0.3931325162742107
        },
        "3": {
            "accuracy": 0.4552238805970149,
            "precision": 0.44677653399668327,
            "recall": 0.4552238805970149,
            "F1": 0.4460488270241348
        },
        "4": {
            "accuracy": 0.4552238805970149,
            "precision": 0.44677653399668327,
            "recall": 0.4552238805970149,
            "F1": 0.4460488270241348
        }
    },
    "Eson xorgol": {
        "0": {
            "accuracy": 0.4666666666666667,
            "precision": 0.48968332781639634,
            "recall": 0.4666666666666667,
            "F1": 0.44664371772805506
        },
        "1": {
            "accuracy": 0.6222222222222222,
            "precision": 0.6208994708994708,
            "recall": 0.6222222222222222,
            "F1": 0.6194704267299549
        },
        "2": {
            "accuracy": 0.7888888888888889,
            "precision": 0.7877828054298643,
            "recall": 0.7888888888888889,
            "F1": 0.7860119047619047
        },
        "3": {
            "accuracy": 0.7333333333333333,
            "precision": 0.735016835016835,
            "recall": 0.7333333333333333,
            "F1": 0.7329156223893066
        },
        "4": {
            "accuracy": 0.7333333333333333,
            "precision": 0.735016835016835,
            "recall": 0.7333333333333333,
            "F1": 0.7329156223893066
        }
    },
    "Hex": {
        "0": {
            "accuracy": 0.2717391304347826,
            "precision": 0.23201499802819678,
            "recall": 0.2717391304347826,
            "F1": 0.24091166636177003
        },
        "1": {
            "accuracy": 0.27717391304347827,
            "precision": 0.2671661131239935,
            "recall": 0.27717391304347827,
            "F1": 0.25743774703557315
        },
        "2": {
            "accuracy": 0.2826086956521739,
            "precision": 0.2864684049653796,
            "recall": 0.2826086956521739,
            "F1": 0.2760269478804948
        },
        "3": {
            "accuracy": 0.23369565217391305,
            "precision": 0.2352367900641558,
            "recall": 0.23369565217391305,
            "F1": 0.2302388396102952
        },
        "4": {
            "accuracy": 0.23369565217391305,
            "precision": 0.2352367900641558,
            "recall": 0.23369565217391305,
            "F1": 0.2302388396102952
        }
    },
    "Internet Diplomacy": {
        "0": {
            "accuracy": 0.37662337662337664,
            "precision": 0.36427298192004076,
            "recall": 0.37662337662337664,
            "F1": 0.31770394108056443
        },
        "1": {
            "accuracy": 0.7662337662337663,
            "precision": 0.7838741118856279,
            "recall": 0.7662337662337663,
            "F1": 0.7607802687362051
        },
        "2": {
            "accuracy": 0.7532467532467533,
            "precision": 0.7822015169704245,
            "recall": 0.7532467532467533,
            "F1": 0.7520304166570996
        },
        "3": {
            "accuracy": 0.7142857142857143,
            "precision": 0.7169879809631361,
            "recall": 0.7142857142857143,
            "F1": 0.7148869648869649
        },
        "4": {
            "accuracy": 0.7142857142857143,
            "precision": 0.7169879809631361,
            "recall": 0.7142857142857143,
            "F1": 0.7148869648869649
        }
    },
    "Jacob\u2019s Ladder": {
        "0": {
            "accuracy": 0.5642857142857143,
            "precision": 0.6037650987224158,
            "recall": 0.5642857142857143,
            "F1": 0.5532287184573428
        },
        "1": {
            "accuracy": 0.6285714285714286,
            "precision": 0.6392473604826545,
            "recall": 0.6285714285714286,
            "F1": 0.6311264855978354
        },
        "2": {
            "accuracy": 0.6285714285714286,
            "precision": 0.6427955665024631,
            "recall": 0.6285714285714286,
            "F1": 0.6294369313990656
        },
        "3": {
            "accuracy": 0.65,
            "precision": 0.6578347091504986,
            "recall": 0.65,
            "F1": 0.649856177414317
        },
        "4": {
            "accuracy": 0.65,
            "precision": 0.6578347091504986,
            "recall": 0.65,
            "F1": 0.649856177414317
        }
    },
    "La Memoria De Nuestra Tierra (Calif. 1996)": {
        "0": {
            "accuracy": 0.373015873015873,
            "precision": 0.36871270247229326,
            "recall": 0.373015873015873,
            "F1": 0.35096108254003
        },
        "1": {
            "accuracy": 0.7698412698412699,
            "precision": 0.7774942124787326,
            "recall": 0.7698412698412699,
            "F1": 0.769562406424391
        },
        "2": {
            "accuracy": 0.7857142857142857,
            "precision": 0.7890350877192982,
            "recall": 0.7857142857142857,
            "F1": 0.7853658536585367
        },
        "3": {
            "accuracy": 0.8015873015873016,
            "precision": 0.8155601421855291,
            "recall": 0.8015873015873016,
            "F1": 0.8006578947368421
        },
        "4": {
            "accuracy": 0.8015873015873016,
            "precision": 0.8155601421855291,
            "recall": 0.8015873015873016,
            "F1": 0.8006578947368421
        }
    },