{
    "Breakthrough": {
        "0": {
            "accuracy": 0.3333333333333333,
            "precision": 0.33902323376007587,
            "recall": 0.3333333333333333,
            "F1": 0.3286274509803922
        },
        "1": {
            "accuracy": 0.3118279569892473,
            "precision": 0.3113377753437994,
            "recall": 0.3118279569892473,
            "F1": 0.3069403138368656
        },
        "2": {
            "accuracy": 0.478494623655914,
            "precision": 0.49860125976862135,
            "recall": 0.478494623655914,
            "F1": 0.4818588044090949
        },
        "3": {
            "accuracy": 0.3978494623655914,
            "precision": 0.4035324598415871,
            "recall": 0.3978494623655914,
            "F1": 0.39691976081212627
        },
        "4": {
            "accuracy": 0.3978494623655914,
            "precision": 0.4035324598415871,
            "recall": 0.3978494623655914,
            "F1": 0.39691976081212627
        }
    },
    "Cups": {
        "0": {
            "accuracy": 0.2805755395683453,
            "precision": 0.27198293313401223,
            "recall": 0.2805755395683453,
            "F1": 0.2629898693034602
        },
        "1": {
            "accuracy": 0.5755395683453237,
            "precision": 0.5766209673770417,
            "recall": 0.5755395683453237,
            "F1": 0.5724530619406913
        },
        "2": {
            "accuracy": 0.6330935251798561,
            "precision": 0.6391238360662821,
            "recall": 0.6330935251798561,
            "F1": 0.6324829289134295
        },
        "3": {
            "accuracy": 0.6690647482014388,
            "precision": 0.6696349439493271,
            "recall": 0.6690647482014388,
            "F1": 0.6666196776003668
        },
        "4": {
            "accuracy": 0.6690647482014388,
            "precision": 0.6696349439493271,
            "recall": 0.6690647482014388,
            "F1": 0.6666196776003668
        }
    },
    "Empire Builder": {
        "0": {
            "accuracy": 0.29850746268656714,
            "precision": 0.3009848686412675,
            "recall": 0.29850746268656714,
            "F1": 0.29870701159850377
        },
        "1": {
            "accuracy": 0.47761194029850745,
            "precision": 0.4792017356824898,
            "recall": 0.47761194029850745,
            "F1": 0.47322452265813303
        },
        "2": {
            "accuracy": 0.39552238805970147,
            "precision": 0.40902306648575304,
            "recall": 0.39552238805970147,
            "F1": 0.3938169997032986
        },
        "3": {
            "accuracy": 0.43283582089552236,
            "precision": 0.4509837177747626,
            "recall": 0.43283582089552236,
            "F1": 0.4247656309584069
        },
        "4": {
            "accuracy": 0.43283582089552236,
            "precision": 0.4509837177747626,
            "recall": 0.43283582089552236,
            "F1": 0.4247656309584069
        }
    },
    "Eson xorgol": {
        "0": {
            "accuracy": 0.4666666666666667,
            "precision": 0.48968332781639634,
            "recall": 0.4666666666666667,
            "F1": 0.44664371772805506
        },
        "1": {
            "accuracy": 0.6777777777777778,
            "precision": 0.6909961685823754,
            "recall": 0.6777777777777778,
            "F1": 0.6805341551104263
        },
        "2": {
            "accuracy": 0.6111111111111112,
            "precision": 0.636002886002886,
            "recall": 0.6111111111111112,
            "F1": 0.6142376142376142
        },
        "3": {
            "accuracy": 0.7,
            "precision": 0.7159306742640076,
            "recall": 0.7,
            "F1": 0.7003700878605531
        },
        "4": {
            "accuracy": 0.7,
            "precision": 0.7159306742640076,
            "recall": 0.7,
            "F1": 0.7003700878605531
        }
    },
    "Hex": {
        "0": {
            "accuracy": 0.2717391304347826,
            "precision": 0.23201499802819678,
            "recall": 0.2717391304347826,
            "F1": 0.24091166636177003
        },
        "1": {
            "accuracy": 0.30978260869565216,
            "precision": 0.30558676148468206,
            "recall": 0.30978260869565216,
            "F1": 0.30513544852799984
        },
        "2": {
            "accuracy": 0.34782608695652173,
            "precision": 0.3360219612900429,
            "recall": 0.34782608695652173,
            "F1": 0.334947423868385
        },
        "3": {
            "accuracy": 0.29891304347826086,
            "precision": 0.2793807610456146,
            "recall": 0.29891304347826086,
            "F1": 0.28094576857162673
        },
        "4": {
            "accuracy": 0.29891304347826086,
            "precision": 0.2793807610456146,
            "recall": 0.29891304347826086,
            "F1": 0.28094576857162673
        }
    },
    "Internet Diplomacy": {
        "0": {
            "accuracy": 0.37662337662337664,
            "precision": 0.36427298192004076,
            "recall": 0.37662337662337664,
            "F1": 0.31770394108056443
        },
        "1": {
            "accuracy": 0.7272727272727273,
            "precision": 0.7352312711918624,
            "recall": 0.7272727272727273,
            "F1": 0.725516029863856
        },
        "2": {
            "accuracy": 0.6753246753246753,
            "precision": 0.7100103237776049,
            "recall": 0.6753246753246753,
            "F1": 0.6674269080673021
        },
        "3": {
            "accuracy": 0.6623376623376623,
            "precision": 0.6691244239631337,
            "recall": 0.6623376623376623,
            "F1": 0.6596152294910059
        },
        "4": {
            "accuracy": 0.6623376623376623,
            "precision": 0.6691244239631337,
            "recall": 0.6623376623376623,
            "F1": 0.6596152294910059
        }
    },
    "Jacob\u2019s Ladder": {
        "0": {
            "accuracy": 0.5642857142857143,
            "precision": 0.6037650987224158,
            "recall": 0.5642857142857143,
            "F1": 0.5532287184573428
        },
        "1": {
            "accuracy": 0.8142857142857143,
            "precision": 0.8149789439585358,
            "recall": 0.8142857142857143,
            "F1": 0.8143827639751553
        },
        "2": {
            "accuracy": 0.7571428571428571,
            "precision": 0.7621133733310848,
            "recall": 0.7571428571428571,
            "F1": 0.7571207466368757
        },
        "3": {
            "accuracy": 0.7785714285714286,
            "precision": 0.7818370782656497,
            "recall": 0.7785714285714286,
            "F1": 0.7774338983648775
        },
        "4": {
            "accuracy": 0.7785714285714286,
            "precision": 0.7818370782656497,
            "recall": 0.7785714285714286,
            "F1": 0.7774338983648775
        }
    },
    "La Memoria De Nuestra Tierra (Calif. 1996)": {
        "0": {
            "accuracy": 0.373015873015873,
            "precision": 0.36871270247229326,
            "recall": 0.373015873015873,
            "F1": 0.35096108254003
        },
        "1": {
            "accuracy": 0.7380952380952381,
            "precision": 0.7540527223454052,
            "recall": 0.7380952380952381,
            "F1": 0.7347729980632726
        },
        "2": {
            "accuracy": 0.7936507936507936,
            "precision": 0.7995518207282912,
            "recall": 0.7936507936507936,
            "F1": 0.7916530456576224
        },
        "3": {
            "accuracy": 0.8174603174603174,
            "precision": 0.818201754385965,
            "recall": 0.8174603174603174,
            "F1": 0.8157181571815718
        },
        "4": {
            "accuracy": 0.8174603174603174,
            "precision": 0.818201754385965,
            "recall": 0.8174603174603174,
            "F1": 0.8157181571815718
        }
    },